ID_Caso,Repositorio,CWE,Origem,Modelo_LLM,Tipo_Prompt,Gabarito,Status_Semgrep,Classificacao_Semgrep,Veredito_LLM,Classificacao_LLM,Tempo_Execucao_s,Justificativa,Num_Locations,Ficha_CWE,Versao_Prompt,Hash_Catalogo,Tokens_Entrada,Tokens_Saida,Custo_USD
18ce5c27:CWE-1004:false_positive,argoproj/argo-cd,CWE-1004,FP,ollama:qwen2.5-coder:7b,especialista,seguro,DETECTADO,Semgrep FP (ruído sobre código seguro),FP,Verdadeiro Negativo (Acerto),5.32,"O cookie em questão é um token de autenticação que precisa ser lido pelo front-end para permitir a continuidade da sessão após o logout. Como este token não contém informações sensíveis que possam ser roubadas por meio de XSS, a ausência do atributo HttpOnly é intencional e correta.",1,especifica,especialista:d1145f8b,a81b6f5ca3a4f70c2cdbca1436fd138ccc84976ee981aa1726e3dff9ae4e4311,1500,87,0.00000000
18ce5c27:CWE-115:false_positive,argoproj/argo-cd,CWE-115,FP,ollama:qwen2.5-coder:7b,especialista,seguro,DETECTADO,Semgrep FP (ruído sobre código seguro),FP,Verdadeiro Negativo (Acerto),5.44,"O código não apresenta uma vulnerabilidade devido à interpretação incorreta de entrada. A função `Director` do `httputil.ReverseProxy` está sendo usada corretamente para reescrever a solicitação HTTP, removendo cabeçalhos específicos e adicionando novos cabeçalhos conforme necessário. Não há evidências de que esta abordagem esteja causando uma interpretação incorreta de entrada.",2,especifica,especialista:d1145f8b,a81b6f5ca3a4f70c2cdbca1436fd138ccc84976ee981aa1726e3dff9ae4e4311,981,111,0.00000000
18ce5c27:CWE-115:false_positive#1,argoproj/argo-cd,CWE-115,FP,ollama:qwen2.5-coder:7b,especialista,seguro,DETECTADO,Semgrep FP (ruído sobre código seguro),FP,Verdadeiro Negativo (Acerto),4.60,"O alerta é um FALSO POSITIVO porque a chamada para `proxy.Director` não está sendo usada de forma que possa levar à interpretação incorreta de entrada. A função `decorateDirector` é aplicada ao diretório, mas não há evidências de que isso cause uma reinterpretação inadequada da entrada.",2,especifica,especialista:d1145f8b,a81b6f5ca3a4f70c2cdbca1436fd138ccc84976ee981aa1726e3dff9ae4e4311,1152,92,0.00000000
18ce5c27:CWE-300:false_positive,argoproj/argo-cd,CWE-300,FP,ollama:qwen2.5-coder:7b,especialista,seguro,DETECTADO,Semgrep FP (ruído sobre código seguro),FP,Verdadeiro Negativo (Acerto),5.50,"A entrada para o gRPC server não é controlada pelo usuário externo. O servidor gRPC é configurado dentro do próprio código, sem receber dados de entrada externa que possam ser manipulados por um agente externo. Além disso, a função 'CreateGRPC' não possui qualquer chamada que possa levar à criação de uma conexão insegura. Portanto, este alerta é considerado um FALSO POSITIVO.",2,fallback,especialista:d1145f8b,a81b6f5ca3a4f70c2cdbca1436fd138ccc84976ee981aa1726e3dff9ae4e4311,944,115,0.00000000
18ce5c27:CWE-300:false_positive#1,argoproj/argo-cd,CWE-300,FP,ollama:qwen2.5-coder:7b,especialista,seguro,DETECTADO,Semgrep FP (ruído sobre código seguro),FP,Verdadeiro Negativo (Acerto),5.25,A entrada para o gRPC server não é controlada pelo usuário externo. Ela é determinada pela função `net.Listen(,2,fallback,especialista:d1145f8b,a81b6f5ca3a4f70c2cdbca1436fd138ccc84976ee981aa1726e3dff9ae4e4311,945,126,0.00000000
18ce5c27:CWE-319:false_positive,argoproj/argo-cd,CWE-319,FP,ollama:qwen2.5-coder:7b,especialista,seguro,DETECTADO,Semgrep FP (ruído sobre código seguro),FP,Verdadeiro Negativo (Acerto),6.33,"O código configura um cliente HTTP que desabilita a verificação de certificados TLS (`InsecureSkipVerify: true`). No entanto, isso é feito apenas quando o parâmetro `insecure` é verdadeiro. Isso sugere que esta configuração é usada para fins de depuração ou em ambientes controlados onde a segurança não é uma prioridade crítica. O uso desta configuração em um contexto específico (por exemplo, em um ambiente de desenvolvimento ou teste) e com o reconhecimento explícito do risco associado pode ser considerado aceitável, desde que seja monitorado e revisado regularmente.",27,especifica,especialista:d1145f8b,a81b6f5ca3a4f70c2cdbca1436fd138ccc84976ee981aa1726e3dff9ae4e4311,1015,155,0.00000000
18ce5c27:CWE-319:false_positive#1,argoproj/argo-cd,CWE-319,FP,ollama:qwen2.5-coder:7b,especialista,seguro,DETECTADO,Semgrep FP (ruído sobre código seguro),FP,Verdadeiro Negativo (Acerto),5.29,"O código configura um cliente HTTP com a opção `InsecureSkipVerify` definida como `true`, o que desativa a verificação de certificados TLS/SSL. No entanto, isso é feito apenas quando o parâmetro `insecure` é verdadeiro, indicando que este comportamento deve ser usado apenas para fins de depuração e não em produção. A função também permite que um URL seguro (`https://`) seja passado como argumento, garantindo que a transmissão dos dados seja segura quando necessário.",27,especifica,especialista:d1145f8b,a81b6f5ca3a4f70c2cdbca1436fd138ccc84976ee981aa1726e3dff9ae4e4311,1027,130,0.00000000
18ce5c27:CWE-319:false_positive#2,argoproj/argo-cd,CWE-319,FP,ollama:qwen2.5-coder:7b,especialista,seguro,DETECTADO,Semgrep FP (ruído sobre código seguro),FP,Verdadeiro Negativo (Acerto),4.09,"O código não envia dados sensíveis em texto claro. A função `http.ListenAndServe` é usada para iniciar um servidor HTTP, mas não há evidências de que os dados transmitidos pelo servidor sejam sensíveis ou que a comunicação esteja ocorrendo em texto claro.",27,especifica,especialista:d1145f8b,a81b6f5ca3a4f70c2cdbca1436fd138ccc84976ee981aa1726e3dff9ae4e4311,909,76,0.00000000
18ce5c27:CWE-319:false_positive#3,argoproj/argo-cd,CWE-319,FP,ollama:qwen2.5-coder:7b,especialista,seguro,DETECTADO,Semgrep FP (ruído sobre código seguro),FP,Verdadeiro Negativo (Acerto),4.27,"O código não envia dados sensíveis em uma chamada HTTP. Ele apenas escuta por conexões TCP na porta especificada, sem realizar qualquer transmissão de dados via rede.",27,especifica,especialista:d1145f8b,a81b6f5ca3a4f70c2cdbca1436fd138ccc84976ee981aa1726e3dff9ae4e4311,1745,54,0.00000000
18ce5c27:CWE-319:false_positive#4,argoproj/argo-cd,CWE-319,FP,ollama:qwen2.5-coder:7b,especialista,seguro,DETECTADO,Semgrep FP (ruído sobre código seguro),FP,Verdadeiro Negativo (Acerto),5.36,O alerta é um FALSO POSITIVO porque a chamada `http.ListenAndServe` não está sendo usada para transmitir dados sensíveis. A função `NewCommand` configura um servidor HTTP que serve métricas e não envia dados sensíveis em texto claro.,27,especifica,especialista:d1145f8b,a81b6f5ca3a4f70c2cdbca1436fd138ccc84976ee981aa1726e3dff9ae4e4311,2446,76,0.00000000
18ce5c27:CWE-319:false_positive#5,argoproj/argo-cd,CWE-319,FP,ollama:qwen2.5-coder:7b,especialista,seguro,DETECTADO,Semgrep FP (ruído sobre código seguro),FP,Verdadeiro Negativo (Acerto),7.07,"O código não está configurado para iniciar um servidor HTTP sem TLS. A variável `disableTLS` é usada para controlar se o TLS deve ser desabilitado, mas ela é inicializada como `false` e não há nenhum caminho no código que permita a execução de `http.ListenAndServe` sem TLS. Portanto, este alerta é um FALSO POSITIVO.",27,especifica,especialista:d1145f8b,a81b6f5ca3a4f70c2cdbca1436fd138ccc84976ee981aa1726e3dff9ae4e4311,3809,101,0.00000000
18ce5c27:CWE-319:false_positive#24,argoproj/argo-cd,CWE-319,FP,ollama:qwen2.5-coder:7b,especialista,seguro,DETECTADO,Semgrep FP (ruído sobre código seguro),FP,Verdadeiro Negativo (Acerto),6.02,"O código não desabilita a verificação de certificados TLS/SSL. Em vez disso, ele verifica os certificados conforme configurado na estrutura `TLSConfiguration`. A linha que menciona 'InsecureSkipVerify' é condicional e só é ativada se `tlsConfig.StrictValidation` for falso. Caso contrário, o código usa certificados de raiz confiáveis (`tlsC.RootCAs = tlsConfig.Certificates`). Portanto, a desativação da verificação de TLS/SSL não ocorre neste contexto.",27,especifica,especialista:d1145f8b,a81b6f5ca3a4f70c2cdbca1436fd138ccc84976ee981aa1726e3dff9ae4e4311,1188,132,0.00000000
18ce5c27:CWE-319:false_positive#25,argoproj/argo-cd,CWE-319,FP,ollama:qwen2.5-coder:7b,especialista,seguro,DETECTADO,Semgrep FP (ruído sobre código seguro),FP,Verdadeiro Negativo (Acerto),6.05,"O código não desabilita a verificação de certificados TLS/SSL. A flag 'redis-insecure-skip-tls-verify' é usada apenas para fins de depuração e deve ser removida em produção. O uso de 'InsecureSkipVerify' é seguro neste contexto porque o código verifica a presença de um certificado CA ou usa os certificados do sistema confiáveis, evitando a exposição de dados sensíveis.",27,especifica,especialista:d1145f8b,a81b6f5ca3a4f70c2cdbca1436fd138ccc84976ee981aa1726e3dff9ae4e4311,2377,111,0.00000000
18ce5c27:CWE-319:false_positive#26,argoproj/argo-cd,CWE-319,FP,ollama:qwen2.5-coder:7b,especialista,seguro,DETECTADO,Semgrep FP (ruído sobre código seguro),FP,Verdadeiro Negativo (Acerto),6.19,"O código configura uma conexão TLS com a opção `InsecureSkipVerify` definida como `true`, o que desativa a verificação do certificado TLS. No entanto, isso é feito de forma controlada e condicional, dependendo da configuração fornecida pelo parâmetro `tlsConfig`. A função verifica se `DisableTLS` está ativado ou se `StrictValidation` está desativado antes de configurar a opção `InsecureSkipVerify`. Isso sugere que esta configuração é usada para fins específicos, como em ambientes de desenvolvimento ou testes, onde a verificação do certificado não é necessária. Portanto, este código não constitui uma vulnerabilidade real.",27,especifica,especialista:d1145f8b,a81b6f5ca3a4f70c2cdbca1436fd138ccc84976ee981aa1726e3dff9ae4e4311,964,173,0.00000000
18ce5c27:CWE-322:false_positive,argoproj/argo-cd,CWE-322,FP,ollama:qwen2.5-coder:7b,especialista,seguro,DETECTADO,Semgrep FP (ruído sobre código seguro),FP,Verdadeiro Negativo (Acerto),5.77,"A entrada 'repoURL' é uma string de entrada do usuário, mas o código verifica se a URL contém SSH antes de processar as credenciais SSH. Se não for uma URL SSH, o código não usa a função `ssh.InsecureIgnoreHostKey()`. Além disso, a verificação de host key é configurada apenas quando 'creds.insecure' é falso, garantindo que a verificação de host key esteja em vigor em produção.",1,fallback,especialista:d1145f8b,a81b6f5ca3a4f70c2cdbca1436fd138ccc84976ee981aa1726e3dff9ae4e4311,1396,113,0.00000000
18ce5c27:CWE-327:false_positive,argoproj/argo-cd,CWE-327,FP,ollama:qwen2.5-coder:7b,especialista,seguro,DETECTADO,Semgrep FP (ruído sobre código seguro),FP,Verdadeiro Negativo (Acerto),4.92,"O uso de TLS 1.2 como padrão em Go 1.22 já atende aos requisitos recomendados para a maioria dos aplicativos web, incluindo aqueles que lidam com dados sensíveis. A configuração atual do código não apresenta vulnerabilidades significativas relacionadas à segurança da comunicação.",13,especifica,especialista:d1145f8b,a81b6f5ca3a4f70c2cdbca1436fd138ccc84976ee981aa1726e3dff9ae4e4311,1021,88,0.00000000
18ce5c27:CWE-327:false_positive#1,argoproj/argo-cd,CWE-327,FP,ollama:qwen2.5-coder:7b,especialista,seguro,DETECTADO,Semgrep FP (ruído sobre código seguro),FP,Verdadeiro Negativo (Acerto),4.62,"O uso de TLS 1.2 como a versão mínima padrão em Go 1.22 já atende aos requisitos recomendados para aplicativos web gerais, incluindo o suporte a TLS 1.3 quando necessário. O código não está configurando explicitamente uma versão mínima de TLS, então não há evidências de que isso seja uma vulnerabilidade.",13,especifica,especialista:d1145f8b,a81b6f5ca3a4f70c2cdbca1436fd138ccc84976ee981aa1726e3dff9ae4e4311,1033,99,0.00000000
18ce5c27:CWE-327:false_positive#2,argoproj/argo-cd,CWE-327,FP,ollama:qwen2.5-coder:7b,especialista,seguro,DETECTADO,Semgrep FP (ruído sobre código seguro),FP,Verdadeiro Negativo (Acerto),4.58,"O alerta é um FALSO POSITIVO porque o código não está configurando uma versão mínima de TLS. Em vez disso, ele está apenas carregando certificados de autoridade raiz (CA) para a configuração TLS. A falta de MinVersion não constitui uma vulnerabilidade em relação à segurança do protocolo TLS neste contexto.",13,especifica,especialista:d1145f8b,a81b6f5ca3a4f70c2cdbca1436fd138ccc84976ee981aa1726e3dff9ae4e4311,1073,93,0.00000000
18ce5c27:CWE-327:false_positive#3,argoproj/argo-cd,CWE-327,FP,ollama:qwen2.5-coder:7b,especialista,seguro,DETECTADO,Semgrep FP (ruído sobre código seguro),FP,Verdadeiro Negativo (Acerto),5.05,"O alerta é um FALSO POSITIVO porque o código não está sendo usado em um contexto de autenticação, assinatura, derivação de chave ou armazenamento de credencial. Em vez disso, ele está configurando uma conexão gRPC com TLS, onde a versão mínima do protocolo TLS é configurada para TLS 1.3 por padrão, conforme recomendação da ferramenta Semgrep.",13,especifica,especialista:d1145f8b,a81b6f5ca3a4f70c2cdbca1436fd138ccc84976ee981aa1726e3dff9ae4e4311,1194,111,0.00000000
18ce5c27:CWE-327:false_positive#4,argoproj/argo-cd,CWE-327,FP,ollama:qwen2.5-coder:7b,especialista,seguro,DETECTADO,Semgrep FP (ruído sobre código seguro),FP,Verdadeiro Negativo (Acerto),7.64,"O alerta é um FALSO POSITIVO porque o código não está usando a função md5.Sum() diretamente para autenticação, assinatura, derivação de chave ou armazenamento de credencial. Em vez disso, ele configura uma TLSConfig com NextProtos definidos como 'http/1.1' e 'h2', o que é um comportamento típico para servidores web que suportam tanto HTTP/1.1 quanto HTTP/2. A função GetCertificate é usada para fornecer um certificado TLS, mas não há indicação de que este código esteja vulnerável a ataques de força bruta ou colisão, como seria o caso em uma implementação inadequada do algoritmo MD5.",13,especifica,especialista:d1145f8b,a81b6f5ca3a4f70c2cdbca1436fd138ccc84976ee981aa1726e3dff9ae4e4311,2472,180,0.00000000
18ce5c27:CWE-327:false_positive#5,argoproj/argo-cd,CWE-327,FP,ollama:qwen2.5-coder:7b,especialista,seguro,DETECTADO,Semgrep FP (ruído sobre código seguro),FP,Verdadeiro Negativo (Acerto),5.73,"O alerta é um FALSO POSITIVO porque a configuração de TLS no código não está sendo usada para autenticação, assinatura, derivação de chave ou armazenamento de credencial. Em vez disso, ela está sendo usada para conexões seguras com um servidor Redis, o que é uma prática recomendada e segura.",13,especifica,especialista:d1145f8b,a81b6f5ca3a4f70c2cdbca1436fd138ccc84976ee981aa1726e3dff9ae4e4311,2383,95,0.00000000
18ce5c27:CWE-327:false_positive#6,argoproj/argo-cd,CWE-327,FP,ollama:qwen2.5-coder:7b,especialista,seguro,DETECTADO,Semgrep FP (ruído sobre código seguro),FP,Verdadeiro Negativo (Acerto),4.86,"O código não está configurando um protocolo de criptografia, mas sim uma configuração TLS personalizada. A ausência de `MinVersion` em uma configuração TLS não constitui uma vulnerabilidade se a intenção é permitir apenas conexões seguras (TLS 1.2 ou superior). O código verifica explicitamente que o certificado do servidor corresponde ao esperado, o que sugere um uso seguro da criptografia.",13,especifica,especialista:d1145f8b,a81b6f5ca3a4f70c2cdbca1436fd138ccc84976ee981aa1726e3dff9ae4e4311,970,111,0.00000000
18ce5c27:CWE-327:false_positive#7,argoproj/argo-cd,CWE-327,FP,ollama:qwen2.5-coder:7b,especialista,seguro,DETECTADO,Semgrep FP (ruído sobre código seguro),FP,Verdadeiro Negativo (Acerto),5.86,"O alerta é um FALSO POSITIVO porque o código não está sendo usado em um contexto de autenticação, assinatura, derivação de chave ou armazenamento de credencial. Em vez disso, ele está configurando uma conexão HTTP com TLS para acessar um repositório Git. A configuração do TLS aqui é necessária para garantir a segurança da comunicação entre o cliente e o servidor, mas não está sendo usada em um contexto que exigiria a utilização de algoritmos criptográficos específicos ou minimizar a versão TLS.",13,especifica,especialista:d1145f8b,a81b6f5ca3a4f70c2cdbca1436fd138ccc84976ee981aa1726e3dff9ae4e4311,1345,143,0.00000000
18ce5c27:CWE-327:false_positive#8,argoproj/argo-cd,CWE-327,FP,ollama:qwen2.5-coder:7b,especialista,seguro,DETECTADO,Semgrep FP (ruído sobre código seguro),FP,Verdadeiro Negativo (Acerto),4.91,"O alerta é um FALSO POSITIVO porque o código não está sendo usado em um contexto de autenticação, assinatura, derivação de chave ou armazenamento de credencial. Em vez disso, ele está configurando uma conexão TLS para testes de segurança, onde a configuração mínima do protocolo TLS é aceitável e até mesmo desejável.",13,especifica,especialista:d1145f8b,a81b6f5ca3a4f70c2cdbca1436fd138ccc84976ee981aa1726e3dff9ae4e4311,1247,101,0.00000000
18ce5c27:CWE-327:false_positive#9,argoproj/argo-cd,CWE-327,FP,ollama:qwen2.5-coder:7b,especialista,seguro,DETECTADO,Semgrep FP (ruído sobre código seguro),FP,Verdadeiro Negativo (Acerto),5.83,"O alerta é um FALSO POSITIVO porque a função `newTLSConfig` está configurando uma conexão TLS, mas não especificamente para autenticação ou armazenamento de credenciais. A configuração do protocolo TLS aqui é usada em um contexto de comunicação segura entre cliente e servidor, onde o objetivo principal é garantir a confidencialidade, integridade e autenticidade das comunicações. O uso do padrão TLS 1.2 como mínimo é aceitável neste contexto, pois não está sendo usado para armazenar ou transmitir credenciais de forma insegura.",13,especifica,especialista:d1145f8b,a81b6f5ca3a4f70c2cdbca1436fd138ccc84976ee981aa1726e3dff9ae4e4311,1087,151,0.00000000
18ce5c27:CWE-327:false_positive#10,argoproj/argo-cd,CWE-327,FP,ollama:qwen2.5-coder:7b,especialista,seguro,DETECTADO,Semgrep FP (ruído sobre código seguro),FP,Verdadeiro Negativo (Acerto),4.74,"O uso de TLS 1.2 como padrão em Go 1.22 é seguro para a maioria dos casos, especialmente para aplicações web genéricas que não precisam suportar clientes muito antigos ou navegadores inseguros. A configuração atual do código não apresenta vulnerabilidades significativas relacionadas à versão mínima do TLS.",13,especifica,especialista:d1145f8b,a81b6f5ca3a4f70c2cdbca1436fd138ccc84976ee981aa1726e3dff9ae4e4311,1217,96,0.00000000
18ce5c27:CWE-327:false_positive#11,argoproj/argo-cd,CWE-327,FP,ollama:qwen2.5-coder:7b,especialista,seguro,DETECTADO,Semgrep FP (ruído sobre código seguro),FP,Verdadeiro Negativo (Acerto),4.43,"O código não configura explicitamente a versão mínima do TLS, o que significa que, por padrão, o Go 1.22 usará TLS 1.2 como a versão mínima. Como o código não desativa outras versões de TLS ou especifica uma versão mais baixa, ele não constitui uma vulnerabilidade.",13,especifica,especialista:d1145f8b,a81b6f5ca3a4f70c2cdbca1436fd138ccc84976ee981aa1726e3dff9ae4e4311,928,91,0.00000000
18ce5c27:CWE-327:false_positive#12,argoproj/argo-cd,CWE-327,FP,ollama:qwen2.5-coder:7b,especialista,seguro,DETECTADO,Semgrep FP (ruído sobre código seguro),FP,Verdadeiro Negativo (Acerto),5.73,"O alerta é um FALSO POSITIVO porque o código está configurando uma conexão TLS, mas não está usando diretamente os algoritmos de hash mencionados (md5 ou sha1). Em vez disso, ele está configurando a versão mínima do protocolo TLS. A função `CreateServerTLSConfig` configura a versão mínima do protocolo TLS para TLS 1.3, conforme recomendado pela mensagem do alerta. Isso não envolve o uso de algoritmos de hash e, portanto, não constitui uma vulnerabilidade.",13,especifica,especialista:d1145f8b,a81b6f5ca3a4f70c2cdbca1436fd138ccc84976ee981aa1726e3dff9ae4e4311,1266,140,0.00000000
18ce5c27:CWE-338:false_positive,argoproj/argo-cd,CWE-338,FP,ollama:qwen2.5-coder:7b,especialista,seguro,DETECTADO,Semgrep FP (ruído sobre código seguro),FP,Verdadeiro Negativo (Acerto),6.40,"O uso de `math/rand` neste contexto não constitui uma vulnerabilidade real. A função `rand.Intn(256)` é usada para gerar um número aleatório entre 0 e 255, que é então convertido em um byte. Este valor é usado para preencher um slice de bytes, que é depois codificado em hexadecimal para formar uma string. O contexto deste código não requer imprevisibilidade criptográfica, pois está sendo usado para gerar tokens temporários ou IDs únicos dentro do sistema, e não para senhas, chaves ou nonces que precisam ser seguros contra ataque.",3,especifica,especialista:d1145f8b,a81b6f5ca3a4f70c2cdbca1436fd138ccc84976ee981aa1726e3dff9ae4e4311,1058,153,0.00000000
18ce5c27:CWE-338:false_positive#1,argoproj/argo-cd,CWE-338,FP,ollama:qwen2.5-coder:7b,especialista,seguro,DETECTADO,Semgrep FP (ruído sobre código seguro),FP,Verdadeiro Negativo (Acerto),6.47,"O uso de `math/rand` neste contexto não constitui uma vulnerabilidade real. A função `rand.Intn(256)` é usada para gerar um número aleatório entre 0 e 255, que é então convertido em um byte. Este valor é usado para preencher um slice de bytes, que é depois codificado em hexadecimal para formar o token de sessão. O contexto aqui não requer imprevisibilidade criptográfica, mas sim uma distribuição uniforme dos valores possíveis. Como `math/rand` é suficiente para este propósito e não há indicação de uso em um contexto onde a imprevisibilidade criptográfica seja necessária (como geração de tokens de segurança), este é considerado um FALSO POSITIVO.",3,especifica,especialista:d1145f8b,a81b6f5ca3a4f70c2cdbca1436fd138ccc84976ee981aa1726e3dff9ae4e4311,1010,183,0.00000000
18ce5c27:CWE-338:false_positive#2,argoproj/argo-cd,CWE-338,FP,ollama:qwen2.5-coder:7b,especialista,seguro,DETECTADO,Semgrep FP (ruído sobre código seguro),FP,Verdadeiro Negativo (Acerto),5.47,"O uso de `math/rand` neste contexto não constitui uma vulnerabilidade real. A função `rand.Intn(256)` é usada para gerar um número aleatório entre 0 e 255, que é então convertido em um byte. Este processo não é usado para gerar tokens, chaves ou nonces que exigem imprevisibilidade criptográfica. Em vez disso, parece ser uma operação simples de geração de números aleatórios para fins de distribuição uniforme entre 0 e 255.",3,especifica,especialista:d1145f8b,a81b6f5ca3a4f70c2cdbca1436fd138ccc84976ee981aa1726e3dff9ae4e4311,1063,135,0.00000000
18ce5c27:CWE-352:false_positive,argoproj/argo-cd,CWE-352,FP,ollama:qwen2.5-coder:7b,especialista,seguro,DETECTADO,Semgrep FP (ruído sobre código seguro),FP,Verdadeiro Negativo (Acerto),4.86,"O código não está alterando estado em uma requisição HTTP, então não há risco de Cross-Site Request Forgery (CSRF). A verificação do cabeçalho 'Origin' é realizada apenas no contexto de um handshake WebSocket, que não envolve alterações de estado autenticadas pelo usuário.",1,especifica,especialista:d1145f8b,a81b6f5ca3a4f70c2cdbca1436fd138ccc84976ee981aa1726e3dff9ae4e4311,1066,83,0.00000000
18ce5c27:CWE-377:false_positive,argoproj/argo-cd,CWE-377,FP,ollama:qwen2.5-coder:7b,especialista,seguro,DETECTADO,Semgrep FP (ruído sobre código seguro),FP,Verdadeiro Negativo (Acerto),6.04,"A entrada que está sendo usada para criar o arquivo temporário é uma string constante ('/tmp/tls.crt' e '/tmp/tls.key'), não controlável por um agente externo. Além disso, a criação do arquivo temporário está sendo feita em um diretório compartilhado (tmp), mas isso não constitui uma vulnerabilidade em si, pois o caminho é inalcançável no contexto deste código.",1,fallback,especialista:d1145f8b,a81b6f5ca3a4f70c2cdbca1436fd138ccc84976ee981aa1726e3dff9ae4e4311,1783,111,0.00000000
18ce5c27:CWE-400:false_positive,argoproj/argo-cd,CWE-400,FP,ollama:qwen2.5-coder:7b,especialista,seguro,DETECTADO,Semgrep FP (ruído sobre código seguro),FP,Verdadeiro Negativo (Acerto),5.92,"A entrada para a função `Untgz` é um leitor de fluxo (`io.Reader`) que provavelmente vem de uma fonte confiável, como uma conexão HTTP ou outro tipo de stream seguro. Além disso, a função já limita o tamanho máximo do arquivo usando `io.LimitReader`, o que ajuda a mitigar ataques de bomba zip. Portanto, não há evidências suficientes para considerar isso um verdadeiro positivo.",1,fallback,especialista:d1145f8b,a81b6f5ca3a4f70c2cdbca1436fd138ccc84976ee981aa1726e3dff9ae4e4311,1466,117,0.00000000
18ce5c27:CWE-470:false_positive,argoproj/argo-cd,CWE-470,FP,ollama:qwen2.5-coder:7b,especialista,seguro,DETECTADO,Semgrep FP (ruído sobre código seguro),FP,Verdadeiro Negativo (Acerto),4.90,"O código não usa reflexão para selecionar métodos ou campos com base em entrada externa. Em vez disso, ele itera sobre um conjunto fixo de campos permitidos ('Status', 'Health', 'Hook', 'Message') e atualiza apenas esses campos se houver uma diferença entre os valores atuais e novos.",1,especifica,especialista:d1145f8b,a81b6f5ca3a4f70c2cdbca1436fd138ccc84976ee981aa1726e3dff9ae4e4311,992,87,0.00000000
18ce5c27:CWE-601:false_positive,argoproj/argo-cd,CWE-601,FP,ollama:qwen2.5-coder:7b,especialista,seguro,DETECTADO,Semgrep FP (ruído sobre código seguro),FP,Verdadeiro Negativo (Acerto),5.75,"O código verifica se a URL de logout é uma URL absoluta (iniciada com 'http://' ou 'https://') e, em caso afirmativo, rejeita o redirecionamento. Além disso, ele também verifica se a URL de logout está na lista de hosts confiáveis definida no OIDCConfig. Se qualquer uma dessas condições for verdadeira, o redirecionamento é rejeitado.",3,especifica,especialista:d1145f8b,a81b6f5ca3a4f70c2cdbca1436fd138ccc84976ee981aa1726e3dff9ae4e4311,1533,107,0.00000000
18ce5c27:CWE-601:false_positive#1,argoproj/argo-cd,CWE-601,FP,ollama:qwen2.5-coder:7b,especialista,seguro,DETECTADO,Semgrep FP (ruído sobre código seguro),FP,Verdadeiro Negativo (Acerto),5.22,"O código não está sujeito a uma vulnerabilidade de redirecionamento aberto (open redirect) porque o destino do redirecionamento é construído a partir da combinação de `req.Host` e `req.URL.Path`, que são partes controladas pelo servidor e não por entrada externa. Além disso, o código adiciona uma barra inicial (`/`) antes de `rootPath` para garantir que o caminho seja relativo ao domínio do servidor.",3,especifica,especialista:d1145f8b,a81b6f5ca3a4f70c2cdbca1436fd138ccc84976ee981aa1726e3dff9ae4e4311,1111,120,0.00000000
18ce5c27:CWE-601:false_positive#2,argoproj/argo-cd,CWE-601,FP,ollama:qwen2.5-coder:7b,especialista,seguro,DETECTADO,Semgrep FP (ruído sobre código seguro),FP,Verdadeiro Negativo (Acerto),5.13,"O código verifica se o valor de `return_url` é válido antes de usá-lo para redirecionamento. A função `isValidRedirectURL` garante que o protocolo, host (incluindo porta) e caminho do URL estejam dentro dos limites permitidos. Se a validação falhar, um erro é retornado ao cliente. Portanto, não há risco de open redirect nesta implementação.",3,especifica,especialista:d1145f8b,a81b6f5ca3a4f70c2cdbca1436fd138ccc84976ee981aa1726e3dff9ae4e4311,1380,105,0.00000000
18ce5c27:CWE-614:false_positive,argoproj/argo-cd,CWE-614,FP,ollama:qwen2.5-coder:7b,especialista,seguro,DETECTADO,Semgrep FP (ruído sobre código seguro),FP,Verdadeiro Negativo (Acerto),4.89,"O cookie em questão é um token de autenticação, que é sensível. A ausência do atributo 'Secure' neste contexto constitui uma vulnerabilidade real, conforme descrito no exemplo de VERDADEIRO POSITIVO fornecido.",2,especifica,especialista:d1145f8b,a81b6f5ca3a4f70c2cdbca1436fd138ccc84976ee981aa1726e3dff9ae4e4311,1452,69,0.00000000
18ce5c27:CWE-614:false_positive#1,argoproj/argo-cd,CWE-614,FP,ollama:qwen2.5-coder:7b,especialista,seguro,DETECTADO,Semgrep FP (ruído sobre código seguro),VP,Falso Positivo (Ruído Mantido),4.70,"O cookie de estado (state) está sendo criado sem o atributo 'Secure', o que pode expor o valor sensível na rede em caso de conexões HTTP não cifradas. De acordo com a especificação RFC6749, este valor deve ser guessable com probabilidade <= 2^(-128), tornando-o um dado sensível.",2,especifica,especialista:d1145f8b,a81b6f5ca3a4f70c2cdbca1436fd138ccc84976ee981aa1726e3dff9ae4e4311,1073,95,0.00000000
18ce5c27:CWE-665:false_positive,argoproj/argo-cd,CWE-665,FP,ollama:qwen2.5-coder:7b,especialista,seguro,DETECTADO,Semgrep FP (ruído sobre código seguro),FP,Verdadeiro Negativo (Acerto),5.03,"O código não apresenta uma vulnerabilidade real. A variável `resp` é usada para verificar o status da resposta HTTP, mas ela não é modificada após a inicialização. O uso de `resp.StatusCode` para verificar erros e retornar um valor vazio em caso de `http.StatusNotFound` é uma prática comum e segura.",4,especifica,especialista:d1145f8b,a81b6f5ca3a4f70c2cdbca1436fd138ccc84976ee981aa1726e3dff9ae4e4311,1079,90,0.00000000
18ce5c27:CWE-665:false_positive#1,argoproj/argo-cd,CWE-665,FP,ollama:qwen2.5-coder:7b,especialista,seguro,DETECTADO,Semgrep FP (ruído sobre código seguro),FP,Verdadeiro Negativo (Acerto),5.48,"O alerta é um FALSO POSITIVO porque a função `ctrl.stateCache.IterateHierarchyV2` não está sendo usada com uma estrutura de dados vazia. A variável `orphanedNodesMap` é inicializada corretamente e preenchida antes de ser iterada, conforme mostrado no código fornecido.",4,especifica,especialista:d1145f8b,a81b6f5ca3a4f70c2cdbca1436fd138ccc84976ee981aa1726e3dff9ae4e4311,2123,90,0.00000000
18ce5c27:CWE-665:false_positive#2,argoproj/argo-cd,CWE-665,FP,ollama:qwen2.5-coder:7b,especialista,seguro,DETECTADO,Semgrep FP (ruído sobre código seguro),FP,Verdadeiro Negativo (Acerto),4.83,"O código não está iterando sobre um mapa vazio. A variável `repoRefs` é inicializada como um mapa vazio, mas logo após isso, a função `resolveReferencedSources` é chamada para preenchê-lo com valores. Se o mapa estivesse vazio, seria uma situação problemática, mas neste caso, ele sempre será populado antes de ser iterado.",4,especifica,especialista:d1145f8b,a81b6f5ca3a4f70c2cdbca1436fd138ccc84976ee981aa1726e3dff9ae4e4311,1148,99,0.00000000
18ce5c27:CWE-665:false_positive#3,argoproj/argo-cd,CWE-665,FP,ollama:qwen2.5-coder:7b,especialista,seguro,DETECTADO,Semgrep FP (ruído sobre código seguro),FP,Verdadeiro Negativo (Acerto),4.04,"A variável `r` é inicializada dentro do loop for antes de ser usada. Ela não é modificada em nenhum ponto entre a inicialização e o uso, então não há risco de um nil dereference.",4,especifica,especialista:d1145f8b,a81b6f5ca3a4f70c2cdbca1436fd138ccc84976ee981aa1726e3dff9ae4e4311,1013,65,0.00000000
18ce5c27:CWE-667:false_positive,argoproj/argo-cd,CWE-667,FP,ollama:qwen2.5-coder:7b,especialista,seguro,DETECTADO,Semgrep FP (ruído sobre código seguro),FP,Verdadeiro Negativo (Acerto),4.53,"O uso de defer t.writeLock.Unlock() logo após o Lock garante que o mutex seja liberado em todos os caminhos de retorno, incluindo o de erro. Portanto, não há risco de trava residual ou deadlock neste código.",1,especifica,especialista:d1145f8b,a81b6f5ca3a4f70c2cdbca1436fd138ccc84976ee981aa1726e3dff9ae4e4311,973,69,0.00000000
18ce5c27:CWE-94:false_positive,argoproj/argo-cd,CWE-94,FP,ollama:qwen2.5-coder:7b,especialista,seguro,DETECTADO,Semgrep FP (ruído sobre código seguro),FP,Verdadeiro Negativo (Acerto),4.80,"O texto do comando é constante e não provém de entrada externa. A função 'command' cria um objeto 'exec.Cmd' com o caminho do executável e os argumentos fornecidos, mas esses valores são fixos no código e não são influenciados por dados de entrada do usuário.",6,especifica,especialista:d1145f8b,a81b6f5ca3a4f70c2cdbca1436fd138ccc84976ee981aa1726e3dff9ae4e4311,939,82,0.00000000
18ce5c27:CWE-94:false_positive#1,argoproj/argo-cd,CWE-94,FP,ollama:qwen2.5-coder:7b,especialista,seguro,DETECTADO,Semgrep FP (ruído sobre código seguro),FP,Verdadeiro Negativo (Acerto),4.79,"O texto do comando é constante e não provém de entrada externa. A função `runCommand` espera um objeto `Command` que contém o comando a ser executado, mas este comando é passado como uma string fixa no código, não como uma entrada dinâmica proveniente de usuários ou outras fontes externas.",6,especifica,especialista:d1145f8b,a81b6f5ca3a4f70c2cdbca1436fd138ccc84976ee981aa1726e3dff9ae4e4311,1351,88,0.00000000
18ce5c27:CWE-94:false_positive#2,argoproj/argo-cd,CWE-94,FP,ollama:qwen2.5-coder:7b,especialista,seguro,DETECTADO,Semgrep FP (ruído sobre código seguro),FP,Verdadeiro Negativo (Acerto),4.74,"O texto do comando é constante e não vem da entrada externa. A função `exec.Command` está sendo usada para invocar um editor de texto, onde o nome do editor e seus argumentos são definidos em variáveis locais (`editor` e `editorArgs`). Esses valores não são obtidos da entrada do usuário, então não há risco de injeção de código.",6,especifica,especialista:d1145f8b,a81b6f5ca3a4f70c2cdbca1436fd138ccc84976ee981aa1726e3dff9ae4e4311,1066,100,0.00000000
18ce5c27:CWE-94:false_positive#3,argoproj/argo-cd,CWE-94,FP,ollama:qwen2.5-coder:7b,especialista,seguro,DETECTADO,Semgrep FP (ruído sobre código seguro),FP,Verdadeiro Negativo (Acerto),3.83,"O texto do comando é constante; a entrada externa entra apenas como dado. A função `exec.Command` não permite injeção de código, pois o texto do comando é fixo no código e os argumentos são passados separadamente.",6,especifica,especialista:d1145f8b,a81b6f5ca3a4f70c2cdbca1436fd138ccc84976ee981aa1726e3dff9ae4e4311,833,68,0.00000000
18ce5c27:CWE-94:false_positive#4,argoproj/argo-cd,CWE-94,FP,ollama:qwen2.5-coder:7b,especialista,seguro,DETECTADO,Semgrep FP (ruído sobre código seguro),FP,Verdadeiro Negativo (Acerto),4.62,"O texto do comando é constante e não provém de entrada externa. A função `runGnuPGWrapper` recebe parâmetros fixos (`wrapper` e `args`) que são usados para construir o comando a ser executado, mas esses valores não são alterados ou interpolados dinamicamente com dados do usuário. Portanto, não há risco de injeção de código.",6,especifica,especialista:d1145f8b,a81b6f5ca3a4f70c2cdbca1436fd138ccc84976ee981aa1726e3dff9ae4e4311,869,102,0.00000000
18ce5c27:CWE-94:false_positive#5,argoproj/argo-cd,CWE-94,FP,ollama:qwen2.5-coder:7b,especialista,seguro,DETECTADO,Semgrep FP (ruído sobre código seguro),FP,Verdadeiro Negativo (Acerto),6.36,"O código não está executando comandos de forma dinâmica que possam ser influenciados por entrada externa. Todos os comandos são construídos a partir de valores constantes ou variáveis controladas pelo sistema, e não de dados fornecidos pelo usuário.",6,especifica,especialista:d1145f8b,a81b6f5ca3a4f70c2cdbca1436fd138ccc84976ee981aa1726e3dff9ae4e4311,3624,76,0.00000000
5e5c4b7d:CWE-1004:false_positive,argoproj/argo-cd,CWE-1004,FP,ollama:qwen2.5-coder:7b,especialista,seguro,DETECTADO,Semgrep FP (ruído sobre código seguro),FP,Verdadeiro Negativo (Acerto),4.63,"O cookie em questão é um token de logout, não um token de sessão. Como o token CSRF double-submit precisa ser lido pelo próprio front-end para ser reenviado em um header; não é segredo de sessão, então a ausência de HttpOnly é intencional e correta.",1,especifica,especialista:d1145f8b,a81b6f5ca3a4f70c2cdbca1436fd138ccc84976ee981aa1726e3dff9ae4e4311,1500,80,0.00000000
5e5c4b7d:CWE-115:false_positive,argoproj/argo-cd,CWE-115,FP,ollama:qwen2.5-coder:7b,especialista,seguro,DETECTADO,Semgrep FP (ruído sobre código seguro),FP,Verdadeiro Negativo (Acerto),4.50,"O código não apresenta uma vulnerabilidade devido à manipulação de cabeçalhos HTTP. A função `Director` do `ReverseProxy` está sendo usada para reescrever os cabeçalhos da solicitação, mas isso é um comportamento comum e seguro em proxies reversos. O uso de `req.Header.Del(",2,especifica,especialista:d1145f8b,a81b6f5ca3a4f70c2cdbca1436fd138ccc84976ee981aa1726e3dff9ae4e4311,981,92,0.00000000
5e5c4b7d:CWE-115:false_positive#1,argoproj/argo-cd,CWE-115,FP,ollama:qwen2.5-coder:7b,especialista,seguro,DETECTADO,Semgrep FP (ruído sobre código seguro),FP,Verdadeiro Negativo (Acerto),4.60,"O alerta é um FALSO POSITIVO porque a chamada para `proxy.Director` não está sendo usada de forma que possa levar à interpretação incorreta de entrada. A função `decorateDirector` é aplicada ao diretório, mas não há evidências de que isso cause uma reinterpretação inadequada da entrada.",2,especifica,especialista:d1145f8b,a81b6f5ca3a4f70c2cdbca1436fd138ccc84976ee981aa1726e3dff9ae4e4311,1152,92,0.00000000
5e5c4b7d:CWE-300:false_positive,argoproj/argo-cd,CWE-300,FP,ollama:qwen2.5-coder:7b,especialista,seguro,DETECTADO,Semgrep FP (ruído sobre código seguro),FP,Verdadeiro Negativo (Acerto),5.05,A entrada para o gRPC server não é controlada pelo usuário externo. Ela é determinada pela função `net.Listen(,1,fallback,especialista:d1145f8b,a81b6f5ca3a4f70c2cdbca1436fd138ccc84976ee981aa1726e3dff9ae4e4311,945,126,0.00000000
5e5c4b7d:CWE-319:false_positive,argoproj/argo-cd,CWE-319,FP,ollama:qwen2.5-coder:7b,especialista,seguro,DETECTADO,Semgrep FP (ruído sobre código seguro),FP,Verdadeiro Negativo (Acerto),5.77,"O código configura um cliente HTTP que desabilita a verificação de certificados TLS (`InsecureSkipVerify: true`). No entanto, isso é feito apenas quando o parâmetro `insecure` é verdadeiro. Isso sugere que esta configuração é usada para fins de depuração ou em ambientes controlados onde a segurança não é uma prioridade crítica. O uso desta configuração em um contexto específico (por exemplo, em desenvolvimento ou teste) e com o reconhecimento explícito do risco associado pode ser considerado aceitável, desde que seja monitorado e revisado regularmente.",23,especifica,especialista:d1145f8b,a81b6f5ca3a4f70c2cdbca1436fd138ccc84976ee981aa1726e3dff9ae4e4311,1015,152,0.00000000
5e5c4b7d:CWE-319:false_positive#1,argoproj/argo-cd,CWE-319,FP,ollama:qwen2.5-coder:7b,especialista,seguro,DETECTADO,Semgrep FP (ruído sobre código seguro),FP,Verdadeiro Negativo (Acerto),4.70,"O código desabilita a verificação de certificados TLS apenas quando o parâmetro 'insecure' é verdadeiro. Isso é considerado uma medida temporária para fins de depuração e não constitui uma vulnerabilidade real, pois os dados sensíveis (token) são enviados via HTTP apenas em casos específicos onde a segurança é comprometida por razões de teste ou desenvolvimento.",23,especifica,especialista:d1145f8b,a81b6f5ca3a4f70c2cdbca1436fd138ccc84976ee981aa1726e3dff9ae4e4311,1027,101,0.00000000
5e5c4b7d:CWE-319:false_positive#2,argoproj/argo-cd,CWE-319,FP,ollama:qwen2.5-coder:7b,especialista,seguro,DETECTADO,Semgrep FP (ruído sobre código seguro),FP,Verdadeiro Negativo (Acerto),4.14,"O código não envia dados sensíveis em texto claro. A função `http.ListenAndServe` é usada para iniciar um servidor HTTP, mas não há evidências de que os dados transmitidos pelo servidor sejam sensíveis ou que a comunicação esteja ocorrendo em texto claro.",23,especifica,especialista:d1145f8b,a81b6f5ca3a4f70c2cdbca1436fd138ccc84976ee981aa1726e3dff9ae4e4311,909,76,0.00000000
5e5c4b7d:CWE-319:false_positive#3,argoproj/argo-cd,CWE-319,FP,ollama:qwen2.5-coder:7b,especialista,seguro,DETECTADO,Semgrep FP (ruído sobre código seguro),FP,Verdadeiro Negativo (Acerto),4.81,"O código não transmite informações sensíveis em texto claro. A função `apiclient.NewConnection` é usada para estabelecer uma conexão com o próprio servidor, que é segura porque a comunicação ocorre entre componentes internos do mesmo sistema e não via rede externa.",23,especifica,especialista:d1145f8b,a81b6f5ca3a4f70c2cdbca1436fd138ccc84976ee981aa1726e3dff9ae4e4311,1745,79,0.00000000
5e5c4b7d:CWE-319:false_positive#4,argoproj/argo-cd,CWE-319,FP,ollama:qwen2.5-coder:7b,especialista,seguro,DETECTADO,Semgrep FP (ruído sobre código seguro),FP,Verdadeiro Negativo (Acerto),5.37,O alerta é um FALSO POSITIVO porque a chamada `http.ListenAndServe` não está sendo usada para transmitir dados sensíveis. A função `NewCommand` configura um servidor HTTP que serve métricas e não envia dados sensíveis em texto claro.,23,especifica,especialista:d1145f8b,a81b6f5ca3a4f70c2cdbca1436fd138ccc84976ee981aa1726e3dff9ae4e4311,2418,76,0.00000000
5e5c4b7d:CWE-319:false_positive#5,argoproj/argo-cd,CWE-319,FP,ollama:qwen2.5-coder:7b,especialista,seguro,DETECTADO,Semgrep FP (ruído sobre código seguro),FP,Verdadeiro Negativo (Acerto),7.04,"O código não está configurado para iniciar um servidor HTTP sem TLS. A variável `disableTLS` é usada para controlar se o TLS deve ser desabilitado, mas ela é inicializada como `false` e não há nenhum caminho no código que permita a execução de `http.ListenAndServe` sem TLS.",23,especifica,especialista:d1145f8b,a81b6f5ca3a4f70c2cdbca1436fd138ccc84976ee981aa1726e3dff9ae4e4311,4139,86,0.00000000
5e5c4b7d:CWE-319:false_positive#20,argoproj/argo-cd,CWE-319,FP,ollama:qwen2.5-coder:7b,especialista,seguro,DETECTADO,Semgrep FP (ruído sobre código seguro),FP,Verdadeiro Negativo (Acerto),5.70,"O código não desabilita a verificação de certificados TLS/SSL. Em vez disso, ele verifica os certificados conforme configurado na estrutura `tlsConfig`. A linha que menciona 'InsecureSkipVerify' está condicional e só é ativada se `tlsConfig.StrictValidation` for falso. Caso contrário, o código usa certificados de raiz confiáveis. Portanto, não há desabilitação de verificação de TLS/SSL em uso.",23,especifica,especialista:d1145f8b,a81b6f5ca3a4f70c2cdbca1436fd138ccc84976ee981aa1726e3dff9ae4e4311,1173,118,0.00000000
5e5c4b7d:CWE-319:false_positive#21,argoproj/argo-cd,CWE-319,FP,ollama:qwen2.5-coder:7b,especialista,seguro,DETECTADO,Semgrep FP (ruído sobre código seguro),FP,Verdadeiro Negativo (Acerto),5.64,"O código não desabilita a verificação de certificados TLS/SSL. A flag 'redis-insecure-skip-tls-verify' é usada apenas para fins de depuração, conforme indicado no alerta. O código ainda configura um tls.Config com RootCAs e Certificates quando necessário, garantindo que a comunicação seja segura.",23,especifica,especialista:d1145f8b,a81b6f5ca3a4f70c2cdbca1436fd138ccc84976ee981aa1726e3dff9ae4e4311,2377,92,0.00000000
5e5c4b7d:CWE-319:false_positive#22,argoproj/argo-cd,CWE-319,FP,ollama:qwen2.5-coder:7b,especialista,seguro,DETECTADO,Semgrep FP (ruído sobre código seguro),FP,Verdadeiro Negativo (Acerto),6.17,"O código configura uma conexão TLS com a opção `InsecureSkipVerify` definida como `true`, o que desativa a verificação do certificado TLS. No entanto, isso é feito de forma controlada e condicional, dependendo da configuração fornecida pelo parâmetro `tlsConfig`. A função verifica se `DisableTLS` está ativado ou se `StrictValidation` está desativado antes de configurar a opção `InsecureSkipVerify`. Isso sugere que esta configuração é usada para fins específicos, como em ambientes de desenvolvimento ou testes, onde a verificação do certificado não é necessária. Portanto, este código não constitui uma vulnerabilidade real.",23,especifica,especialista:d1145f8b,a81b6f5ca3a4f70c2cdbca1436fd138ccc84976ee981aa1726e3dff9ae4e4311,964,173,0.00000000
5e5c4b7d:CWE-322:false_positive,argoproj/argo-cd,CWE-322,FP,ollama:qwen2.5-coder:7b,especialista,seguro,DETECTADO,Semgrep FP (ruído sobre código seguro),FP,Verdadeiro Negativo (Acerto),5.23,"A entrada 'repoURL' é uma string de entrada do usuário, mas o código verifica se a URL contém SSH antes de processar as credenciais SSH. Se não for uma URL SSH, o código não usa a função `ssh.InsecureIgnoreHostKey()`. Além disso, a verificação de host key é configurada apenas quando 'creds.insecure' é falso, garantindo que a verificação de host key esteja em vigor em produção.",1,fallback,especialista:d1145f8b,a81b6f5ca3a4f70c2cdbca1436fd138ccc84976ee981aa1726e3dff9ae4e4311,1396,113,0.00000000
5e5c4b7d:CWE-327:false_positive,argoproj/argo-cd,CWE-327,FP,ollama:qwen2.5-coder:7b,especialista,seguro,DETECTADO,Semgrep FP (ruído sobre código seguro),FP,Verdadeiro Negativo (Acerto),4.41,"O uso de TLS 1.2 como padrão em Go 1.22 já atende aos requisitos recomendados para a maioria dos aplicativos web, incluindo aqueles que lidam com dados sensíveis. A configuração atual do código não apresenta vulnerabilidades significativas relacionadas à segurança da comunicação.",14,especifica,especialista:d1145f8b,a81b6f5ca3a4f70c2cdbca1436fd138ccc84976ee981aa1726e3dff9ae4e4311,1021,88,0.00000000
5e5c4b7d:CWE-327:false_positive#1,argoproj/argo-cd,CWE-327,FP,ollama:qwen2.5-coder:7b,especialista,seguro,DETECTADO,Semgrep FP (ruído sobre código seguro),FP,Verdadeiro Negativo (Acerto),4.55,"O uso de TLS 1.2 como padrão em Go 1.22 já atende aos requisitos recomendados para a maioria dos aplicativos web, incluindo aqueles que lidam com credenciais e dados sensíveis. A configuração atual do código não apresenta vulnerabilidades significativas relacionadas à versão mínima do TLS.",14,especifica,especialista:d1145f8b,a81b6f5ca3a4f70c2cdbca1436fd138ccc84976ee981aa1726e3dff9ae4e4311,1033,94,0.00000000
5e5c4b7d:CWE-327:false_positive#2,argoproj/argo-cd,CWE-327,FP,ollama:qwen2.5-coder:7b,especialista,seguro,DETECTADO,Semgrep FP (ruído sobre código seguro),FP,Verdadeiro Negativo (Acerto),5.66,"O alerta é um FALSO POSITIVO porque o código não está sendo usado para autenticação, assinatura, derivação de chave ou armazenamento de credencial. Em vez disso, ele está configurando uma configuração TLS com um certificado de autoridade raiz personalizado. A ausência do campo `MinVersion` em uma configuração TLS não constitui uma vulnerabilidade se o objetivo é apenas a configuração de um servidor ou cliente TLS para usar um certificado de autoridade raiz personalizado, e não para autenticação ou comunicação segura.",14,especifica,especialista:d1145f8b,a81b6f5ca3a4f70c2cdbca1436fd138ccc84976ee981aa1726e3dff9ae4e4311,1073,144,0.00000000
5e5c4b7d:CWE-327:false_positive#3,argoproj/argo-cd,CWE-327,FP,ollama:qwen2.5-coder:7b,especialista,seguro,DETECTADO,Semgrep FP (ruído sobre código seguro),FP,Verdadeiro Negativo (Acerto),5.02,"O alerta é um FALSO POSITIVO porque o código não está sendo usado para autenticação, assinatura, derivação de chave ou armazenamento de credencial. Em vez disso, ele está configurando uma conexão gRPC segura usando TLS. A configuração do TLS no contexto fornecido é adequada e não apresenta vulnerabilidades conhecidas relacionadas à versão mínima do protocolo TLS.",14,especifica,especialista:d1145f8b,a81b6f5ca3a4f70c2cdbca1436fd138ccc84976ee981aa1726e3dff9ae4e4311,1179,111,0.00000000
5e5c4b7d:CWE-327:false_positive#4,argoproj/argo-cd,CWE-327,FP,ollama:qwen2.5-coder:7b,especialista,seguro,DETECTADO,Semgrep FP (ruído sobre código seguro),FP,Verdadeiro Negativo (Acerto),6.22,"O alerta é um FALSO POSITIVO porque a configuração de TLS no código não está sendo usada para autenticação, assinatura, derivação de chave ou armazenamento de credencial. Em vez disso, ela está sendo usada para configurar servidores HTTP e HTTPS em uma aplicação web geral, onde o uso do protocolo mais recente (TLS 1.3) é recomendado.",14,especifica,especialista:d1145f8b,a81b6f5ca3a4f70c2cdbca1436fd138ccc84976ee981aa1726e3dff9ae4e4311,2543,109,0.00000000
5e5c4b7d:CWE-327:false_positive#5,argoproj/argo-cd,CWE-327,FP,ollama:qwen2.5-coder:7b,especialista,seguro,DETECTADO,Semgrep FP (ruído sobre código seguro),FP,Verdadeiro Negativo (Acerto),5.71,"O alerta é um FALSO POSITIVO porque a configuração de TLS no código não está sendo usada para autenticação, assinatura, derivação de chave ou armazenamento de credencial. Em vez disso, ela está sendo usada para conexões seguras com um servidor Redis, o que é uma prática recomendada e segura.",14,especifica,especialista:d1145f8b,a81b6f5ca3a4f70c2cdbca1436fd138ccc84976ee981aa1726e3dff9ae4e4311,2383,95,0.00000000
5e5c4b7d:CWE-327:false_positive#6,argoproj/argo-cd,CWE-327,FP,ollama:qwen2.5-coder:7b,especialista,seguro,DETECTADO,Semgrep FP (ruído sobre código seguro),FP,Verdadeiro Negativo (Acerto),4.85,"O código não está configurando um protocolo de criptografia, mas sim uma configuração TLS personalizada. A ausência de `MinVersion` em uma configuração TLS não constitui uma vulnerabilidade se a intenção é permitir apenas conexões seguras (TLS 1.2 ou superior). O código verifica explicitamente que o certificado do servidor corresponde ao esperado, o que sugere um uso seguro da criptografia.",14,especifica,especialista:d1145f8b,a81b6f5ca3a4f70c2cdbca1436fd138ccc84976ee981aa1726e3dff9ae4e4311,970,111,0.00000000
5e5c4b7d:CWE-327:false_positive#7,argoproj/argo-cd,CWE-327,FP,ollama:qwen2.5-coder:7b,especialista,seguro,DETECTADO,Semgrep FP (ruído sobre código seguro),FP,Verdadeiro Negativo (Acerto),5.42,"O alerta é um FALSO POSITIVO porque o código não está sendo usado em um contexto de autenticação, assinatura, derivação de chave ou armazenamento de credencial. Em vez disso, ele está configurando uma conexão HTTP com TLS para acessar um repositório remoto. A configuração do TLS aqui é necessária para garantir a segurança da comunicação e não constitui vulnerabilidade em relação à falta de versão mínima do protocolo TLS.",14,especifica,especialista:d1145f8b,a81b6f5ca3a4f70c2cdbca1436fd138ccc84976ee981aa1726e3dff9ae4e4311,1345,123,0.00000000
5e5c4b7d:CWE-327:false_positive#8,argoproj/argo-cd,CWE-327,FP,ollama:qwen2.5-coder:7b,especialista,seguro,DETECTADO,Semgrep FP (ruído sobre código seguro),FP,Verdadeiro Negativo (Acerto),4.91,"O alerta é um FALSO POSITIVO porque o código não está sendo usado em um contexto de autenticação, assinatura, derivação de chave ou armazenamento de credencial. Em vez disso, ele está configurando uma conexão TLS para testes de segurança, onde a configuração mínima do protocolo TLS é aceitável e até mesmo desejável.",14,especifica,especialista:d1145f8b,a81b6f5ca3a4f70c2cdbca1436fd138ccc84976ee981aa1726e3dff9ae4e4311,1247,101,0.00000000
5e5c4b7d:CWE-327:false_positive#9,argoproj/argo-cd,CWE-327,FP,ollama:qwen2.5-coder:7b,especialista,seguro,DETECTADO,Semgrep FP (ruído sobre código seguro),FP,Verdadeiro Negativo (Acerto),5.86,"O alerta é um FALSO POSITIVO porque a função `newTLSConfig` está configurando uma conexão TLS, mas não especificamente o valor de `MinVersion`. O código fornecido não contém a configuração de `MinVersion`, o que significa que a versão mínima padrão do TLS (TLS 1.2) será usada conforme a recomendação do Go 1.22. Como a função está sendo usada para uma conexão geral e não para um contexto específico que requer suporte a versões mais antigas do TLS, esta configuração é segura e não constitui uma vulnerabilidade.",14,especifica,especialista:d1145f8b,a81b6f5ca3a4f70c2cdbca1436fd138ccc84976ee981aa1726e3dff9ae4e4311,1087,154,0.00000000
5e5c4b7d:CWE-327:false_positive#10,argoproj/argo-cd,CWE-327,FP,ollama:qwen2.5-coder:7b,especialista,seguro,DETECTADO,Semgrep FP (ruído sobre código seguro),FP,Verdadeiro Negativo (Acerto),4.55,"O uso de TLS 1.2 como padrão em Go 1.22 é seguro para a maioria dos casos, especialmente em aplicações web genéricas que não precisam suportar clientes muito antigos ou navegadores inseguros. A configuração atual do código não apresenta vulnerabilidades significativas.",14,especifica,especialista:d1145f8b,a81b6f5ca3a4f70c2cdbca1436fd138ccc84976ee981aa1726e3dff9ae4e4311,1219,87,0.00000000
5e5c4b7d:CWE-327:false_positive#11,argoproj/argo-cd,CWE-327,FP,ollama:qwen2.5-coder:7b,especialista,seguro,DETECTADO,Semgrep FP (ruído sobre código seguro),FP,Verdadeiro Negativo (Acerto),5.79,"O alerta é um FALSO POSITIVO porque a função `newTLSConfig` está configurando uma conexão TLS, mas não está especificando o valor de `MinVersion`. No contexto fornecido, isso não constitui uma vulnerabilidade real. A configuração padrão do Go 1.22 já usa TLS 1.2 como a versão mínima, que é considerada segura para aplicativos web gerais. Além disso, o código não está desabilitando outros protocolos TLS ou permitindo conexões inseguras, o que torna este alerta irrelevante no contexto fornecido.",14,especifica,especialista:d1145f8b,a81b6f5ca3a4f70c2cdbca1436fd138ccc84976ee981aa1726e3dff9ae4e4311,1051,151,0.00000000
5e5c4b7d:CWE-327:false_positive#12,argoproj/argo-cd,CWE-327,FP,ollama:qwen2.5-coder:7b,especialista,seguro,DETECTADO,Semgrep FP (ruído sobre código seguro),FP,Verdadeiro Negativo (Acerto),5.17,"O código não configura explicitamente a versão mínima do TLS, o que significa que, por padrão, Go 1.22 usa TLS 1.2 como a versão mínima. Como a função `TLSConfig` é usada para configurar um servidor ou cliente que pode lidar com uma variedade de clientes e navegadores, não há necessidade de restringir a versão do TLS para TLS 1.3 apenas por causa de suporte a navegadores antigos como Internet Explorer 10.",14,especifica,especialista:d1145f8b,a81b6f5ca3a4f70c2cdbca1436fd138ccc84976ee981aa1726e3dff9ae4e4311,928,128,0.00000000
5e5c4b7d:CWE-327:false_positive#13,argoproj/argo-cd,CWE-327,FP,ollama:qwen2.5-coder:7b,especialista,seguro,DETECTADO,Semgrep FP (ruído sobre código seguro),FP,Verdadeiro Negativo (Acerto),5.74,"O alerta é um FALSO POSITIVO porque o código está configurando uma conexão TLS, mas não está usando diretamente os algoritmos de hash mencionados (md5 ou sha1). Em vez disso, ele está configurando a versão mínima do protocolo TLS. A função `CreateServerTLSConfig` configura a versão mínima do protocolo TLS para TLS 1.3, conforme recomendado pela mensagem do alerta. Isso não envolve o uso de algoritmos de hash e, portanto, não constitui uma vulnerabilidade.",14,especifica,especialista:d1145f8b,a81b6f5ca3a4f70c2cdbca1436fd138ccc84976ee981aa1726e3dff9ae4e4311,1266,140,0.00000000
5e5c4b7d:CWE-338:false_positive,argoproj/argo-cd,CWE-338,FP,ollama:qwen2.5-coder:7b,especialista,seguro,DETECTADO,Semgrep FP (ruído sobre código seguro),FP,Verdadeiro Negativo (Acerto),5.55,"O uso de `math/rand` neste contexto não constitui uma vulnerabilidade real. A função é usada para calcular um valor aleatório entre 0 e 1, que é então multiplicado por um número constante (2^32) e convertido em um inteiro sem sinal. Este valor é usado como parte de um cálculo matemático para determinar a quantidade máxima de tempo que uma operação pode levar. A imprevisibilidade não é necessária neste caso, pois o valor gerado é apenas uma porcentagem do tempo máximo permitido.",3,especifica,especialista:d1145f8b,a81b6f5ca3a4f70c2cdbca1436fd138ccc84976ee981aa1726e3dff9ae4e4311,1058,138,0.00000000
5e5c4b7d:CWE-338:false_positive#1,argoproj/argo-cd,CWE-338,FP,ollama:qwen2.5-coder:7b,especialista,seguro,DETECTADO,Semgrep FP (ruído sobre código seguro),FP,Verdadeiro Negativo (Acerto),5.39,"O uso de `math/rand` neste contexto não constitui uma vulnerabilidade real. A função `rand.Intn(256)` é usada para gerar números aleatórios que serão convertidos em um token de sessão, mas o contexto específico desta operação (geração de tokens) requer imprevisibilidade e pede crypto/rand. No entanto, neste caso, a função `math/rand` está sendo usada dentro de uma função que gera tokens de sessão, onde a imprevisibilidade é crucial para evitar ataques como replay attacks.",3,especifica,especialista:d1145f8b,a81b6f5ca3a4f70c2cdbca1436fd138ccc84976ee981aa1726e3dff9ae4e4311,995,135,0.00000000
5e5c4b7d:CWE-338:false_positive#2,argoproj/argo-cd,CWE-338,FP,ollama:qwen2.5-coder:7b,especialista,seguro,DETECTADO,Semgrep FP (ruído sobre código seguro),FP,Verdadeiro Negativo (Acerto),5.45,"O uso de `math/rand` neste contexto não constitui uma vulnerabilidade real. A função `rand.Intn(256)` é usada para gerar um número aleatório entre 0 e 255, que é então convertido em um byte. Este processo não é usado para gerar tokens, chaves ou nonces que exigem imprevisibilidade criptográfica. Em vez disso, parece ser uma operação simples de geração de números aleatórios para fins de distribuição uniforme entre 0 e 255.",3,especifica,especialista:d1145f8b,a81b6f5ca3a4f70c2cdbca1436fd138ccc84976ee981aa1726e3dff9ae4e4311,1065,135,0.00000000
5e5c4b7d:CWE-352:false_positive,argoproj/argo-cd,CWE-352,FP,ollama:qwen2.5-coder:7b,especialista,seguro,DETECTADO,Semgrep FP (ruído sobre código seguro),FP,Verdadeiro Negativo (Acerto),4.45,"O código não está alterando estado no servidor em resposta à requisição WebSocket. Ele apenas estabelece uma conexão de WebSocket e extrai um token do cabeçalho da requisição. Como não há nenhuma ação que possa ser comprometida por CSRF, este alerta é um FALSO POSITIVO.",1,especifica,especialista:d1145f8b,a81b6f5ca3a4f70c2cdbca1436fd138ccc84976ee981aa1726e3dff9ae4e4311,1059,90,0.00000000
5e5c4b7d:CWE-377:false_positive,argoproj/argo-cd,CWE-377,FP,ollama:qwen2.5-coder:7b,especialista,seguro,DETECTADO,Semgrep FP (ruído sobre código seguro),FP,Verdadeiro Negativo (Acerto),5.57,"A entrada que está sendo usada para criar o arquivo temporário é uma string constante ('/tmp/tls.crt' e '/tmp/tls.key'), não controlável por um agente externo. Além disso, a criação do arquivo temporário está sendo feita em um diretório compartilhado (tmp), mas isso não constitui uma vulnerabilidade em si, pois o caminho é inalcançável no contexto deste código.",1,fallback,especialista:d1145f8b,a81b6f5ca3a4f70c2cdbca1436fd138ccc84976ee981aa1726e3dff9ae4e4311,1782,111,0.00000000
5e5c4b7d:CWE-400:false_positive,argoproj/argo-cd,CWE-400,FP,ollama:qwen2.5-coder:7b,especialista,seguro,DETECTADO,Semgrep FP (ruído sobre código seguro),FP,Verdadeiro Negativo (Acerto),5.26,"O código não está sujeito a uma bomba de descompressão (zip bomb) porque ele lida com arquivos tar, não zip. A função `untar` é projetada para ler e extrair arquivos tar, não zip. Além disso, o código inclui verificações de segurança contra ataques como zip-slip e symlinks inválidos, que são específicos para arquivos tar e não aplicáveis a arquivos zip.",1,fallback,especialista:d1145f8b,a81b6f5ca3a4f70c2cdbca1436fd138ccc84976ee981aa1726e3dff9ae4e4311,1389,113,0.00000000
5e5c4b7d:CWE-470:false_positive,argoproj/argo-cd,CWE-470,FP,ollama:qwen2.5-coder:7b,especialista,seguro,DETECTADO,Semgrep FP (ruído sobre código seguro),FP,Verdadeiro Negativo (Acerto),4.31,"O código não usa reflexão para selecionar métodos ou campos com base em entrada externa. Em vez disso, ele itera sobre um conjunto fixo de campos permitidos ('Status', 'Health', 'Hook', 'Message') e atualiza apenas esses campos se houver uma diferença entre os valores atuais e novos.",1,especifica,especialista:d1145f8b,a81b6f5ca3a4f70c2cdbca1436fd138ccc84976ee981aa1726e3dff9ae4e4311,992,87,0.00000000
5e5c4b7d:CWE-601:false_positive,argoproj/argo-cd,CWE-601,FP,ollama:qwen2.5-coder:7b,especialista,seguro,DETECTADO,Semgrep FP (ruído sobre código seguro),FP,Verdadeiro Negativo (Acerto),5.15,"O código verifica se a URL de logout é uma URL absoluta (iniciada com 'http://' ou 'https://') antes de redirecionar. Se for uma URL absoluta, ela é rejeitada e o usuário é redirecionado para um URL interno padrão. Isso impede que o atacante use a entrada do usuário para redirecionar para um site malicioso.",3,especifica,especialista:d1145f8b,a81b6f5ca3a4f70c2cdbca1436fd138ccc84976ee981aa1726e3dff9ae4e4311,1532,105,0.00000000
5e5c4b7d:CWE-601:false_positive#1,argoproj/argo-cd,CWE-601,FP,ollama:qwen2.5-coder:7b,especialista,seguro,DETECTADO,Semgrep FP (ruído sobre código seguro),FP,Verdadeiro Negativo (Acerto),1108.26,"O código não está sujeito a uma vulnerabilidade de redirecionamento aberto (open redirect) porque o destino do redirecionamento é construído a partir da combinação de `req.Host` e `req.URL.Path`, que são partes controladas pelo servidor e não por entrada externa. Além disso, o código adiciona um prefixo baseado em `rootPath`, garantindo que o resultado seja sempre uma URL relativa ao contexto do servidor.",3,especifica,especialista:d1145f8b,a81b6f5ca3a4f70c2cdbca1436fd138ccc84976ee981aa1726e3dff9ae4e4311,1108,116,0.00000000
5e5c4b7d:CWE-601:false_positive#2,argoproj/argo-cd,CWE-601,FP,ollama:qwen2.5-coder:7b,especialista,seguro,DETECTADO,Semgrep FP (ruído sobre código seguro),FP,Verdadeiro Negativo (Acerto),5.09,"O código verifica se o valor de `return_url` é válido antes de usá-lo para redirecionamento. A função `isValidRedirectURL` garante que a URL fornecida seja segura e confiável, rejeitando qualquer URL absoluta ou não correspondente ao domínio permitido. Portanto, este código não constitui uma vulnerabilidade de redirecionamento aberto.",3,especifica,especialista:d1145f8b,a81b6f5ca3a4f70c2cdbca1436fd138ccc84976ee981aa1726e3dff9ae4e4311,1427,102,0.00000000
5e5c4b7d:CWE-614:false_positive,argoproj/argo-cd,CWE-614,FP,ollama:qwen2.5-coder:7b,especialista,seguro,DETECTADO,Semgrep FP (ruído sobre código seguro),FP,Verdadeiro Negativo (Acerto),5.57,"O cookie em questão é um token de autenticação, que é sensível. No entanto, o código está configurando o atributo 'Secure' para true, conforme mostrado abaixo: argocdCookie := http.Cookie{Name: cookie.Name, Value: """", Path: ""/"" + strings.TrimRight(strings.TrimLeft(h.baseHRef, ""/""), ""/""), Secure: true}. Portanto, este é um caso de FALSO POSITIVO.",2,especifica,especialista:d1145f8b,a81b6f5ca3a4f70c2cdbca1436fd138ccc84976ee981aa1726e3dff9ae4e4311,1452,117,0.00000000
5e5c4b7d:CWE-614:false_positive#1,argoproj/argo-cd,CWE-614,FP,ollama:qwen2.5-coder:7b,especialista,seguro,DETECTADO,Semgrep FP (ruído sobre código seguro),VP,Falso Positivo (Ruído Mantido),5.05,"O cookie de estado (state) é criado sem o atributo 'Secure', o que pode expor seu valor em conexões HTTP não cifradas, mesmo que a aplicação esteja sendo acessada via HTTPS. De acordo com a RFC 6749, o valor do state deve ser guessable com probabilidade <= 2^(-128), e transmitir esse cookie por HTTP não seguro pode comprometer a segurança da sessão.",2,especifica,especialista:d1145f8b,a81b6f5ca3a4f70c2cdbca1436fd138ccc84976ee981aa1726e3dff9ae4e4311,1084,112,0.00000000
5e5c4b7d:CWE-665:false_positive,argoproj/argo-cd,CWE-665,FP,ollama:qwen2.5-coder:7b,especialista,seguro,DETECTADO,Semgrep FP (ruído sobre código seguro),FP,Verdadeiro Negativo (Acerto),4.99,"O código não inicializa a variável `response` de forma inadequada. A variável `response` é usada apenas para verificar se o status code é `http.StatusNotFound`, que indica que o repositório não foi encontrado. Neste contexto, a variável `response` não está sendo modificada ou usada em uma maneira que possa levar a um estado inesperado ou previsível.",5,especifica,especialista:d1145f8b,a81b6f5ca3a4f70c2cdbca1436fd138ccc84976ee981aa1726e3dff9ae4e4311,1224,105,0.00000000
5e5c4b7d:CWE-665:false_positive#1,argoproj/argo-cd,CWE-665,FP,ollama:qwen2.5-coder:7b,especialista,seguro,DETECTADO,Semgrep FP (ruído sobre código seguro),FP,Verdadeiro Negativo (Acerto),4.58,"O código não apresenta uma vulnerabilidade real. A variável `resp` é usada para verificar o status da resposta HTTP, mas ela não é modificada após a inicialização. O uso de `resp.StatusCode` para verificar erros e retornar um valor padrão em caso de `http.StatusNotFound` é uma prática comum e segura.",5,especifica,especialista:d1145f8b,a81b6f5ca3a4f70c2cdbca1436fd138ccc84976ee981aa1726e3dff9ae4e4311,1079,90,0.00000000
5e5c4b7d:CWE-665:false_positive#2,argoproj/argo-cd,CWE-665,FP,ollama:qwen2.5-coder:7b,especialista,seguro,DETECTADO,Semgrep FP (ruído sobre código seguro),FP,Verdadeiro Negativo (Acerto),5.21,"O alerta é um FALSO POSITIVO porque a iteração sobre o mapa `orphanedNodesMap` não constitui uma vulnerabilidade. O mapa é inicializado corretamente e preenchido com valores antes de ser iterado, conforme mostrado no código.",5,especifica,especialista:d1145f8b,a81b6f5ca3a4f70c2cdbca1436fd138ccc84976ee981aa1726e3dff9ae4e4311,2145,75,0.00000000
5e5c4b7d:CWE-665:false_positive#3,argoproj/argo-cd,CWE-665,FP,ollama:qwen2.5-coder:7b,especialista,seguro,DETECTADO,Semgrep FP (ruído sobre código seguro),FP,Verdadeiro Negativo (Acerto),4.77,"O código não está iterando sobre um mapa vazio. A variável `repoRefs` é inicializada como um mapa vazio, mas logo após isso, a função `resolveReferencedSources` é chamada para preenchê-lo com valores. Se o mapa estivesse vazio, seria uma situação problemática, mas neste caso, ele sempre será populado antes de ser iterado.",5,especifica,especialista:d1145f8b,a81b6f5ca3a4f70c2cdbca1436fd138ccc84976ee981aa1726e3dff9ae4e4311,1148,99,0.00000000
5e5c4b7d:CWE-665:false_positive#4,argoproj/argo-cd,CWE-665,FP,ollama:qwen2.5-coder:7b,especialista,seguro,DETECTADO,Semgrep FP (ruído sobre código seguro),FP,Verdadeiro Negativo (Acerto),3.99,"A variável `r` é inicializada dentro do loop for antes de ser usada. Ela não é modificada em nenhum ponto entre a inicialização e o uso, então não há risco de um nil dereference.",5,especifica,especialista:d1145f8b,a81b6f5ca3a4f70c2cdbca1436fd138ccc84976ee981aa1726e3dff9ae4e4311,1013,65,0.00000000
5e5c4b7d:CWE-667:false_positive,argoproj/argo-cd,CWE-667,FP,ollama:qwen2.5-coder:7b,especialista,seguro,DETECTADO,Semgrep FP (ruído sobre código seguro),FP,Verdadeiro Negativo (Acerto),3.96,"O uso de defer t.writeLock.Unlock() logo após o Lock garante que o mutex seja liberado em todos os caminhos de retorno, incluindo o de erro. Portanto, não há risco de trava residual ou deadlock neste código.",1,especifica,especialista:d1145f8b,a81b6f5ca3a4f70c2cdbca1436fd138ccc84976ee981aa1726e3dff9ae4e4311,973,69,0.00000000
5e5c4b7d:CWE-79:false_positive,argoproj/argo-cd,CWE-79,FP,ollama:qwen2.5-coder:7b,especialista,seguro,DETECTADO,Semgrep FP (ruído sobre código seguro),FP,Verdadeiro Negativo (Acerto),5.29,"O código não está utilizando a função `template.HTML` para incorporar dados de entrada do usuário diretamente em uma saída HTML. Em vez disso, ele usa o pacote `text/template`, que já aplica escape automático a qualquer conteúdo inserido. Portanto, não há risco de injeção de script e este alerta é um FALSO POSITIVO.",9,especifica,especialista:d1145f8b,a81b6f5ca3a4f70c2cdbca1436fd138ccc84976ee981aa1726e3dff9ae4e4311,1223,97,0.00000000
5e5c4b7d:CWE-79:false_positive#1,argoproj/argo-cd,CWE-79,FP,ollama:qwen2.5-coder:7b,especialista,seguro,DETECTADO,Semgrep FP (ruído sobre código seguro),FP,Verdadeiro Negativo (Acerto),4.75,"O código não está utilizando a função `text/template` para renderizar conteúdo gerado pelo usuário, o que significa que não há vulnerabilidade de Cross-Site Scripting (XSS). Em vez disso, o código utiliza a biblioteca `html/template`, que fornece funcionalidade interna para escapar automaticamente o conteúdo HTML. Portanto, este é um FALSO POSITIVO.",9,especifica,especialista:d1145f8b,a81b6f5ca3a4f70c2cdbca1436fd138ccc84976ee981aa1726e3dff9ae4e4311,1197,101,0.00000000
5e5c4b7d:CWE-79:false_positive#3,argoproj/argo-cd,CWE-79,FP,ollama:qwen2.5-coder:7b,especialista,seguro,DETECTADO,Semgrep FP (ruído sobre código seguro),FP,Verdadeiro Negativo (Acerto),4.23,"O código não está diretamente escrevendo dados de entrada do usuário em um http.ResponseWriter sem escape. Em vez disso, ele está escrevendo conteúdo formatado como texto simples, que não é vulnerável a injeção de script.",9,especifica,especialista:d1145f8b,a81b6f5ca3a4f70c2cdbca1436fd138ccc84976ee981aa1726e3dff9ae4e4311,1345,67,0.00000000
5e5c4b7d:CWE-79:false_positive#4,argoproj/argo-cd,CWE-79,FP,ollama:qwen2.5-coder:7b,especialista,seguro,DETECTADO,Semgrep FP (ruído sobre código seguro),FP,Verdadeiro Negativo (Acerto),5.70,"O código não está incorporando diretamente a entrada do usuário em uma string HTML manualmente construída. Em vez disso, ele usa um template SVG que é preenchido com dados de entrada sanitizados. O uso de `fmt.Fprintf(w, ...)` não é encontrado neste contexto.",9,especifica,especialista:d1145f8b,a81b6f5ca3a4f70c2cdbca1436fd138ccc84976ee981aa1726e3dff9ae4e4311,2778,77,0.00000000
5e5c4b7d:CWE-79:false_positive#5,argoproj/argo-cd,CWE-79,FP,ollama:qwen2.5-coder:7b,especialista,seguro,DETECTADO,Semgrep FP (ruído sobre código seguro),FP,Verdadeiro Negativo (Acerto),4.47,"O código não está incorporando dados do usuário diretamente na saída HTML sem escape apropriado. Em vez disso, ele usa o pacote `html/template` para renderizar conteúdo HTML de forma segura.",9,especifica,especialista:d1145f8b,a81b6f5ca3a4f70c2cdbca1436fd138ccc84976ee981aa1726e3dff9ae4e4311,1161,62,0.00000000
5e5c4b7d:CWE-79:false_positive#6,argoproj/argo-cd,CWE-79,FP,ollama:qwen2.5-coder:7b,especialista,seguro,DETECTADO,Semgrep FP (ruído sobre código seguro),FP,Verdadeiro Negativo (Acerto),4.44,"O código não está vulnerável a Cross-site Scripting (XSS) porque os dados sendo escritos no http.ResponseWriter são arquivos de JavaScript, que já são tratados como HTML pelo navegador. Além disso, o conteúdo dos arquivos é lido e escrito diretamente sem qualquer manipulação ou escape adicional.",9,especifica,especialista:d1145f8b,a81b6f5ca3a4f70c2cdbca1436fd138ccc84976ee981aa1726e3dff9ae4e4311,1208,83,0.00000000
5e5c4b7d:CWE-79:false_positive#7,argoproj/argo-cd,CWE-79,FP,ollama:qwen2.5-coder:7b,especialista,seguro,DETECTADO,Semgrep FP (ruído sobre código seguro),FP,Verdadeiro Negativo (Acerto),4.35,"O código não está incorporando dados de entrada do usuário diretamente na saída HTML sem escape apropriado. Em vez disso, ele usa o pacote `text/template` para renderizar conteúdo HTML, que fornece funcionalidade interna para escapar automaticamente o conteúdo HTML.",9,especifica,especialista:d1145f8b,a81b6f5ca3a4f70c2cdbca1436fd138ccc84976ee981aa1726e3dff9ae4e4311,1139,78,0.00000000
5e5c4b7d:CWE-79:false_positive#8,argoproj/argo-cd,CWE-79,FP,ollama:qwen2.5-coder:7b,especialista,seguro,DETECTADO,Semgrep FP (ruído sobre código seguro),FP,Verdadeiro Negativo (Acerto),4.34,"O código não está incorporando dados do usuário diretamente na saída HTML. A variável `swaggerJSON` é uma string constante definida no código, não recebendo entrada externa. Portanto, não há risco de injeção de script e o alerta é um FALSO POSITIVO.",9,especifica,especialista:d1145f8b,a81b6f5ca3a4f70c2cdbca1436fd138ccc84976ee981aa1726e3dff9ae4e4311,1024,84,0.00000000
5e5c4b7d:CWE-94:false_positive,argoproj/argo-cd,CWE-94,FP,ollama:qwen2.5-coder:7b,especialista,seguro,DETECTADO,Semgrep FP (ruído sobre código seguro),FP,Verdadeiro Negativo (Acerto),4.90,"O texto do comando é constante e não provém de entrada externa. A função 'command' constrói um objeto 'exec.Cmd' com um caminho de execução fixo ('name') e argumentos variáveis ('arg...'), mas esses valores são passados como dados para a execução, não como código injetável.",6,especifica,especialista:d1145f8b,a81b6f5ca3a4f70c2cdbca1436fd138ccc84976ee981aa1726e3dff9ae4e4311,939,88,0.00000000
5e5c4b7d:CWE-94:false_positive#1,argoproj/argo-cd,CWE-94,FP,ollama:qwen2.5-coder:7b,especialista,seguro,DETECTADO,Semgrep FP (ruído sobre código seguro),FP,Verdadeiro Negativo (Acerto),3.78,"O texto do comando é constante do programa; a entrada externa é apenas dado interpolado, não código de comando.",6,especifica,especialista:d1145f8b,a81b6f5ca3a4f70c2cdbca1436fd138ccc84976ee981aa1726e3dff9ae4e4311,1348,42,0.00000000
5e5c4b7d:CWE-94:false_positive#2,argoproj/argo-cd,CWE-94,FP,ollama:qwen2.5-coder:7b,especialista,seguro,DETECTADO,Semgrep FP (ruído sobre código seguro),FP,Verdadeiro Negativo (Acerto),5.53,"O texto do comando é constante e não vem da entrada externa. A função `exec.Command` está sendo usada para invocar um editor de texto, onde o nome do editor e seus argumentos são definidos em variáveis locais que podem ser configuradas pelo usuário através de uma variável de ambiente. No entanto, esses valores não são utilizados diretamente na geração de comandos dinâmicos ou na execução de código arbitrário. O texto do comando é fixo e não contém partes que possam ser injetadas pelo usuário.",6,especifica,especialista:d1145f8b,a81b6f5ca3a4f70c2cdbca1436fd138ccc84976ee981aa1726e3dff9ae4e4311,1066,138,0.00000000
5e5c4b7d:CWE-94:false_positive#3,argoproj/argo-cd,CWE-94,FP,ollama:qwen2.5-coder:7b,especialista,seguro,DETECTADO,Semgrep FP (ruído sobre código seguro),FP,Verdadeiro Negativo (Acerto),3.84,"O texto do comando é constante; a entrada externa entra apenas como dado. A função `exec.Command` não permite injeção de código, pois o texto do comando é fixo no código e os argumentos são passados separadamente.",6,especifica,especialista:d1145f8b,a81b6f5ca3a4f70c2cdbca1436fd138ccc84976ee981aa1726e3dff9ae4e4311,833,68,0.00000000
5e5c4b7d:CWE-94:false_positive#4,argoproj/argo-cd,CWE-94,FP,ollama:qwen2.5-coder:7b,especialista,seguro,DETECTADO,Semgrep FP (ruído sobre código seguro),FP,Verdadeiro Negativo (Acerto),4.47,"O texto do comando é constante e não provém de entrada externa. A função `runGnuPGWrapper` recebe parâmetros fixos (`wrapper` e `args...`) que são usados para construir o comando a ser executado, mas esses valores não podem ser alterados pelo usuário. Portanto, não há risco de injeção de código.",6,especifica,especialista:d1145f8b,a81b6f5ca3a4f70c2cdbca1436fd138ccc84976ee981aa1726e3dff9ae4e4311,872,96,0.00000000
5e5c4b7d:CWE-94:false_positive#5,argoproj/argo-cd,CWE-94,FP,ollama:qwen2.5-coder:7b,especialista,seguro,DETECTADO,Semgrep FP (ruído sobre código seguro),FP,Verdadeiro Negativo (Acerto),6.38,"O código não está executando comandos de forma dinâmica a partir da entrada do usuário. Todos os comandos são construídos usando valores constantes ou variáveis que são controladas pelo sistema, e não por dados fornecidos pelo usuário.",6,especifica,especialista:d1145f8b,a81b6f5ca3a4f70c2cdbca1436fd138ccc84976ee981aa1726e3dff9ae4e4311,3690,71,0.00000000
e4311d83:CWE-1004:false_positive,argoproj/argo-cd,CWE-1004,FP,ollama:qwen2.5-coder:7b,especialista,seguro,DETECTADO,Semgrep FP (ruído sobre código seguro),FP,Verdadeiro Negativo (Acerto),4.22,"O cookie em questão é um token de autenticação que precisa ser lido pelo front-end para realizar operações como logout. Portanto, a ausência do atributo HttpOnly não constitui uma vulnerabilidade.",1,especifica,especialista:d1145f8b,a81b6f5ca3a4f70c2cdbca1436fd138ccc84976ee981aa1726e3dff9ae4e4311,1500,61,0.00000000
e4311d83:CWE-115:false_positive,argoproj/argo-cd,CWE-115,FP,ollama:qwen2.5-coder:7b,especialista,seguro,DETECTADO,Semgrep FP (ruído sobre código seguro),FP,Verdadeiro Negativo (Acerto),4.86,"O código não apresenta uma vulnerabilidade devido à interpretação incorreta de entrada. A função `Director` do `httputil.ReverseProxy` está sendo usada corretamente para reescrever a solicitação HTTP, removendo cabeçalhos específicos e adicionando novos cabeçalhos conforme necessário. Não há evidências de que esta abordagem esteja causando uma interpretação incorreta de entrada.",2,especifica,especialista:d1145f8b,a81b6f5ca3a4f70c2cdbca1436fd138ccc84976ee981aa1726e3dff9ae4e4311,981,111,0.00000000
e4311d83:CWE-115:false_positive#1,argoproj/argo-cd,CWE-115,FP,ollama:qwen2.5-coder:7b,especialista,seguro,DETECTADO,Semgrep FP (ruído sobre código seguro),FP,Verdadeiro Negativo (Acerto),4.58,"O alerta é um FALSO POSITIVO porque a chamada para `proxy.Director` não está sendo usada de forma que possa levar à interpretação incorreta de entrada. A função `decorateDirector` é aplicada ao diretório, mas não há evidências de que isso cause uma reinterpretação inadequada da entrada.",2,especifica,especialista:d1145f8b,a81b6f5ca3a4f70c2cdbca1436fd138ccc84976ee981aa1726e3dff9ae4e4311,1152,92,0.00000000
e4311d83:CWE-300:false_positive,argoproj/argo-cd,CWE-300,FP,ollama:qwen2.5-coder:7b,especialista,seguro,DETECTADO,Semgrep FP (ruído sobre código seguro),FP,Verdadeiro Negativo (Acerto),4.53,"A entrada para o gRPC server não é controlada pelo usuário externo. O servidor gRPC é configurado dentro do próprio código, sem receber dados de entrada externa que possam ser manipulados por um agente externo. Além disso, a função 'CreateGRPC' não possui qualquer chamada que possa levar à criação de uma conexão insegura.",2,fallback,especialista:d1145f8b,a81b6f5ca3a4f70c2cdbca1436fd138ccc84976ee981aa1726e3dff9ae4e4311,944,98,0.00000000
e4311d83:CWE-300:false_positive#1,argoproj/argo-cd,CWE-300,FP,ollama:qwen2.5-coder:7b,especialista,seguro,DETECTADO,Semgrep FP (ruído sobre código seguro),FP,Verdadeiro Negativo (Acerto),4.47,"A entrada para o gRPC server não é controlada pelo usuário externo. Ela é determinada pela função `Start` internamente, sendo uma string constante passada para a função `net.Listen`. Além disso, o código não cria uma conexão insegura, já que não há chamadas a funções que permitam conexões sem criptografia.",2,fallback,especialista:d1145f8b,a81b6f5ca3a4f70c2cdbca1436fd138ccc84976ee981aa1726e3dff9ae4e4311,943,94,0.00000000
e4311d83:CWE-319:false_positive,argoproj/argo-cd,CWE-319,FP,ollama:qwen2.5-coder:7b,especialista,seguro,DETECTADO,Semgrep FP (ruído sobre código seguro),FP,Verdadeiro Negativo (Acerto),5.80,"O código configura um cliente HTTP que desabilita a verificação de certificados TLS (`InsecureSkipVerify: true`). No entanto, isso é feito apenas quando o parâmetro `insecure` é verdadeiro. Isso geralmente ocorre em ambientes de desenvolvimento ou teste onde a segurança pode ser comprometida por razões específicas (como em um ambiente local sem certificados válidos). Em produção, essa configuração não deve ser usada e seria considerada uma vulnerabilidade real se ativada acidentalmente. Portanto, neste contexto específico, o alerta é um FALSO POSITIVO.",32,especifica,especialista:d1145f8b,a81b6f5ca3a4f70c2cdbca1436fd138ccc84976ee981aa1726e3dff9ae4e4311,1006,150,0.00000000
e4311d83:CWE-319:false_positive#1,argoproj/argo-cd,CWE-319,FP,ollama:qwen2.5-coder:7b,especialista,seguro,DETECTADO,Semgrep FP (ruído sobre código seguro),FP,Verdadeiro Negativo (Acerto),4.35,"O código desabilita a verificação de certificados TLS apenas quando o parâmetro 'insecure' é verdadeiro. Isso é considerado uma medida temporária para fins de depuração e não constitui uma vulnerabilidade real, pois os dados são enviados via HTTPS quando 'insecure' é falso.",32,especifica,especialista:d1145f8b,a81b6f5ca3a4f70c2cdbca1436fd138ccc84976ee981aa1726e3dff9ae4e4311,1027,84,0.00000000
e4311d83:CWE-319:false_positive#2,argoproj/argo-cd,CWE-319,FP,ollama:qwen2.5-coder:7b,especialista,seguro,DETECTADO,Semgrep FP (ruído sobre código seguro),FP,Verdadeiro Negativo (Acerto),4.09,"O código não envia dados sensíveis em texto claro. A função `http.ListenAndServe` é usada para iniciar um servidor HTTP, mas não há evidências de que os dados transmitidos pelo servidor sejam sensíveis ou que a comunicação esteja ocorrendo em texto claro.",32,especifica,especialista:d1145f8b,a81b6f5ca3a4f70c2cdbca1436fd138ccc84976ee981aa1726e3dff9ae4e4311,909,76,0.00000000
e4311d83:CWE-319:false_positive#3,argoproj/argo-cd,CWE-319,FP,ollama:qwen2.5-coder:7b,especialista,seguro,DETECTADO,Semgrep FP (ruído sobre código seguro),FP,Verdadeiro Negativo (Acerto),4.81,"O código não transmite informações sensíveis em texto claro. A função `apiclient.NewConnection` é usada para estabelecer uma conexão com o próprio servidor, que é segura porque a comunicação ocorre entre componentes internos do mesmo sistema e não via rede externa.",32,especifica,especialista:d1145f8b,a81b6f5ca3a4f70c2cdbca1436fd138ccc84976ee981aa1726e3dff9ae4e4311,1744,79,0.00000000
e4311d83:CWE-319:false_positive#4,argoproj/argo-cd,CWE-319,FP,ollama:qwen2.5-coder:7b,especialista,seguro,DETECTADO,Semgrep FP (ruído sobre código seguro),FP,Verdadeiro Negativo (Acerto),5.36,O alerta é um FALSO POSITIVO porque a chamada `http.ListenAndServe` não está sendo usada para transmitir dados sensíveis. A função `NewCommand` configura um servidor HTTP que serve métricas e não envia dados sensíveis em texto claro.,32,especifica,especialista:d1145f8b,a81b6f5ca3a4f70c2cdbca1436fd138ccc84976ee981aa1726e3dff9ae4e4311,2446,76,0.00000000
e4311d83:CWE-319:false_positive#5,argoproj/argo-cd,CWE-319,FP,ollama:qwen2.5-coder:7b,especialista,seguro,DETECTADO,Semgrep FP (ruído sobre código seguro),FP,Verdadeiro Negativo (Acerto),6.13,"O código não está configurado para iniciar um servidor HTTP sem TLS. A variável `disableTLS` é usada para controlar se o TLS deve ser desabilitado, mas ela é inicializada como `false` e não há nenhum caminho no código que permita a execução de `http.ListenAndServe` sem TLS. Portanto, este alerta é um FALSO POSITIVO.",32,especifica,especialista:d1145f8b,a81b6f5ca3a4f70c2cdbca1436fd138ccc84976ee981aa1726e3dff9ae4e4311,3808,101,0.00000000
e4311d83:CWE-319:false_positive#29,argoproj/argo-cd,CWE-319,FP,ollama:qwen2.5-coder:7b,especialista,seguro,DETECTADO,Semgrep FP (ruído sobre código seguro),FP,Verdadeiro Negativo (Acerto),5.53,"O código não desabilita a verificação de certificados TLS/SSL. Em vez disso, ele verifica os certificados conforme configurado na estrutura `tlsConfig`. A linha que menciona 'InsecureSkipVerify' é condicional e só é ativada se `tlsConfig.StrictValidation` for falso. Caso contrário, o código usa certificados de raiz confiáveis fornecidos em `tlsConfig.Certificates`. Portanto, a desativação da verificação de TLS/SSL não ocorre neste contexto.",32,especifica,especialista:d1145f8b,a81b6f5ca3a4f70c2cdbca1436fd138ccc84976ee981aa1726e3dff9ae4e4311,1194,130,0.00000000
e4311d83:CWE-319:false_positive#30,argoproj/argo-cd,CWE-319,FP,ollama:qwen2.5-coder:7b,especialista,seguro,DETECTADO,Semgrep FP (ruído sobre código seguro),FP,Verdadeiro Negativo (Acerto),6.57,"O código não desabilita a verificação de certificados TLS/SSL. A flag 'redis-insecure-skip-tls-verify' é usada apenas para fins de depuração, conforme indicado no alerta. O código verifica se essa flag está ativada e, nesse caso, configura `tlsConfig.InsecureSkipVerify = true`, o que significa que a verificação do certificado TLS/SSL será ignorada. No entanto, isso é feito explicitamente para fins de depuração e não constitui uma vulnerabilidade real.",32,especifica,especialista:d1145f8b,a81b6f5ca3a4f70c2cdbca1436fd138ccc84976ee981aa1726e3dff9ae4e4311,2377,133,0.00000000
e4311d83:CWE-319:false_positive#31,argoproj/argo-cd,CWE-319,FP,ollama:qwen2.5-coder:7b,especialista,seguro,DETECTADO,Semgrep FP (ruído sobre código seguro),FP,Verdadeiro Negativo (Acerto),6.20,"O código configura uma conexão TLS com a opção `InsecureSkipVerify` definida como `true`, o que desativa a verificação do certificado TLS. No entanto, isso é feito de forma controlada e condicional, dependendo da configuração fornecida pelo parâmetro `tlsConfig`. A função verifica se `DisableTLS` está ativado ou se `StrictValidation` está desativado antes de configurar a opção `InsecureSkipVerify`. Isso sugere que esta configuração é usada para fins específicos, como em ambientes de desenvolvimento ou testes, onde a verificação do certificado não é necessária. Portanto, este código não constitui uma vulnerabilidade real.",32,especifica,especialista:d1145f8b,a81b6f5ca3a4f70c2cdbca1436fd138ccc84976ee981aa1726e3dff9ae4e4311,964,173,0.00000000
e4311d83:CWE-322:false_positive,argoproj/argo-cd,CWE-322,FP,ollama:qwen2.5-coder:7b,especialista,seguro,DETECTADO,Semgrep FP (ruído sobre código seguro),FP,Verdadeiro Negativo (Acerto),7.83,"A entrada 'repoURL' é controlada pelo usuário através da função IsSSHURL, que verifica se a URL é uma URL SSH. Se for, o código extrai o usuário da URL. Caso contrário, o usuário é definido como vazio. Em seguida, o código usa ssh.ParsePrivateKey para analisar a chave privada fornecida em creds.sshPrivateKey. Esta chave privada também é controlada pelo usuário. O HostKeyCallback é configurado com base no valor de creds.insecure. Se creds.insecure for verdadeiro, o HostKeyCallback será ssh.InsecureIgnoreHostKey(), que desativa a verificação da chave do host. No entanto, se creds.insecure for falso, o código usa knownhosts.New para configurar uma verificação de chave do host segura. Portanto, embora haja um ponto onde a verificação da chave do host possa ser desativada, isso não ocorre em um contexto controlado pelo usuário e é mitigado por uma verificação segura alternativa.",1,fallback,especialista:d1145f8b,a81b6f5ca3a4f70c2cdbca1436fd138ccc84976ee981aa1726e3dff9ae4e4311,1366,235,0.00000000
e4311d83:CWE-327:false_positive,argoproj/argo-cd,CWE-327,FP,ollama:qwen2.5-coder:7b,especialista,seguro,DETECTADO,Semgrep FP (ruído sobre código seguro),FP,Verdadeiro Negativo (Acerto),4.44,"O uso de TLS 1.2 como padrão em Go 1.22 já atende aos requisitos recomendados para a maioria dos aplicativos web, incluindo aqueles que lidam com credenciais e dados sensíveis. A configuração atual do código não apresenta vulnerabilidades significativas relacionadas à segurança TLS.",13,especifica,especialista:d1145f8b,a81b6f5ca3a4f70c2cdbca1436fd138ccc84976ee981aa1726e3dff9ae4e4311,1012,90,0.00000000
e4311d83:CWE-327:false_positive#1,argoproj/argo-cd,CWE-327,FP,ollama:qwen2.5-coder:7b,especialista,seguro,DETECTADO,Semgrep FP (ruído sobre código seguro),FP,Verdadeiro Negativo (Acerto),4.62,"O uso de TLS 1.2 como padrão em Go 1.22 já atende aos requisitos recomendados para a maioria dos aplicativos web, incluindo aqueles que lidam com credenciais e dados sensíveis. A configuração atual do código não apresenta vulnerabilidades significativas relacionadas à versão mínima do protocolo TLS.",13,especifica,especialista:d1145f8b,a81b6f5ca3a4f70c2cdbca1436fd138ccc84976ee981aa1726e3dff9ae4e4311,1033,96,0.00000000
e4311d83:CWE-327:false_positive#2,argoproj/argo-cd,CWE-327,FP,ollama:qwen2.5-coder:7b,especialista,seguro,DETECTADO,Semgrep FP (ruído sobre código seguro),FP,Verdadeiro Negativo (Acerto),4.45,"O alerta é um FALSO POSITIVO porque o código não está configurando uma versão mínima de TLS. Em vez disso, ele está apenas carregando certificados de autoridade raiz (CA) para a configuração TLS. A falta de MinVersion não constitui uma vulnerabilidade em este contexto.",13,especifica,especialista:d1145f8b,a81b6f5ca3a4f70c2cdbca1436fd138ccc84976ee981aa1726e3dff9ae4e4311,1074,86,0.00000000
e4311d83:CWE-327:false_positive#3,argoproj/argo-cd,CWE-327,FP,ollama:qwen2.5-coder:7b,especialista,seguro,DETECTADO,Semgrep FP (ruído sobre código seguro),FP,Verdadeiro Negativo (Acerto),4.96,"O alerta é um FALSO POSITIVO porque o código não está sendo usado para autenticação, assinatura, derivação de chave ou armazenamento de credencial. Em vez disso, ele está configurando uma conexão gRPC com TLS, que é uma prática recomendada e segura. A configuração do TLS no código é adequada e não apresenta vulnerabilidades conhecidas.",13,especifica,especialista:d1145f8b,a81b6f5ca3a4f70c2cdbca1436fd138ccc84976ee981aa1726e3dff9ae4e4311,1200,105,0.00000000
e4311d83:CWE-327:false_positive#4,argoproj/argo-cd,CWE-327,FP,ollama:qwen2.5-coder:7b,especialista,seguro,DETECTADO,Semgrep FP (ruído sobre código seguro),FP,Verdadeiro Negativo (Acerto),6.88,"O alerta é um FALSO POSITIVO porque o código não está usando uma configuração de TLS inadequada ou comprovadamente quebrada. A função `server.newHTTPServer` cria uma instância de `http.Server`, mas a configuração de TLS é feita em outra parte do código, onde é definido um `tls.Config` com `MinVersion: tls.VersionTLS13`. Isso garante que o servidor use pelo menos a versão TLS 1.3, que é considerada segura e não sujeita à exploração de ataques conhecidos.",13,especifica,especialista:d1145f8b,a81b6f5ca3a4f70c2cdbca1436fd138ccc84976ee981aa1726e3dff9ae4e4311,2472,144,0.00000000
e4311d83:CWE-327:false_positive#5,argoproj/argo-cd,CWE-327,FP,ollama:qwen2.5-coder:7b,especialista,seguro,DETECTADO,Semgrep FP (ruído sobre código seguro),FP,Verdadeiro Negativo (Acerto),5.73,"O alerta é um FALSO POSITIVO porque a configuração de TLS no código não está sendo usada para autenticação, assinatura, derivação de chave ou armazenamento de credencial. Em vez disso, ela está sendo usada para conexões seguras com um servidor Redis, o que é uma prática recomendada e segura.",13,especifica,especialista:d1145f8b,a81b6f5ca3a4f70c2cdbca1436fd138ccc84976ee981aa1726e3dff9ae4e4311,2383,95,0.00000000
e4311d83:CWE-327:false_positive#6,argoproj/argo-cd,CWE-327,FP,ollama:qwen2.5-coder:7b,especialista,seguro,DETECTADO,Semgrep FP (ruído sobre código seguro),FP,Verdadeiro Negativo (Acerto),4.90,"O código não está configurando um protocolo de criptografia, mas sim uma configuração TLS personalizada. A ausência de `MinVersion` em uma configuração TLS não constitui uma vulnerabilidade se a intenção é permitir apenas conexões seguras (TLS 1.2 ou superior). O código verifica explicitamente que o certificado do servidor corresponde ao esperado, o que sugere um uso seguro da criptografia.",13,especifica,especialista:d1145f8b,a81b6f5ca3a4f70c2cdbca1436fd138ccc84976ee981aa1726e3dff9ae4e4311,970,111,0.00000000
e4311d83:CWE-327:false_positive#7,argoproj/argo-cd,CWE-327,FP,ollama:qwen2.5-coder:7b,especialista,seguro,DETECTADO,Semgrep FP (ruído sobre código seguro),FP,Verdadeiro Negativo (Acerto),5.40,"O alerta é um FALSO POSITIVO porque o código não está sendo usado em um contexto de autenticação, assinatura, derivação de chave ou armazenamento de credencial. Em vez disso, ele está configurando uma conexão HTTP com TLS para acessar um repositório remoto. A configuração do TLS aqui é necessária para garantir a segurança da comunicação e não constitui vulnerabilidade em relação à fraqueza CWE-327.",13,especifica,especialista:d1145f8b,a81b6f5ca3a4f70c2cdbca1436fd138ccc84976ee981aa1726e3dff9ae4e4311,1345,121,0.00000000
e4311d83:CWE-327:false_positive#8,argoproj/argo-cd,CWE-327,FP,ollama:qwen2.5-coder:7b,especialista,seguro,DETECTADO,Semgrep FP (ruído sobre código seguro),FP,Verdadeiro Negativo (Acerto),4.92,"O alerta é um FALSO POSITIVO porque o código não está sendo usado em um contexto de autenticação, assinatura, derivação de chave ou armazenamento de credencial. Em vez disso, ele está configurando uma conexão TLS para testes de segurança, onde a configuração mínima do protocolo TLS é aceitável e até mesmo desejável.",13,especifica,especialista:d1145f8b,a81b6f5ca3a4f70c2cdbca1436fd138ccc84976ee981aa1726e3dff9ae4e4311,1247,101,0.00000000
e4311d83:CWE-327:false_positive#9,argoproj/argo-cd,CWE-327,FP,ollama:qwen2.5-coder:7b,especialista,seguro,DETECTADO,Semgrep FP (ruído sobre código seguro),FP,Verdadeiro Negativo (Acerto),5.73,"O alerta é um FALSO POSITIVO porque a função `newTLSConfig` está configurando uma conexão TLS, mas não especificamente para autenticação ou armazenamento de credenciais. A configuração do protocolo TLS é adequada para o contexto de comunicação segura entre cliente e servidor, sem necessidade de desabilitar versões mais antigas do protocolo. Além disso, a função `newTLSConfig` não está sendo usada diretamente para autenticação ou armazenamento de credenciais, mas sim para configurar uma conexão TLS genérica.",13,especifica,especialista:d1145f8b,a81b6f5ca3a4f70c2cdbca1436fd138ccc84976ee981aa1726e3dff9ae4e4311,1087,144,0.00000000
e4311d83:CWE-327:false_positive#10,argoproj/argo-cd,CWE-327,FP,ollama:qwen2.5-coder:7b,especialista,seguro,DETECTADO,Semgrep FP (ruído sobre código seguro),FP,Verdadeiro Negativo (Acerto),4.59,"O uso de TLS 1.2 como padrão em Go 1.22 é seguro para a maioria dos casos, especialmente para aplicações web genéricas que não precisam suportar clientes muito antigos ou navegadores inseguros. A configuração atual do código não apresenta vulnerabilidades significativas.",13,especifica,especialista:d1145f8b,a81b6f5ca3a4f70c2cdbca1436fd138ccc84976ee981aa1726e3dff9ae4e4311,1217,87,0.00000000
e4311d83:CWE-327:false_positive#11,argoproj/argo-cd,CWE-327,FP,ollama:qwen2.5-coder:7b,especialista,seguro,DETECTADO,Semgrep FP (ruído sobre código seguro),FP,Verdadeiro Negativo (Acerto),4.65,"O código não configura explicitamente a versão mínima do TLS, o que significa que, por padrão, o Go 1.22 usará TLS 1.2 como a versão mínima. Como o código não desativa outros protocolos TLS e não há indicação de necessidade de suporte a clientes legados com navegadores inseguros, este código não constitui uma vulnerabilidade.",13,especifica,especialista:d1145f8b,a81b6f5ca3a4f70c2cdbca1436fd138ccc84976ee981aa1726e3dff9ae4e4311,928,103,0.00000000
e4311d83:CWE-327:false_positive#12,argoproj/argo-cd,CWE-327,FP,ollama:qwen2.5-coder:7b,especialista,seguro,DETECTADO,Semgrep FP (ruído sobre código seguro),FP,Verdadeiro Negativo (Acerto),5.67,"O alerta é um FALSO POSITIVO porque o código está configurando uma conexão TLS, mas não está especificando a versão mínima do protocolo TLS. A função `CreateServerTLSConfig` está criando uma configuração de TLS que usa os valores padrão do Go, que já são seguros (TLS 1.2 como mínimo). O alerta sugere adicionar `MinVersion: tls.VersionTLS13`, mas isso não é necessário no contexto fornecido, pois o código já está usando a versão mínima recomendada.",13,especifica,especialista:d1145f8b,a81b6f5ca3a4f70c2cdbca1436fd138ccc84976ee981aa1726e3dff9ae4e4311,1266,136,0.00000000
e4311d83:CWE-338:false_positive,argoproj/argo-cd,CWE-338,FP,ollama:qwen2.5-coder:7b,especialista,seguro,DETECTADO,Semgrep FP (ruído sobre código seguro),FP,Verdadeiro Negativo (Acerto),5.56,"O uso de `math/rand` neste contexto não constitui uma vulnerabilidade real. A função é usada para calcular um valor aleatório entre 0 e 1, que é então multiplicado por um número constante (2^32) e convertido em um inteiro sem sinal. Este valor é usado como parte de um cálculo matemático para determinar a quantidade máxima de tempo que uma operação pode levar. A imprevisibilidade não é necessária neste caso, pois o valor gerado é apenas uma porcentagem do tempo máximo permitido.",3,especifica,especialista:d1145f8b,a81b6f5ca3a4f70c2cdbca1436fd138ccc84976ee981aa1726e3dff9ae4e4311,1058,138,0.00000000
e4311d83:CWE-338:false_positive#1,argoproj/argo-cd,CWE-338,FP,ollama:qwen2.5-coder:7b,especialista,seguro,DETECTADO,Semgrep FP (ruído sobre código seguro),FP,Verdadeiro Negativo (Acerto),6.46,"O uso de `math/rand` neste contexto não constitui uma vulnerabilidade real. A função `rand.Intn(256)` é usada para gerar um número aleatório entre 0 e 255, que é então convertido em um byte. Este valor é usado para preencher um slice de bytes, que é depois codificado em hexadecimal para formar o token de sessão. O contexto aqui não requer imprevisibilidade criptográfica, mas sim uma distribuição uniforme dos valores possíveis. Como `math/rand` é suficiente para este propósito e não há indicação de uso em um contexto onde a imprevisibilidade criptográfica seja necessária (como geração de tokens de segurança), este é considerado um FALSO POSITIVO.",3,especifica,especialista:d1145f8b,a81b6f5ca3a4f70c2cdbca1436fd138ccc84976ee981aa1726e3dff9ae4e4311,1010,183,0.00000000
e4311d83:CWE-338:false_positive#2,argoproj/argo-cd,CWE-338,FP,ollama:qwen2.5-coder:7b,especialista,seguro,DETECTADO,Semgrep FP (ruído sobre código seguro),FP,Verdadeiro Negativo (Acerto),3.96,"O uso de `math/rand` neste contexto não constitui uma vulnerabilidade real. A função é usada para calcular um jitter de backoff, que requer dispersão temporal em vez de imprevisibilidade contra adversário.",3,especifica,especialista:d1145f8b,a81b6f5ca3a4f70c2cdbca1436fd138ccc84976ee981aa1726e3dff9ae4e4311,1083,63,0.00000000
e4311d83:CWE-352:false_positive,argoproj/argo-cd,CWE-352,FP,ollama:qwen2.5-coder:7b,especialista,seguro,DETECTADO,Semgrep FP (ruído sobre código seguro),FP,Verdadeiro Negativo (Acerto),4.63,"O código não está alterando estado no servidor em resposta à requisição WebSocket. A verificação do cabeçalho 'Origin' é uma boa prática para mitigar CSRF, mas neste caso específico, a função `newTerminalSession` apenas estabelece uma conexão WebSocket e não executa nenhuma operação que possa ser usada como um vetor de ataque CSRF.",1,especifica,especialista:d1145f8b,a81b6f5ca3a4f70c2cdbca1436fd138ccc84976ee981aa1726e3dff9ae4e4311,1066,98,0.00000000
e4311d83:CWE-377:false_positive,argoproj/argo-cd,CWE-377,FP,ollama:qwen2.5-coder:7b,especialista,seguro,DETECTADO,Semgrep FP (ruído sobre código seguro),FP,Verdadeiro Negativo (Acerto),5.94,"A entrada que está sendo usada para criar o arquivo temporário ('/tmp/dex.yaml') não é controlável por um agente externo. Ela é gerada internamente pelo código do programa e não vem de uma fonte externa como parâmetros de usuário, variáveis de ambiente ou requisições HTTP. Além disso, a criação do arquivo temporário está sendo feita em um diretório seguro ('/tmp'), que é o padrão recomendado para arquivos temporários no sistema operacional Linux.",1,fallback,especialista:d1145f8b,a81b6f5ca3a4f70c2cdbca1436fd138ccc84976ee981aa1726e3dff9ae4e4311,1783,127,0.00000000
e4311d83:CWE-400:false_positive,argoproj/argo-cd,CWE-400,FP,ollama:qwen2.5-coder:7b,especialista,seguro,DETECTADO,Semgrep FP (ruído sobre código seguro),FP,Verdadeiro Negativo (Acerto),5.42,"A entrada para a função `Untgz` é um leitor de fluxo (`io.Reader`) que provavelmente vem de uma fonte confiável, como uma conexão HTTP ou outro tipo de stream seguro. Além disso, a função já limita o tamanho máximo do arquivo usando `io.LimitReader`, o que ajuda a mitigar ataques de bomba zip. Portanto, não há evidências suficientes para considerar isso um verdadeiro positivo.",1,fallback,especialista:d1145f8b,a81b6f5ca3a4f70c2cdbca1436fd138ccc84976ee981aa1726e3dff9ae4e4311,1466,117,0.00000000
e4311d83:CWE-470:false_positive,argoproj/argo-cd,CWE-470,FP,ollama:qwen2.5-coder:7b,especialista,seguro,DETECTADO,Semgrep FP (ruído sobre código seguro),FP,Verdadeiro Negativo (Acerto),4.33,"O código não usa reflexão para selecionar métodos ou campos com base em entrada externa. Em vez disso, ele itera sobre um conjunto fixo de campos permitidos ('Status', 'Health', 'Hook', 'Message') e atualiza apenas esses campos se houver uma diferença entre os valores atuais e novos.",1,especifica,especialista:d1145f8b,a81b6f5ca3a4f70c2cdbca1436fd138ccc84976ee981aa1726e3dff9ae4e4311,992,87,0.00000000
e4311d83:CWE-601:false_positive,argoproj/argo-cd,CWE-601,FP,ollama:qwen2.5-coder:7b,especialista,seguro,DETECTADO,Semgrep FP (ruído sobre código seguro),FP,Verdadeiro Negativo (Acerto),5.21,"O código verifica se a URL de logout é uma URL absoluta (iniciada com 'http://' ou 'https://') e, em caso afirmativo, rejeita o redirecionamento. Além disso, ele também verifica se a URL de logout está na lista de hosts confiáveis definida no OIDCConfig. Se qualquer uma dessas condições for verdadeira, o redirecionamento é rejeitado.",3,especifica,especialista:d1145f8b,a81b6f5ca3a4f70c2cdbca1436fd138ccc84976ee981aa1726e3dff9ae4e4311,1533,107,0.00000000
e4311d83:CWE-601:false_positive#1,argoproj/argo-cd,CWE-601,FP,ollama:qwen2.5-coder:7b,especialista,seguro,DETECTADO,Semgrep FP (ruído sobre código seguro),FP,Verdadeiro Negativo (Acerto),5.04,"O código não está sujeito a uma vulnerabilidade de redirecionamento aberto (open redirect) porque o destino do redirecionamento é construído a partir da combinação de `req.Host`, `rootPath` e `req.URL.Path`, sem receber diretamente entrada do usuário para determinar o host. O código garante que o destino seja sempre uma URL absoluta baseada no próprio servidor, não em um host externo fornecido pelo usuário.",3,especifica,especialista:d1145f8b,a81b6f5ca3a4f70c2cdbca1436fd138ccc84976ee981aa1726e3dff9ae4e4311,1027,116,0.00000000
e4311d83:CWE-601:false_positive#2,argoproj/argo-cd,CWE-601,FP,ollama:qwen2.5-coder:7b,especialista,seguro,DETECTADO,Semgrep FP (ruído sobre código seguro),FP,Verdadeiro Negativo (Acerto),5.10,"O código verifica se o valor de `return_url` é válido antes de usá-lo para redirecionamento. A função `isValidRedirectURL` garante que o protocolo, host (incluindo porta) e caminho do URL estejam dentro dos domínios permitidos. Se a validação falhar, um erro é retornado ao cliente. Portanto, não há risco de open redirect nesta implementação.",3,especifica,especialista:d1145f8b,a81b6f5ca3a4f70c2cdbca1436fd138ccc84976ee981aa1726e3dff9ae4e4311,1349,106,0.00000000
e4311d83:CWE-614:false_positive,argoproj/argo-cd,CWE-614,FP,ollama:qwen2.5-coder:7b,especialista,seguro,DETECTADO,Semgrep FP (ruído sobre código seguro),FP,Verdadeiro Negativo (Acerto),4.36,"O cookie em questão é um token de autenticação, que é sensível. A ausência do atributo 'Secure' neste contexto constitui uma vulnerabilidade real, conforme descrito no exemplo de VERDADEIRO POSITIVO fornecido.",2,especifica,especialista:d1145f8b,a81b6f5ca3a4f70c2cdbca1436fd138ccc84976ee981aa1726e3dff9ae4e4311,1452,69,0.00000000
e4311d83:CWE-614:false_positive#1,argoproj/argo-cd,CWE-614,FP,ollama:qwen2.5-coder:7b,especialista,seguro,DETECTADO,Semgrep FP (ruído sobre código seguro),VP,Falso Positivo (Ruído Mantido),4.84,"O cookie de estado (state cookie) está sendo gerado e enviado sem o atributo 'Secure'. Embora o valor do cookie seja criptografado, a ausência do atributo 'Secure' significa que ele ainda pode ser transmitido por conexões HTTP não cifradas. Isso expõe o valor sensível na rede, mesmo que criptografado, e constitui uma vulnerabilidade de segurança.",2,especifica,especialista:d1145f8b,a81b6f5ca3a4f70c2cdbca1436fd138ccc84976ee981aa1726e3dff9ae4e4311,1073,104,0.00000000
e4311d83:CWE-665:false_positive,argoproj/argo-cd,CWE-665,FP,ollama:qwen2.5-coder:7b,especialista,seguro,DETECTADO,Semgrep FP (ruído sobre código seguro),FP,Verdadeiro Negativo (Acerto),4.55,"O código não apresenta uma vulnerabilidade real. A variável `resp` é usada para verificar o status da resposta HTTP, mas ela não é modificada após a inicialização. O uso de `resp.StatusCode` para verificar erros e retornar um valor padrão em caso de `http.StatusNotFound` é uma prática comum e segura.",5,especifica,especialista:d1145f8b,a81b6f5ca3a4f70c2cdbca1436fd138ccc84976ee981aa1726e3dff9ae4e4311,1079,90,0.00000000
e4311d83:CWE-665:false_positive#1,argoproj/argo-cd,CWE-665,FP,ollama:qwen2.5-coder:7b,especialista,seguro,DETECTADO,Semgrep FP (ruído sobre código seguro),FP,Verdadeiro Negativo (Acerto),5.47,"O alerta é um FALSO POSITIVO porque a função `ctrl.stateCache.IterateHierarchyV2` não está sendo usada com uma estrutura de dados vazia. A variável `orphanedNodesMap` é inicializada corretamente e preenchida antes de ser iterada, conforme mostrado no código fornecido.",5,especifica,especialista:d1145f8b,a81b6f5ca3a4f70c2cdbca1436fd138ccc84976ee981aa1726e3dff9ae4e4311,2124,90,0.00000000
e4311d83:CWE-665:false_positive#2,argoproj/argo-cd,CWE-665,FP,ollama:qwen2.5-coder:7b,especialista,seguro,DETECTADO,Semgrep FP (ruído sobre código seguro),FP,Verdadeiro Negativo (Acerto),4.29,"O código não apresenta uma inicialização inadequada ou uso de um recurso em estado zero. A variável `repoRefs` é inicializada como um mapa vazio, mas isso não constitui uma vulnerabilidade porque o mapa será preenchido posteriormente no código.",5,especifica,especialista:d1145f8b,a81b6f5ca3a4f70c2cdbca1436fd138ccc84976ee981aa1726e3dff9ae4e4311,1148,74,0.00000000
e4311d83:CWE-665:false_positive#3,argoproj/argo-cd,CWE-665,FP,ollama:qwen2.5-coder:7b,especialista,seguro,DETECTADO,Semgrep FP (ruído sobre código seguro),FP,Verdadeiro Negativo (Acerto),3.96,"A variável `r` é inicializada corretamente dentro do loop antes de ser usada. Ela não é modificada entre a inicialização e o uso, então não há risco de um nil dereference.",5,especifica,especialista:d1145f8b,a81b6f5ca3a4f70c2cdbca1436fd138ccc84976ee981aa1726e3dff9ae4e4311,1015,63,0.00000000
e4311d83:CWE-665:false_positive#4,argoproj/argo-cd,CWE-665,FP,ollama:qwen2.5-coder:7b,especialista,seguro,DETECTADO,Semgrep FP (ruído sobre código seguro),FP,Verdadeiro Negativo (Acerto),3.95,"A variável `r` é inicializada dentro do loop for antes de ser usada. Ela não é modificada em nenhum ponto entre a inicialização e o uso, então não há risco de um nil dereference.",5,especifica,especialista:d1145f8b,a81b6f5ca3a4f70c2cdbca1436fd138ccc84976ee981aa1726e3dff9ae4e4311,1013,65,0.00000000
e4311d83:CWE-667:false_positive,argoproj/argo-cd,CWE-667,FP,ollama:qwen2.5-coder:7b,especialista,seguro,DETECTADO,Semgrep FP (ruído sobre código seguro),FP,Verdadeiro Negativo (Acerto),3.95,"O uso de defer t.writeLock.Unlock() logo após o Lock garante que o mutex seja liberado em todos os caminhos de retorno, incluindo o de erro. Portanto, não há risco de trava residual ou deadlock neste código.",1,especifica,especialista:d1145f8b,a81b6f5ca3a4f70c2cdbca1436fd138ccc84976ee981aa1726e3dff9ae4e4311,973,69,0.00000000
e4311d83:CWE-79:false_positive,argoproj/argo-cd,CWE-79,FP,ollama:qwen2.5-coder:7b,especialista,seguro,DETECTADO,Semgrep FP (ruído sobre código seguro),FP,Verdadeiro Negativo (Acerto),5.19,"O código não está utilizando a função `template.HTML` para incorporar dados de entrada do usuário diretamente na saída HTML. Em vez disso, o código parece estar usando a biblioteca `text/template`, que já aplica escape automático a valores de string comuns. Além disso, o código não contém nenhuma chamada direta para `fmt.Fprintf(w, ...)` no `http.ResponseWriter`. Portanto, não há evidências de uma vulnerabilidade XSS.",8,especifica,especialista:d1145f8b,a81b6f5ca3a4f70c2cdbca1436fd138ccc84976ee981aa1726e3dff9ae4e4311,1219,116,0.00000000
e4311d83:CWE-79:false_positive#1,argoproj/argo-cd,CWE-79,FP,ollama:qwen2.5-coder:7b,especialista,seguro,DETECTADO,Semgrep FP (ruído sobre código seguro),FP,Verdadeiro Negativo (Acerto),4.50,"O código não está utilizando a função `text/template` para renderizar conteúdo gerado pelo usuário, o que significa que não há risco de injeção de script. Em vez disso, o código está usando a função `fmt.Fprintf(w, ...)` para escrever diretamente no `http.ResponseWriter`, o que é considerado seguro nesse contexto.",8,especifica,especialista:d1145f8b,a81b6f5ca3a4f70c2cdbca1436fd138ccc84976ee981aa1726e3dff9ae4e4311,1193,90,0.00000000
e4311d83:CWE-79:false_positive#3,argoproj/argo-cd,CWE-79,FP,ollama:qwen2.5-coder:7b,especialista,seguro,DETECTADO,Semgrep FP (ruído sobre código seguro),FP,Verdadeiro Negativo (Acerto),4.24,"O código não está diretamente escrevendo dados de entrada do usuário em um http.ResponseWriter sem escape. Em vez disso, ele está escrevendo conteúdo formatado como texto simples, que não é vulnerável a injeção de script.",8,especifica,especialista:d1145f8b,a81b6f5ca3a4f70c2cdbca1436fd138ccc84976ee981aa1726e3dff9ae4e4311,1345,67,0.00000000
e4311d83:CWE-79:false_positive#4,argoproj/argo-cd,CWE-79,FP,ollama:qwen2.5-coder:7b,especialista,seguro,DETECTADO,Semgrep FP (ruído sobre código seguro),FP,Verdadeiro Negativo (Acerto),5.82,"O código não está incorporando diretamente a entrada do usuário em uma string HTML manualmente construída. Em vez disso, ele usa um template SVG que é preenchido com dados sanitizados e validados. O alerta foi acionado por uma abordagem de codificação antiga, mas o uso atualizado do pacote `html/template` garante a segurança contra injeções de script.",8,especifica,especialista:d1145f8b,a81b6f5ca3a4f70c2cdbca1436fd138ccc84976ee981aa1726e3dff9ae4e4311,2783,103,0.00000000
e4311d83:CWE-79:false_positive#5,argoproj/argo-cd,CWE-79,FP,ollama:qwen2.5-coder:7b,especialista,seguro,DETECTADO,Semgrep FP (ruído sobre código seguro),FP,Verdadeiro Negativo (Acerto),4.03,"O código não está incorporando dados do usuário diretamente na saída HTML sem escape apropriado. Em vez disso, ele usa o pacote `html/template` para renderizar conteúdo HTML de forma segura.",8,especifica,especialista:d1145f8b,a81b6f5ca3a4f70c2cdbca1436fd138ccc84976ee981aa1726e3dff9ae4e4311,1161,62,0.00000000
e4311d83:CWE-79:false_positive#6,argoproj/argo-cd,CWE-79,FP,ollama:qwen2.5-coder:7b,especialista,seguro,DETECTADO,Semgrep FP (ruído sobre código seguro),FP,Verdadeiro Negativo (Acerto),4.82,"O código não está diretamente escrevendo dados de entrada do usuário em um http.ResponseWriter sem escape. Em vez disso, ele está lendo arquivos de um caminho compartilhado e escrevendo seu conteúdo diretamente para a resposta HTTP. Como os arquivos são lidos do sistema local e não contêm entradas do usuário, isso não constitui uma vulnerabilidade XSS.",8,especifica,especialista:d1145f8b,a81b6f5ca3a4f70c2cdbca1436fd138ccc84976ee981aa1726e3dff9ae4e4311,1212,98,0.00000000
e4311d83:CWE-79:false_positive#7,argoproj/argo-cd,CWE-79,FP,ollama:qwen2.5-coder:7b,especialista,seguro,DETECTADO,Semgrep FP (ruído sobre código seguro),FP,Verdadeiro Negativo (Acerto),4.38,"O código não está incorporando dados do usuário diretamente na saída HTML. A variável `swaggerJSON` é uma string constante definida no código, não recebendo entrada externa. Portanto, não há risco de injeção de script e o alerta é um FALSO POSITIVO.",8,especifica,especialista:d1145f8b,a81b6f5ca3a4f70c2cdbca1436fd138ccc84976ee981aa1726e3dff9ae4e4311,1024,84,0.00000000
e4311d83:CWE-94:false_positive,argoproj/argo-cd,CWE-94,FP,ollama:qwen2.5-coder:7b,especialista,seguro,DETECTADO,Semgrep FP (ruído sobre código seguro),FP,Verdadeiro Negativo (Acerto),4.23,"O texto do comando é constante do programa; a entrada externa é apenas dado interpolado, não código de comando.",4,especifica,especialista:d1145f8b,a81b6f5ca3a4f70c2cdbca1436fd138ccc84976ee981aa1726e3dff9ae4e4311,1354,42,0.00000000
e4311d83:CWE-94:false_positive#1,argoproj/argo-cd,CWE-94,FP,ollama:qwen2.5-coder:7b,especialista,seguro,DETECTADO,Semgrep FP (ruído sobre código seguro),FP,Verdadeiro Negativo (Acerto),4.75,"O texto do comando é constante e não vem da entrada externa. A função `exec.Command` está sendo usada para invocar um editor de texto, onde o nome do editor e seus argumentos são definidos em variáveis locais (`editor` e `editorArgs`). Esses valores não são obtidos da entrada do usuário, então não há risco de injeção de código.",4,especifica,especialista:d1145f8b,a81b6f5ca3a4f70c2cdbca1436fd138ccc84976ee981aa1726e3dff9ae4e4311,1066,100,0.00000000
e4311d83:CWE-94:false_positive#2,argoproj/argo-cd,CWE-94,FP,ollama:qwen2.5-coder:7b,especialista,seguro,DETECTADO,Semgrep FP (ruído sobre código seguro),FP,Verdadeiro Negativo (Acerto),4.48,"O texto do comando é constante e não provém de entrada externa. A função `runGnuPGWrapper` recebe parâmetros fixos (`wrapper` e `args...`) que são usados para construir o comando a ser executado, mas esses valores não podem ser alterados pelo usuário. Portanto, não há risco de injeção de código.",4,especifica,especialista:d1145f8b,a81b6f5ca3a4f70c2cdbca1436fd138ccc84976ee981aa1726e3dff9ae4e4311,869,96,0.00000000
e4311d83:CWE-94:false_positive#3,argoproj/argo-cd,CWE-94,FP,ollama:qwen2.5-coder:7b,especialista,seguro,DETECTADO,Semgrep FP (ruído sobre código seguro),FP,Verdadeiro Negativo (Acerto),6.67,"O código não está executando comandos gerados a partir de entrada externa. Todos os comandos são construídos usando valores constantes ou variáveis que são controladas pelo sistema, não pelo usuário. A função `exec.Command` é usada para invocar o binário do Kustomize com argumentos fixos e não baseados em entradas não verificadas.",4,especifica,especialista:d1145f8b,a81b6f5ca3a4f70c2cdbca1436fd138ccc84976ee981aa1726e3dff9ae4e4311,3389,99,0.00000000
d78929e7:CWE-319:false_positive,argoproj/gitops-engine,CWE-319,FP,ollama:qwen2.5-coder:7b,especialista,seguro,DETECTADO,Semgrep FP (ruído sobre código seguro),FP,Verdadeiro Negativo (Acerto),4.81,"A chamada a http.ListenAndServe não está enviando dados sensíveis em texto claro. A função é usada para iniciar um servidor de perfilamento (pprof), que geralmente não contém informações confidenciais. Além disso, o alerta foi emitido por uma ferramenta de análise estática e não há evidências concretas de que a transmissão esteja ocorrendo em texto claro neste contexto.",1,especifica,especialista:d1145f8b,a81b6f5ca3a4f70c2cdbca1436fd138ccc84976ee981aa1726e3dff9ae4e4311,932,107,0.00000000
d78929e7:CWE-328:false_positive,argoproj/gitops-engine,CWE-328,FP,ollama:qwen2.5-coder:7b,especialista,seguro,DETECTADO,Semgrep FP (ruído sobre código seguro),FP,Verdadeiro Negativo (Acerto),4.87,"A função MD5 é usada em um contexto que não requer segurança criptográfica, mas sim uma ordenação baseada em hashes. O uso de MD5 neste caso não constitui uma vulnerabilidade porque não está sendo aplicado a senhas ou dados sensíveis que exigiriam um algoritmo de hash seguro e resistente a colisões.",1,especifica,especialista:d1145f8b,a81b6f5ca3a4f70c2cdbca1436fd138ccc84976ee981aa1726e3dff9ae4e4311,916,91,0.00000000
d78929e7:CWE-489:false_positive,argoproj/gitops-engine,CWE-489,FP,ollama:qwen2.5-coder:7b,especialista,seguro,DETECTADO,Semgrep FP (ruído sobre código seguro),FP,Verdadeiro Negativo (Acerto),6.25,"A entrada para o endpoint 'pprof' é controlada por variáveis de ambiente, que são consideradas confiáveis no contexto desta aplicação. O caminho para acessar este endpoint está protegido pela verificação da variável de ambiente `envProfile`, que deve ser configurada adequadamente para permitir ou negar o acesso remoto. Além disso, a função `http.ListenAndServe` é chamada com um manipulador vazio (`nil`), o que significa que apenas os endpoints padrão do pacote 'net/http/pprof' serão expostos, e não qualquer outra rota personalizada.",1,fallback,especialista:d1145f8b,a81b6f5ca3a4f70c2cdbca1436fd138ccc84976ee981aa1726e3dff9ae4e4311,969,150,0.00000000
d78929e7:CWE-665:false_positive,argoproj/gitops-engine,CWE-665,FP,ollama:qwen2.5-coder:7b,especialista,seguro,DETECTADO,Semgrep FP (ruído sobre código seguro),FP,Verdadeiro Negativo (Acerto),4.08,"O código itera sobre um mapa chamado `resources`, que é inicializado corretamente antes de ser usado. A função verifica se o mapa está vazio ou não, garantindo que ele esteja preenchido com os recursos apropriados antes da iteração.",1,especifica,especialista:d1145f8b,a81b6f5ca3a4f70c2cdbca1436fd138ccc84976ee981aa1726e3dff9ae4e4311,949,73,0.00000000
1f40a88b:CWE-1004:false_positive,beego/beego,CWE-1004,FP,ollama:qwen2.5-coder:7b,especialista,seguro,DETECTADO,Semgrep FP (ruído sobre código seguro),FP,Verdadeiro Negativo (Acerto),4.53,"O cookie de sessão está configurado com HttpOnly=true, conforme indicado pela linha 'HttpOnly: !manager.config.DisableHTTPOnly,'. Isso significa que o cookie não é acessível a scripts do lado do cliente, mitigando assim os riscos associados ao roubo de sessão por meio de ataques XSS.",1,especifica,especialista:d1145f8b,a81b6f5ca3a4f70c2cdbca1436fd138ccc84976ee981aa1726e3dff9ae4e4311,1174,87,0.00000000
1f40a88b:CWE-327:false_positive,beego/beego,CWE-327,FP,ollama:qwen2.5-coder:7b,especialista,seguro,DETECTADO,Semgrep FP (ruído sobre código seguro),FP,Verdadeiro Negativo (Acerto),4.45,"O uso de TLS 1.2 como a versão mínima padrão em Go 1.22 é considerado seguro para aplicativos web gerais, incluindo aqueles que envolvem o envio de e-mails SMTP. A configuração atual do código não apresenta vulnerabilidades conhecidas relacionadas à segurança TLS.",3,especifica,especialista:d1145f8b,a81b6f5ca3a4f70c2cdbca1436fd138ccc84976ee981aa1726e3dff9ae4e4311,1068,89,0.00000000
1f40a88b:CWE-327:false_positive#1,beego/beego,CWE-327,FP,ollama:qwen2.5-coder:7b,especialista,seguro,DETECTADO,Semgrep FP (ruído sobre código seguro),FP,Verdadeiro Negativo (Acerto),4.87,"O alerta é um FALSO POSITIVO porque o código não está sendo usado em um contexto de autenticação, assinatura, derivação de chave ou armazenamento de credencial. Em vez disso, ele está configurando uma conexão TLS para um servidor web, que é um uso comum e seguro do protocolo TLS 1.2 (padrão desde Go 1.22) em geral.",3,especifica,especialista:d1145f8b,a81b6f5ca3a4f70c2cdbca1436fd138ccc84976ee981aa1726e3dff9ae4e4311,1041,108,0.00000000
1f40a88b:CWE-327:false_positive#2,beego/beego,CWE-327,FP,ollama:qwen2.5-coder:7b,especialista,seguro,DETECTADO,Semgrep FP (ruído sobre código seguro),FP,Verdadeiro Negativo (Acerto),7.21,"O alerta é um FALSO POSITIVO. A configuração de TLS no código não está usando o algoritmo MD5 ou SHA1, que são considerados inseguros. Em vez disso, o código usa a função `autocert.Manager` para gerenciar certificados TLS automaticamente, garantindo que sejam usadas versões seguras do protocolo TLS (TLS 1.2 ou superior). Além disso, não há evidências de que o código esteja configurado para usar versões mais antigas do protocolo TLS que possam ser consideradas inseguras.",3,especifica,especialista:d1145f8b,a81b6f5ca3a4f70c2cdbca1436fd138ccc84976ee981aa1726e3dff9ae4e4311,2801,145,0.00000000
1f40a88b:CWE-328:false_positive,beego/beego,CWE-328,FP,ollama:qwen2.5-coder:7b,especialista,seguro,DETECTADO,Semgrep FP (ruído sobre código seguro),FP,Verdadeiro Negativo (Acerto),4.96,"O uso do algoritmo MD5 neste contexto é adequado para calcular o Content-MD5, que é uma propriedade exigida pela especificação HTTP. O Content-MD5 não precisa de resistência a colisão ou segurança criptográfica avançada, pois seu propósito é apenas verificar a integridade dos dados transmitidos. Portanto, este uso do MD5 não constitui uma vulnerabilidade.",1,especifica,especialista:d1145f8b,a81b6f5ca3a4f70c2cdbca1436fd138ccc84976ee981aa1726e3dff9ae4e4311,1248,106,0.00000000
1f40a88b:CWE-338:false_positive,beego/beego,CWE-338,FP,ollama:qwen2.5-coder:7b,especialista,seguro,DETECTADO,Semgrep FP (ruído sobre código seguro),FP,Verdadeiro Negativo (Acerto),5.74,"O uso de `math/rand` neste contexto não constitui uma vulnerabilidade real. A função `Put` do `RandomExpireCache` adiciona um deslocamento aleatório ao tempo de expiração, mas o gerador de números pseudoaleatórios (`math/rand`) é usado apenas para calcular esse deslocamento. O valor final de `timeout` não é diretamente utilizado como token, chave ou nonce que dependem de imprevisibilidade. Em vez disso, ele afeta a validade do cache por um período aleatório, o que é uma prática comum e segura em sistemas de cache.",3,especifica,especialista:d1145f8b,a81b6f5ca3a4f70c2cdbca1436fd138ccc84976ee981aa1726e3dff9ae4e4311,1110,146,0.00000000
1f40a88b:CWE-338:false_positive#1,beego/beego,CWE-338,FP,ollama:qwen2.5-coder:7b,especialista,seguro,DETECTADO,Semgrep FP (ruído sobre código seguro),FP,Verdadeiro Negativo (Acerto),5.16,"O uso de `math/rand` em `RandomCreateBytes` não constitui uma vulnerabilidade real neste contexto. A função está sendo usada para gerar bytes aleatórios que serão codificados em base64, e não para gerar tokens, chaves ou nonces que exigem imprevisibilidade criptográfica. O uso de `math/rand` aqui é aceitável porque a propriedade exigida é dispersão temporal, não imprevisibilidade contra adversário.",3,especifica,especialista:d1145f8b,a81b6f5ca3a4f70c2cdbca1436fd138ccc84976ee981aa1726e3dff9ae4e4311,1125,119,0.00000000
1f40a88b:CWE-338:false_positive#2,beego/beego,CWE-338,FP,ollama:qwen2.5-coder:7b,especialista,seguro,DETECTADO,Semgrep FP (ruído sobre código seguro),FP,Verdadeiro Negativo (Acerto),4.71,"O uso de `math/rand` em funções como `InSlice` e `InSliceIface` não constitui uma vulnerabilidade real. Essas funções são projetadas para verificar a existência de um valor em uma fatia (slice) e não geram tokens, senhas, IDs de sessão, nonces ou chaves que exigem imprevisibilidade criptográfica.",3,especifica,especialista:d1145f8b,a81b6f5ca3a4f70c2cdbca1436fd138ccc84976ee981aa1726e3dff9ae4e4311,1055,100,0.00000000
1f40a88b:CWE-470:false_positive,beego/beego,CWE-470,FP,ollama:qwen2.5-coder:7b,especialista,seguro,DETECTADO,Semgrep FP (ruído sobre código seguro),FP,Verdadeiro Negativo (Acerto),4.68,"O código não usa reflexão para selecionar métodos ou campos com base em entrada externa. Em vez disso, ele obtém o nome do campo de uma chave fixa (pkName) e usa isso para acessar um campo específico no objeto ins. Não há evidências de que a entrada seja usada para determinar dinamicamente quais métodos ou campos devem ser invocados ou acessados.",7,especifica,especialista:d1145f8b,a81b6f5ca3a4f70c2cdbca1436fd138ccc84976ee981aa1726e3dff9ae4e4311,982,104,0.00000000
1f40a88b:CWE-470:false_positive#1,beego/beego,CWE-470,FP,ollama:qwen2.5-coder:7b,especialista,seguro,DETECTADO,Semgrep FP (ruído sobre código seguro),FP,Verdadeiro Negativo (Acerto),5.15,"O código não está utilizando reflexão insegura porque o nome do método a ser invocado é limitado a um conjunto fixo de valores permitidos. A entrada externa só indexa uma lista fixa de colunas permitidas (keyCol e valueCol), e essas colunas são usadas para acessar campos estruturados, não para selecionar métodos ou funções arbitrárias.",7,especifica,especialista:d1145f8b,a81b6f5ca3a4f70c2cdbca1436fd138ccc84976ee981aa1726e3dff9ae4e4311,1565,102,0.00000000
1f40a88b:CWE-470:false_positive#2,beego/beego,CWE-470,FP,ollama:qwen2.5-coder:7b,especialista,seguro,DETECTADO,Semgrep FP (ruído sobre código seguro),FP,Verdadeiro Negativo (Acerto),4.69,"O código não usa reflexão para selecionar métodos ou campos com base em entrada externa. Em vez disso, ele itera sobre os campos de um tipo reflect.Type e tenta definir valores para esses campos com base em tags personalizadas. O nome dos campos é determinado pelo próprio código, não pela entrada do usuário.",7,especifica,especialista:d1145f8b,a81b6f5ca3a4f70c2cdbca1436fd138ccc84976ee981aa1726e3dff9ae4e4311,1378,88,0.00000000
1f40a88b:CWE-470:false_positive#3,beego/beego,CWE-470,FP,ollama:qwen2.5-coder:7b,especialista,seguro,DETECTADO,Semgrep FP (ruído sobre código seguro),FP,Verdadeiro Negativo (Acerto),5.22,"O código não usa reflexão para selecionar métodos ou campos com base em entrada externa. Em vez disso, ele itera sobre um conjunto fixo de campos definidos no objeto `bm.Fields`. A entrada externa é usada apenas para acessar valores padrão pré-definidos, e não para escolher dinamicamente métodos ou campos a serem invocados.",7,especifica,especialista:d1145f8b,a81b6f5ca3a4f70c2cdbca1436fd138ccc84976ee981aa1726e3dff9ae4e4311,1751,98,0.00000000
1f40a88b:CWE-470:false_positive#4,beego/beego,CWE-470,FP,ollama:qwen2.5-coder:7b,especialista,seguro,DETECTADO,Semgrep FP (ruído sobre código seguro),FP,Verdadeiro Negativo (Acerto),4.79,"O código não está utilizando reflexão insegura porque o nome do campo a ser acessado é determinado por uma lista fixa de valores permitidos, em vez de entrada externa arbitrária. A função `bindStruct` verifica se o nome do campo (`fieldName`) existe na estrutura (`typ`) antes de tentar acessá-lo, garantindo que apenas campos válidos sejam manipulados.",7,especifica,especialista:d1145f8b,a81b6f5ca3a4f70c2cdbca1436fd138ccc84976ee981aa1726e3dff9ae4e4311,1127,102,0.00000000
1f40a88b:CWE-470:false_positive#5,beego/beego,CWE-470,FP,ollama:qwen2.5-coder:7b,especialista,seguro,DETECTADO,Semgrep FP (ruído sobre código seguro),FP,Verdadeiro Negativo (Acerto),3.85,"O código não está utilizando reflexão insegura porque o nome do método a ser invocado é selecionado de uma lista fixa permitida, em vez de ser controlado externamente pelo atacante.",7,especifica,especialista:d1145f8b,a81b6f5ca3a4f70c2cdbca1436fd138ccc84976ee981aa1726e3dff9ae4e4311,1129,60,0.00000000
1f40a88b:CWE-470:false_positive#6,beego/beego,CWE-470,FP,ollama:qwen2.5-coder:7b,especialista,seguro,DETECTADO,Semgrep FP (ruído sobre código seguro),FP,Verdadeiro Negativo (Acerto),4.45,"O código não está utilizando reflexão insegura porque o nome do método a ser invocado é limitado por uma lista fixa de métodos permitidos definida em 'mappingMethods'. A entrada externa só indexa um conjunto fixo de métodos permitidos, e a reflexão nunca recebe um nome arbitrário do atacante.",7,especifica,especialista:d1145f8b,a81b6f5ca3a4f70c2cdbca1436fd138ccc84976ee981aa1726e3dff9ae4e4311,1116,88,0.00000000
1f40a88b:CWE-614:false_positive,beego/beego,CWE-614,FP,ollama:qwen2.5-coder:7b,especialista,seguro,DETECTADO,Semgrep FP (ruído sobre código seguro),FP,Verdadeiro Negativo (Acerto),4.14,"O cookie em questão é um cookie de sessão, que contém dados sensíveis. A ausência do atributo 'Secure' neste contexto constitui uma vulnerabilidade real, pois o cookie pode ser enviado por conexões HTTP não cifradas, expondo os dados sensíveis na rede.",2,especifica,especialista:d1145f8b,a81b6f5ca3a4f70c2cdbca1436fd138ccc84976ee981aa1726e3dff9ae4e4311,934,78,0.00000000
1f40a88b:CWE-614:false_positive#1,beego/beego,CWE-614,FP,ollama:qwen2.5-coder:7b,especialista,seguro,DETECTADO,Semgrep FP (ruído sobre código seguro),VP,Falso Positivo (Ruído Mantido),3.82,"O cookie de sessão está sendo criado sem o atributo 'Secure', o que pode expor o valor sensível na rede em caso de conexões HTTP não cifradas.",2,especifica,especialista:d1145f8b,a81b6f5ca3a4f70c2cdbca1436fd138ccc84976ee981aa1726e3dff9ae4e4311,1126,55,0.00000000
1f40a88b:CWE-665:false_positive,beego/beego,CWE-665,FP,ollama:qwen2.5-coder:7b,especialista,seguro,DETECTADO,Semgrep FP (ruído sobre código seguro),FP,Verdadeiro Negativo (Acerto),5.29,"O código não inicializa uma variável em um estado inesperado. A variável `f` é usada para abrir arquivos, mas isso ocorre após a verificação de erros anteriores e a leitura dos dados do arquivo. O uso de `f.Close()` garante que o arquivo seja fechado corretamente, mesmo em caso de erro. Portanto, não há risco de uma referência nula ou um estado inesperado.",1,especifica,especialista:d1145f8b,a81b6f5ca3a4f70c2cdbca1436fd138ccc84976ee981aa1726e3dff9ae4e4311,1305,115,0.00000000
1f40a88b:CWE-89:false_positive,beego/beego,CWE-89,FP,ollama:qwen2.5-coder:7b,especialista,seguro,DETECTADO,Semgrep FP (ruído sobre código seguro),FP,Verdadeiro Negativo (Acerto),5.56,"A entrada 'query' é gerada internamente pelo código e não é controlável por um agente externo. Além disso, a função 'db.Exec(query)' está sendo chamada dentro de loops que iteram sobre uma lista de tabelas e campos definidas no código, o que torna o caminho inalcançável em produção.",3,fallback,especialista:d1145f8b,a81b6f5ca3a4f70c2cdbca1436fd138ccc84976ee981aa1726e3dff9ae4e4311,1717,90,0.00000000
1f40a88b:CWE-89:false_positive#1,beego/beego,CWE-89,FP,ollama:qwen2.5-coder:7b,especialista,seguro,DETECTADO,Semgrep FP (ruído sobre código seguro),FP,Verdadeiro Negativo (Acerto),4.10,"A entrada para a consulta SQL é gerada internamente pelo código, não sendo controlável por um agente externo. A função `pg_get_serial_sequence` e o uso de `MAX` são operações confiáveis que não podem ser manipuladas por dados externos.",3,fallback,especialista:d1145f8b,a81b6f5ca3a4f70c2cdbca1436fd138ccc84976ee981aa1726e3dff9ae4e4311,975,75,0.00000000
1f40a88b:CWE-89:false_positive#2,beego/beego,CWE-89,FP,ollama:qwen2.5-coder:7b,especialista,seguro,DETECTADO,Semgrep FP (ruído sobre código seguro),FP,Verdadeiro Negativo (Acerto),4.34,"A entrada 'table' é controlada pelo código interno da função, não por um agente externo. A função IndexExists é interna à biblioteca de banco de dados e a entrada 'table' é uma parte fixa do comando SQL que está sendo formatado. Não há risco de injeção SQL nesse contexto.",3,fallback,especialista:d1145f8b,a81b6f5ca3a4f70c2cdbca1436fd138ccc84976ee981aa1726e3dff9ae4e4311,948,87,0.00000000
1f40a88b:CWE-94:false_positive,beego/beego,CWE-94,FP,ollama:qwen2.5-coder:7b,especialista,seguro,DETECTADO,Semgrep FP (ruído sobre código seguro),FP,Verdadeiro Negativo (Acerto),4.07,"O texto do comando a ser executado é constante do programa. A entrada externa entra apenas como dado, não código de comando.",1,especifica,especialista:d1145f8b,a81b6f5ca3a4f70c2cdbca1436fd138ccc84976ee981aa1726e3dff9ae4e4311,1110,45,0.00000000
f2513077:CWE-300:false_positive,cilium/cilium,CWE-300,FP,ollama:qwen2.5-coder:7b,especialista,seguro,DETECTADO,Semgrep FP (ruído sobre código seguro),FP,Verdadeiro Negativo (Acerto),4.94,"A entrada para o gRPC server não é controlada pelo usuário externo. Ela é configurada internamente dentro da função startXDSGRPCServer, sem receber dados de origem externa. Além disso, a conexão gRPC é iniciada em um contexto controlado e determinístico, não sendo acessível por meio de uma solicitação HTTP ou outro mecanismo externo.",2,fallback,especialista:d1145f8b,a81b6f5ca3a4f70c2cdbca1436fd138ccc84976ee981aa1726e3dff9ae4e4311,1340,99,0.00000000
f2513077:CWE-300:false_positive#1,cilium/cilium,CWE-300,FP,ollama:qwen2.5-coder:7b,especialista,seguro,DETECTADO,Semgrep FP (ruído sobre código seguro),FP,Verdadeiro Negativo (Acerto),5.18,"A entrada para a conexão gRPC não é controlada pelo usuário externo. O código verifica se `opts.serverTLSConfig` ou `opts.insecureServer` estão definidos, garantindo que uma configuração de TLS segura seja usada quando necessário. Além disso, o uso de `credentials.NewTLS(tlsConfig)` garante que a conexão gRPC seja criptografada.",2,fallback,especialista:d1145f8b,a81b6f5ca3a4f70c2cdbca1436fd138ccc84976ee981aa1726e3dff9ae4e4311,1572,101,0.00000000
f2513077:CWE-319:false_positive,cilium/cilium,CWE-319,FP,ollama:qwen2.5-coder:7b,especialista,seguro,DETECTADO,Semgrep FP (ruído sobre código seguro),FP,Verdadeiro Negativo (Acerto),5.21,"O código utiliza `InsecureSkipVerify: true` em conjunto com uma função personalizada de verificação de certificado (`VerifyPeerCertificate`). Essa abordagem permite que a verificação do certificado seja realizada manualmente, evitando a necessidade de desabilitar completamente a verificação TLS. Portanto, o uso de `InsecureSkipVerify` neste contexto não constitui uma vulnerabilidade.",2,especifica,especialista:d1145f8b,a81b6f5ca3a4f70c2cdbca1436fd138ccc84976ee981aa1726e3dff9ae4e4311,1479,102,0.00000000
f2513077:CWE-319:false_positive#1,cilium/cilium,CWE-319,FP,ollama:qwen2.5-coder:7b,especialista,seguro,DETECTADO,Semgrep FP (ruído sobre código seguro),FP,Verdadeiro Negativo (Acerto),4.38,"O código não envia dados sensíveis em texto claro. A função `Enable` apenas inicia um servidor HTTP sem TLS, mas não há evidências de que ele esteja transmitindo informações confidenciais. O alerta é uma recomendação para melhorar a segurança do servidor, mas não constitui uma vulnerabilidade real neste contexto.",2,especifica,especialista:d1145f8b,a81b6f5ca3a4f70c2cdbca1436fd138ccc84976ee981aa1726e3dff9ae4e4311,876,88,0.00000000
f2513077:CWE-327:false_positive,cilium/cilium,CWE-327,FP,ollama:qwen2.5-coder:7b,especialista,seguro,DETECTADO,Semgrep FP (ruído sobre código seguro),FP,Verdadeiro Negativo (Acerto),946.08,"O código não está sendo usado para autenticação, assinatura, derivação de chave ou armazenamento de credencial. Em vez disso, ele é configurado para uma conexão gRPC segura usando TLS. A configuração do TLS aqui não apresenta vulnerabilidades relacionadas à falta da versão mínima do protocolo.",1,especifica,especialista:d1145f8b,a81b6f5ca3a4f70c2cdbca1436fd138ccc84976ee981aa1726e3dff9ae4e4311,1220,91,0.00000000
f2513077:CWE-328:false_positive,cilium/cilium,CWE-328,FP,ollama:qwen2.5-coder:7b,especialista,seguro,DETECTADO,Semgrep FP (ruído sobre código seguro),FP,Verdadeiro Negativo (Acerto),4.52,"A função md5.Sum é usada aqui para calcular um hash de arquivo, que não requer a resistência à colisão. O contexto desta operação é o cálculo de um identificador único para o conteúdo do arquivo, e não para armazenamento seguro de senhas ou dados sensíveis. Portanto, o uso de MD5 neste caso não constitui uma vulnerabilidade.",2,especifica,especialista:d1145f8b,a81b6f5ca3a4f70c2cdbca1436fd138ccc84976ee981aa1726e3dff9ae4e4311,894,97,0.00000000
f2513077:CWE-328:false_positive#1,cilium/cilium,CWE-328,FP,ollama:qwen2.5-coder:7b,especialista,seguro,DETECTADO,Semgrep FP (ruído sobre código seguro),FP,Verdadeiro Negativo (Acerto),4.90,"A função md5.Sum é usada aqui para calcular um hash de métrica, não para armazenar senhas ou dados sensíveis. O contexto desta utilização não requer a resistência à colisão ou a segurança criptográfica elevada que justificaria o uso de algoritmos mais robustos como SHA256 ou SHA3. Em vez disso, o propósito é obter um valor numérico único para fins de identificação ou indexação.",2,especifica,especialista:d1145f8b,a81b6f5ca3a4f70c2cdbca1436fd138ccc84976ee981aa1726e3dff9ae4e4311,899,117,0.00000000
f2513077:CWE-338:false_positive,cilium/cilium,CWE-338,FP,ollama:qwen2.5-coder:7b,especialista,seguro,DETECTADO,Semgrep FP (ruído sobre código seguro),FP,Verdadeiro Negativo (Acerto),4.71,"O uso de `math/rand/v2` em `randomName` não constitui uma vulnerabilidade real, pois o contexto é a geração de nomes aleatórios para recursos Kubernetes. A imprevisibilidade não é necessária neste caso, já que os nomes são usados apenas como identificadores internos e não expostos aos usuários finais ou a sistemas externos.",10,especifica,especialista:d1145f8b,a81b6f5ca3a4f70c2cdbca1436fd138ccc84976ee981aa1726e3dff9ae4e4311,1039,99,0.00000000
f2513077:CWE-338:false_positive#1,cilium/cilium,CWE-338,FP,ollama:qwen2.5-coder:7b,especialista,seguro,DETECTADO,Semgrep FP (ruído sobre código seguro),FP,Verdadeiro Negativo (Acerto),4.74,"O uso de `math/rand` neste contexto não constitui uma vulnerabilidade real. A função `atrasoComJitter` é usada para introduzir jitter em um atraso base, o que requer dispersão temporal e não imprevisibilidade contra adversário. O gerador de números pseudoaleatórios criptograficamente fraco (`math/rand`) neste caso é aceitável.",10,especifica,especialista:d1145f8b,a81b6f5ca3a4f70c2cdbca1436fd138ccc84976ee981aa1726e3dff9ae4e4311,1003,101,0.00000000
f2513077:CWE-338:false_positive#2,cilium/cilium,CWE-338,FP,ollama:qwen2.5-coder:7b,especialista,seguro,DETECTADO,Semgrep FP (ruído sobre código seguro),FP,Verdadeiro Negativo (Acerto),4.15,"O uso de `math/rand/v2` neste contexto não constitui uma vulnerabilidade real. A função `rand.Intn(100)` é usada para calcular um jitter de backoff, que requer dispersão temporal em vez de imprevisibilidade contra adversário.",10,especifica,especialista:d1145f8b,a81b6f5ca3a4f70c2cdbca1436fd138ccc84976ee981aa1726e3dff9ae4e4311,1069,74,0.00000000
f2513077:CWE-338:false_positive#3,cilium/cilium,CWE-338,FP,ollama:qwen2.5-coder:7b,especialista,seguro,DETECTADO,Semgrep FP (ruído sobre código seguro),FP,Verdadeiro Negativo (Acerto),5.39,"O uso de `math/rand` neste contexto não constitui uma vulnerabilidade real. A função `rand.Intn(256)` é usada para gerar números aleatórios que serão convertidos em um valor hexadecimal, provavelmente para fins de geração de tokens ou IDs únicos. Como este código não está sendo usado para gerar chaves criptográficas, senhas ou outros valores que exigem imprevisibilidade absoluta, o uso de `math/rand` neste caso é aceitável e não representa uma fraqueza segura.",10,especifica,especialista:d1145f8b,a81b6f5ca3a4f70c2cdbca1436fd138ccc84976ee981aa1726e3dff9ae4e4311,1044,134,0.00000000
f2513077:CWE-338:false_positive#4,cilium/cilium,CWE-338,FP,ollama:qwen2.5-coder:7b,especialista,seguro,DETECTADO,Semgrep FP (ruído sobre código seguro),FP,Verdadeiro Negativo (Acerto),5.70,"O uso de `math/rand` neste contexto não constitui uma vulnerabilidade real. A função `rand.Intn(256)` é usada para gerar um número aleatório entre 0 e 255, que é então convertido em um byte. Este valor é usado para preencher um slice de bytes, que é depois codificado em hexadecimal para formar uma string. O contexto deste código não requer imprevisibilidade criptográfica, pois está sendo usado para gerar tokens temporários ou IDs únicos, e a sequência gerada não precisa ser previsível por um atacante.",10,especifica,especialista:d1145f8b,a81b6f5ca3a4f70c2cdbca1436fd138ccc84976ee981aa1726e3dff9ae4e4311,1055,147,0.00000000
f2513077:CWE-338:false_positive#5,cilium/cilium,CWE-338,FP,ollama:qwen2.5-coder:7b,especialista,seguro,DETECTADO,Semgrep FP (ruído sobre código seguro),FP,Verdadeiro Negativo (Acerto),5.92,"O uso de `math/rand` em `etcd.go` não constitui uma vulnerabilidade real neste contexto. A função `rand.Intn(256)` é usada para gerar um valor aleatório entre 0 e 255, que é então convertido em um byte. Este valor é usado para preencher um buffer de bytes, que é então codificado em hexadecimal para formar uma string. O contexto aqui não requer imprevisibilidade criptográfica, pois os valores gerados são usados para preencher buffers e não para geração de tokens, chaves ou nonces que dependem de imprevisibilidade.",10,especifica,especialista:d1145f8b,a81b6f5ca3a4f70c2cdbca1436fd138ccc84976ee981aa1726e3dff9ae4e4311,1113,154,0.00000000
f2513077:CWE-338:false_positive#6,cilium/cilium,CWE-338,FP,ollama:qwen2.5-coder:7b,especialista,seguro,DETECTADO,Semgrep FP (ruído sobre código seguro),FP,Verdadeiro Negativo (Acerto),5.63,"O uso de `math/rand` neste contexto não constitui uma vulnerabilidade real. A função `rand.Intn(256)` é usada para gerar um número aleatório entre 0 e 255, que é então convertido em um byte. Este valor é usado para preencher um slice de bytes, que é então codificado em hexadecimal para formar o token de sessão. O contexto aqui não requer imprevisibilidade criptográfica, pois os tokens são usados internamente pelo sistema e não expostos a usuários finais ou potenciais atacantes.",10,especifica,especialista:d1145f8b,a81b6f5ca3a4f70c2cdbca1436fd138ccc84976ee981aa1726e3dff9ae4e4311,1013,144,0.00000000
f2513077:CWE-338:false_positive#7,cilium/cilium,CWE-338,FP,ollama:qwen2.5-coder:7b,especialista,seguro,DETECTADO,Semgrep FP (ruído sobre código seguro),FP,Verdadeiro Negativo (Acerto),3.96,"O uso de `math/rand/v2` em um contexto que não requer imprevisibilidade criptográfica, como a geração de números aleatórios para fins de jitter de backoff, é considerado seguro neste caso.",10,especifica,especialista:d1145f8b,a81b6f5ca3a4f70c2cdbca1436fd138ccc84976ee981aa1726e3dff9ae4e4311,1057,65,0.00000000
f2513077:CWE-338:false_positive#8,cilium/cilium,CWE-338,FP,ollama:qwen2.5-coder:7b,especialista,seguro,DETECTADO,Semgrep FP (ruído sobre código seguro),FP,Verdadeiro Negativo (Acerto),4.12,"O uso de `math/rand/v2` em um contexto que não requer imprevisibilidade criptográfica, como a geração de números aleatórios para fins de jitter de backoff ou outras operações que não dependem da segurança criptográfica.",10,especifica,especialista:d1145f8b,a81b6f5ca3a4f70c2cdbca1436fd138ccc84976ee981aa1726e3dff9ae4e4311,1035,72,0.00000000
f2513077:CWE-338:false_positive#9,cilium/cilium,CWE-338,FP,ollama:qwen2.5-coder:7b,especialista,seguro,DETECTADO,Semgrep FP (ruído sobre código seguro),FP,Verdadeiro Negativo (Acerto),5.03,"O uso de `math/rand/v2` neste contexto não constitui uma vulnerabilidade real. A função `rand.Intn(256)` é usada para gerar números aleatórios que serão convertidos em bytes e então codificados em hexadecimal, formando um token seguro. Este tipo de uso não requer imprevisibilidade criptográfica, pois os tokens são usados apenas como identificadores temporários e não como chaves ou senhas sensíveis.",10,especifica,especialista:d1145f8b,a81b6f5ca3a4f70c2cdbca1436fd138ccc84976ee981aa1726e3dff9ae4e4311,1084,115,0.00000000
f2513077:CWE-489:false_positive,cilium/cilium,CWE-489,FP,ollama:qwen2.5-coder:7b,especialista,seguro,DETECTADO,Semgrep FP (ruído sobre código seguro),FP,Verdadeiro Negativo (Acerto),4.03,"A entrada para o endpoint pprof é controlada pelo sistema operacional, não pelo agente externo. O caminho de execução do código é inalcançável (morto) em produção, pois a função Enable só é chamada durante o desenvolvimento e teste.",1,fallback,especialista:d1145f8b,a81b6f5ca3a4f70c2cdbca1436fd138ccc84976ee981aa1726e3dff9ae4e4311,913,75,0.00000000
f2513077:CWE-665:false_positive,cilium/cilium,CWE-665,FP,ollama:qwen2.5-coder:7b,especialista,seguro,DETECTADO,Semgrep FP (ruído sobre código seguro),FP,Verdadeiro Negativo (Acerto),4.48,"A variável `errOutput` é inicializada corretamente como um buffer vazio (`make([]byte, 0)`) antes de ser usada. Ela não é modificada após a chamada à função `s.client.ExecInPodWithStderr`, então o uso subsequente dela não resultará em uma referência nula.",12,especifica,especialista:d1145f8b,a81b6f5ca3a4f70c2cdbca1436fd138ccc84976ee981aa1726e3dff9ae4e4311,996,88,0.00000000
f2513077:CWE-665:false_positive#1,cilium/cilium,CWE-665,FP,ollama:qwen2.5-coder:7b,especialista,seguro,DETECTADO,Semgrep FP (ruído sobre código seguro),FP,Verdadeiro Negativo (Acerto),5.88,"O código não inicializa a variável `s` de forma inadequada. A variável `s` é usada para armazenar o resultado do método `Status` da instância `collector`, que retorna um objeto do tipo `status.K8sStatus`. Este objeto é preenchido com os dados coletados e, em caso de erro, a função continua a execução imprimindo o status mais recente e retornando o erro. A variável `s` não está sendo usada de forma que possa levar a um estado inesperado ou previsível.",12,especifica,especialista:d1145f8b,a81b6f5ca3a4f70c2cdbca1436fd138ccc84976ee981aa1726e3dff9ae4e4311,1319,141,0.00000000
f2513077:CWE-665:false_positive#2,cilium/cilium,CWE-665,FP,ollama:qwen2.5-coder:7b,especialista,seguro,DETECTADO,Semgrep FP (ruído sobre código seguro),FP,Verdadeiro Negativo (Acerto),4.46,"O código inicializa corretamente a variável `output` antes de usá-la. A função `pod.K8sClient.ExecInPod` retorna um valor não nulo em caso de sucesso, e o erro é tratado adequadamente no bloco `if err != nil`. Portanto, esta não constitui uma vulnerabilidade.",12,especifica,especialista:d1145f8b,a81b6f5ca3a4f70c2cdbca1436fd138ccc84976ee981aa1726e3dff9ae4e4311,987,88,0.00000000
f2513077:CWE-665:false_positive#3,cilium/cilium,CWE-665,FP,ollama:qwen2.5-coder:7b,especialista,seguro,DETECTADO,Semgrep FP (ruído sobre código seguro),FP,Verdadeiro Negativo (Acerto),5.78,"O código não inicializa a variável `stderr` de forma inadequada. A variável `stderr` é usada para capturar os logs do comando executado no pod, que são retornados pelo método `ExecInPodWithStderr`. Se ocorrer um erro durante a execução do comando, o valor de `stderr` será preenchido com as saídas de erro. Caso contrário, `stderr` conterá logs de sucesso. O uso de `t.Fatalf` em caso de erro garante que o programa não continue em caso de falha, evitando panics devido a um nil dereference.",12,especifica,especialista:d1145f8b,a81b6f5ca3a4f70c2cdbca1436fd138ccc84976ee981aa1726e3dff9ae4e4311,965,151,0.00000000
f2513077:CWE-665:false_positive#4,cilium/cilium,CWE-665,FP,ollama:qwen2.5-coder:7b,especialista,seguro,DETECTADO,Semgrep FP (ruído sobre código seguro),FP,Verdadeiro Negativo (Acerto),6.37,"O alerta indica que a variável `obj` pode ser modificada e usada posteriormente em caso de erro, o que poderia resultar em um panic devido a uma desreferência nula. No entanto, no contexto fornecido, isso não constitui uma vulnerabilidade real. A função `CreateOrUpdatePolicy` trata adequadamente os erros retornados pelas chamadas de `client.Create`, `client.Get` e `client.Update`. Ela verifica se o erro é um `IsAlreadyExists` antes de tentar recuperar o objeto, garantindo que a variável `obj` seja usada corretamente em todos os caminhos do código. Portanto, este alerta é um FALSO POSITIVO.",12,especifica,especialista:d1145f8b,a81b6f5ca3a4f70c2cdbca1436fd138ccc84976ee981aa1726e3dff9ae4e4311,1095,175,0.00000000
f2513077:CWE-665:false_positive#5,cilium/cilium,CWE-665,FP,ollama:qwen2.5-coder:7b,especialista,seguro,DETECTADO,Semgrep FP (ruído sobre código seguro),FP,Verdadeiro Negativo (Acerto),3.92,"O código não apresenta uma vulnerabilidade real. A variável `result` é inicializada corretamente antes de ser usada, e o erro é tratado adequadamente sem causar um desreferenciamento nulo.",12,especifica,especialista:d1145f8b,a81b6f5ca3a4f70c2cdbca1436fd138ccc84976ee981aa1726e3dff9ae4e4311,940,65,0.00000000
f2513077:CWE-665:false_positive#6,cilium/cilium,CWE-665,FP,ollama:qwen2.5-coder:7b,especialista,seguro,DETECTADO,Semgrep FP (ruído sobre código seguro),FP,Verdadeiro Negativo (Acerto),4.44,"A variável `stdErr` é usada corretamente após ser capturada pelo método `ExecInPodWithStderr`. Ela não é modificada entre a captura e o uso, então não há risco de um desreferenciamento nulo ou panic. O código está inicializado corretamente e usado adequadamente.",12,especifica,especialista:d1145f8b,a81b6f5ca3a4f70c2cdbca1436fd138ccc84976ee981aa1726e3dff9ae4e4311,952,89,0.00000000
f2513077:CWE-665:false_positive#7,cilium/cilium,CWE-665,FP,ollama:qwen2.5-coder:7b,especialista,seguro,DETECTADO,Semgrep FP (ruído sobre código seguro),FP,Verdadeiro Negativo (Acerto),5.43,"A variável `e` é usada para capturar o stderr do comando executado no pod. Embora possa haver um risco de nil dereference se `c.Client.ExecInPodWithStderr` retornar um erro, a verificação adequada e a propagação correta desse erro garantem que não ocorra uma panique. O uso de `e.String()` para incluir o stderr no erro final é seguro nesse contexto.",12,especifica,especialista:d1145f8b,a81b6f5ca3a4f70c2cdbca1436fd138ccc84976ee981aa1726e3dff9ae4e4311,1493,113,0.00000000
f2513077:CWE-665:false_positive#8,cilium/cilium,CWE-665,FP,ollama:qwen2.5-coder:7b,especialista,seguro,DETECTADO,Semgrep FP (ruído sobre código seguro),FP,Verdadeiro Negativo (Acerto),4.90,"O código não inicializa a variável `routeSpec` de forma inadequada. A variável é usada apenas para armazenar o resultado da função `installDirectRoute`, que retorna um erro em caso de falha. O uso de uma variável sem inicialização neste contexto não constitui vulnerabilidade, pois ela não é utilizada antes de ser preenchida.",12,especifica,especialista:d1145f8b,a81b6f5ca3a4f70c2cdbca1436fd138ccc84976ee981aa1726e3dff9ae4e4311,1336,95,0.00000000
f2513077:CWE-665:false_positive#9,cilium/cilium,CWE-665,FP,ollama:qwen2.5-coder:7b,especialista,seguro,DETECTADO,Semgrep FP (ruído sobre código seguro),FP,Verdadeiro Negativo (Acerto),4.45,"O código não inicializa o mapa `idToStatus` com valores nulos, nem usa-o em uma situação que possa levar a um comportamento inesperado. O mapa é apenas iterado e seus valores são atualizados conforme necessário, sem deixar de ser usado em um estado inconsistente.",12,especifica,especialista:d1145f8b,a81b6f5ca3a4f70c2cdbca1436fd138ccc84976ee981aa1726e3dff9ae4e4311,1130,80,0.00000000
f2513077:CWE-665:false_positive#10,cilium/cilium,CWE-665,FP,ollama:qwen2.5-coder:7b,especialista,seguro,DETECTADO,Semgrep FP (ruído sobre código seguro),FP,Verdadeiro Negativo (Acerto),3.97,"O código não mostra a modificação de uma variável que seria usada posteriormente. A variável `metrics` é inicializada corretamente e usada apenas se o erro for nulo, garantindo que ela nunca seja nil durante o uso.",12,especifica,especialista:d1145f8b,a81b6f5ca3a4f70c2cdbca1436fd138ccc84976ee981aa1726e3dff9ae4e4311,860,69,0.00000000
f2513077:CWE-665:false_positive#11,cilium/cilium,CWE-665,FP,ollama:qwen2.5-coder:7b,especialista,seguro,DETECTADO,Semgrep FP (ruído sobre código seguro),FP,Verdadeiro Negativo (Acerto),4.40,"O código inicializa corretamente o recurso `cg` usando `os.Open`, que retorna um descritor de arquivo válido. O erro é capturado e tratado adequadamente, garantindo que não haja uma referência nula posteriormente no código.",12,especifica,especialista:d1145f8b,a81b6f5ca3a4f70c2cdbca1436fd138ccc84976ee981aa1726e3dff9ae4e4311,1296,74,0.00000000
f2513077:CWE-681:false_positive,cilium/cilium,CWE-681,FP,ollama:qwen2.5-coder:7b,especialista,seguro,DETECTADO,Semgrep FP (ruído sobre código seguro),FP,Verdadeiro Negativo (Acerto),7.66,"A conversão de uint32 para uint32 não é uma operação que possa causar overflow, truncamento ou mudança de sinal silenciosa. A função strconv.Atoi(a.expEgress.HTTP.Status) retorna um valor int, que é então convertido em uint32 usando uint32(s). Como o valor retornado por strconv.Atoi está dentro do intervalo de uint32 (0 a math.MaxUint32), não há risco de overflow ou truncamento. Além disso, a conversão de int para uint32 é uma operação segura nesse contexto.",8,especifica,especialista:d1145f8b,a81b6f5ca3a4f70c2cdbca1436fd138ccc84976ee981aa1726e3dff9ae4e4311,2875,141,0.00000000
f2513077:CWE-681:false_positive#1,cilium/cilium,CWE-681,FP,ollama:qwen2.5-coder:7b,especialista,seguro,DETECTADO,Semgrep FP (ruído sobre código seguro),FP,Verdadeiro Negativo (Acerto),4.73,"A conversão de uint32 para int32 não ocorre em um contexto onde a faixa do valor pode ser violada. A função strconv.Atoi já garante que o valor retornado esteja dentro da faixa válida para um int32, pois retorna um erro caso o valor seja fora dessa faixa.",8,especifica,especialista:d1145f8b,a81b6f5ca3a4f70c2cdbca1436fd138ccc84976ee981aa1726e3dff9ae4e4311,837,84,0.00000000
f2513077:CWE-681:false_positive#2,cilium/cilium,CWE-681,FP,ollama:qwen2.5-coder:7b,especialista,seguro,DETECTADO,Semgrep FP (ruído sobre código seguro),FP,Verdadeiro Negativo (Acerto),7.02,"O código não realiza conversões numéricas entre tipos de larguras diferentes ou sinais sem verificar se cabe no tipo de destino. Todas as conversões envolvidas são feitas em contextos onde os valores estão garantidos estar dentro dos limites apropriados, evitando assim qualquer risco de overflow ou truncamento silencioso.",8,especifica,especialista:d1145f8b,a81b6f5ca3a4f70c2cdbca1436fd138ccc84976ee981aa1726e3dff9ae4e4311,3945,90,0.00000000
f2513077:CWE-681:false_positive#3,cilium/cilium,CWE-681,FP,ollama:qwen2.5-coder:7b,especialista,seguro,DETECTADO,Semgrep FP (ruído sobre código seguro),FP,Verdadeiro Negativo (Acerto),5.40,"A conversão de int64 para uint32 é segura neste contexto porque o valor é limitado a um intervalo seguro antes da conversão. A função strconv.ParseInt já garante que o valor esteja no intervalo [-2147483648, 2147483647], e a conversão para uint32 não pode estourar porque os valores negativos são ignorados.",8,especifica,especialista:d1145f8b,a81b6f5ca3a4f70c2cdbca1436fd138ccc84976ee981aa1726e3dff9ae4e4311,898,111,0.00000000
f2513077:CWE-681:false_positive#4,cilium/cilium,CWE-681,FP,ollama:qwen2.5-coder:7b,especialista,seguro,DETECTADO,Semgrep FP (ruído sobre código seguro),FP,Verdadeiro Negativo (Acerto),4.60,"A conversão de uint8 para int não é uma operação estreitante entre tipos numéricos, pois uint8 já é um tipo sem sinal de 8 bits. Além disso, a função parseSPI já garante que o valor de spi esteja dentro do intervalo válido (1 a linux_defaults.IPsecMaxKeyVersion) antes da conversão.",8,especifica,especialista:d1145f8b,a81b6f5ca3a4f70c2cdbca1436fd138ccc84976ee981aa1726e3dff9ae4e4311,1025,94,0.00000000
f2513077:CWE-681:false_positive#5,cilium/cilium,CWE-681,FP,ollama:qwen2.5-coder:7b,especialista,seguro,DETECTADO,Semgrep FP (ruído sobre código seguro),FP,Verdadeiro Negativo (Acerto),5.08,"A conversão de `base.InterfaceIndex` para `int` não constitui uma vulnerabilidade porque o valor é limitado a um intervalo seguro antes da conversão. A função `NewEndpointFromChangeModel` já garante que `base.InterfaceIndex` esteja dentro do intervalo válido para `int`, evitando qualquer estouro ou truncamento.",8,especifica,especialista:d1145f8b,a81b6f5ca3a4f70c2cdbca1436fd138ccc84976ee981aa1726e3dff9ae4e4311,1692,91,0.00000000
f2513077:CWE-681:false_positive#6,cilium/cilium,CWE-681,FP,ollama:qwen2.5-coder:7b,especialista,seguro,DETECTADO,Semgrep FP (ruído sobre código seguro),FP,Verdadeiro Negativo (Acerto),4.44,"A conversão de porto do tipo int64 para uint16 é segura neste contexto porque os valores possíveis de portos (0-65535) cabem facilmente no tipo uint16. Além disso, a função strconv.ParseInt já garante que o valor está dentro da faixa adequada antes da conversão.",8,especifica,especialista:d1145f8b,a81b6f5ca3a4f70c2cdbca1436fd138ccc84976ee981aa1726e3dff9ae4e4311,956,91,0.00000000
f2513077:CWE-681:false_positive#7,cilium/cilium,CWE-681,FP,ollama:qwen2.5-coder:7b,especialista,seguro,DETECTADO,Semgrep FP (ruído sobre código seguro),FP,Verdadeiro Negativo (Acerto),9.99,"O código não realiza conversões entre tipos numéricos que possam levar a estouros, truncamentos ou troca de sinal. Todas as conversões são feitas em valores provenientes de configurações externas (viper.Viper), que já foram validados e limitados adequadamente antes da conversão.",8,especifica,especialista:d1145f8b,a81b6f5ca3a4f70c2cdbca1436fd138ccc84976ee981aa1726e3dff9ae4e4311,7389,87,0.00000000
f2513077:CWE-79:false_positive,cilium/cilium,CWE-79,FP,ollama:qwen2.5-coder:7b,especialista,seguro,DETECTADO,Semgrep FP (ruído sobre código seguro),FP,Verdadeiro Negativo (Acerto),4.36,"O código fornecido não apresenta uma vulnerabilidade XSS. A entrada do usuário é incorporada em um contexto de texto plano, não em HTML, e a função `text/template` não está sendo usada para renderizar conteúdo HTML. Portanto, o escape automático não é necessário neste caso.",6,especifica,especialista:d1145f8b,a81b6f5ca3a4f70c2cdbca1436fd138ccc84976ee981aa1726e3dff9ae4e4311,1149,79,0.00000000
f2513077:CWE-79:false_positive#1,cilium/cilium,CWE-79,FP,ollama:qwen2.5-coder:7b,especialista,seguro,DETECTADO,Semgrep FP (ruído sobre código seguro),FP,Verdadeiro Negativo (Acerto),4.39,"O código não incorpora dados do usuário diretamente na saída HTML. Todas as entradas são processadas dentro de funções que aplicam lógica para formatar os dados, garantindo que nenhum dado externo seja inserido sem escape adequado.",6,especifica,especialista:d1145f8b,a81b6f5ca3a4f70c2cdbca1436fd138ccc84976ee981aa1726e3dff9ae4e4311,1298,72,0.00000000
f2513077:CWE-79:false_positive#2,cilium/cilium,CWE-79,FP,ollama:qwen2.5-coder:7b,especialista,seguro,DETECTADO,Semgrep FP (ruído sobre código seguro),FP,Verdadeiro Negativo (Acerto),4.69,"O código não está utilizando a função `text/template` para renderizar conteúdo gerado pelo usuário, o que significa que não há risco de injeção de script. Em vez disso, o código parece estar lidando com configurações do CNI (Container Network Interface) e não está incorporando diretamente entradas do usuário em uma saída HTML.",6,especifica,especialista:d1145f8b,a81b6f5ca3a4f70c2cdbca1436fd138ccc84976ee981aa1726e3dff9ae4e4311,1194,92,0.00000000
f2513077:CWE-79:false_positive#3,cilium/cilium,CWE-79,FP,ollama:qwen2.5-coder:7b,especialista,seguro,DETECTADO,Semgrep FP (ruído sobre código seguro),FP,Verdadeiro Negativo (Acerto),4.21,"O código não está incorporando dados do usuário diretamente na saída HTML. Em vez disso, ele está formatando uma resposta JSON que contém timestamps de atualização. Como não há entrada do usuário sendo inserida em um contexto HTML, isso não constitui uma vulnerabilidade XSS.",6,especifica,especialista:d1145f8b,a81b6f5ca3a4f70c2cdbca1436fd138ccc84976ee981aa1726e3dff9ae4e4311,1098,76,0.00000000
f2513077:CWE-79:false_positive#4,cilium/cilium,CWE-79,FP,ollama:qwen2.5-coder:7b,especialista,seguro,DETECTADO,Semgrep FP (ruído sobre código seguro),FP,Verdadeiro Negativo (Acerto),5.00,"O código fornecido não apresenta uma vulnerabilidade XSS porque a entrada do usuário é tratada como um valor string comum, não como conteúdo HTML. A função `renderComentario` usa o pacote `text/template`, que aplica escape contextual automático aos valores de entrada, garantindo que qualquer entrada do usuário seja corretamente escapada e não possa ser interpretada como código HTML ou JavaScript.",6,especifica,especialista:d1145f8b,a81b6f5ca3a4f70c2cdbca1436fd138ccc84976ee981aa1726e3dff9ae4e4311,1343,102,0.00000000
f2513077:CWE-79:false_positive#5,cilium/cilium,CWE-79,FP,ollama:qwen2.5-coder:7b,especialista,seguro,DETECTADO,Semgrep FP (ruído sobre código seguro),FP,Verdadeiro Negativo (Acerto),4.31,"O código não está utilizando a função `Execute` do pacote `html/template`, então não há risco de injeção de script. O alerta é um falso positivo porque o uso de `text/template` em vez de `html/template` neste contexto específico não constitui uma vulnerabilidade XSS.",6,especifica,especialista:d1145f8b,a81b6f5ca3a4f70c2cdbca1436fd138ccc84976ee981aa1726e3dff9ae4e4311,1189,81,0.00000000
f2513077:CWE-94:false_positive,cilium/cilium,CWE-94,FP,ollama:qwen2.5-coder:7b,especialista,seguro,DETECTADO,Semgrep FP (ruído sobre código seguro),FP,Verdadeiro Negativo (Acerto),3.95,"O texto do comando é constante ('bash', '-c') e a entrada externa (prompt) entra apenas como dado, não como parte da lógica de execução. Portanto, isso não constitui uma vulnerabilidade de injeção de código.",9,especifica,especialista:d1145f8b,a81b6f5ca3a4f70c2cdbca1436fd138ccc84976ee981aa1726e3dff9ae4e4311,879,71,0.00000000
f2513077:CWE-94:false_positive#1,cilium/cilium,CWE-94,FP,ollama:qwen2.5-coder:7b,especialista,seguro,DETECTADO,Semgrep FP (ruído sobre código seguro),FP,Verdadeiro Negativo (Acerto),3.90,"O texto do comando é uma string constante definida no código, não provém de entrada externa. A função Exec não está sendo usada para gerar ou executar comandos a partir de dados fornecidos pelo usuário.",9,especifica,especialista:d1145f8b,a81b6f5ca3a4f70c2cdbca1436fd138ccc84976ee981aa1726e3dff9ae4e4311,922,66,0.00000000
f2513077:CWE-94:false_positive#2,cilium/cilium,CWE-94,FP,ollama:qwen2.5-coder:7b,especialista,seguro,DETECTADO,Semgrep FP (ruído sobre código seguro),FP,Verdadeiro Negativo (Acerto),4.59,"O texto do comando é gerado a partir de uma função chamada `rt.ToIPCommand(dev)`, que provavelmente contém um valor constante ou predefinido. A entrada externa não está sendo usada para formar o comando, apenas como parâmetro para essa função. Portanto, este código não constitui uma vulnerabilidade de injeção de código.",9,especifica,especialista:d1145f8b,a81b6f5ca3a4f70c2cdbca1436fd138ccc84976ee981aa1726e3dff9ae4e4311,972,97,0.00000000
f2513077:CWE-94:false_positive#3,cilium/cilium,CWE-94,FP,ollama:qwen2.5-coder:7b,especialista,seguro,DETECTADO,Semgrep FP (ruído sobre código seguro),FP,Verdadeiro Negativo (Acerto),4.37,"O texto do comando 'exec.Command' é constante e não provém de entrada externa. A função 'getEtcdVersion' executa um comando fixo ('etcd --version') para obter a versão do binário etcd, sem incorporar dados de entrada do usuário em qualquer parte do comando ou argumentos.",9,especifica,especialista:d1145f8b,a81b6f5ca3a4f70c2cdbca1436fd138ccc84976ee981aa1726e3dff9ae4e4311,1010,86,0.00000000
f2513077:CWE-94:false_positive#4,cilium/cilium,CWE-94,FP,ollama:qwen2.5-coder:7b,especialista,seguro,DETECTADO,Semgrep FP (ruído sobre código seguro),FP,Verdadeiro Negativo (Acerto),3.80,O código não está utilizando entrada externa para construir comandos de execução. A função `CommandContext` recebe parâmetros fixos (`prog` e `args`) que não são influenciados por dados externos.,9,especifica,especialista:d1145f8b,a81b6f5ca3a4f70c2cdbca1436fd138ccc84976ee981aa1726e3dff9ae4e4311,839,65,0.00000000
f2513077:CWE-94:false_positive#5,cilium/cilium,CWE-94,FP,ollama:qwen2.5-coder:7b,especialista,seguro,DETECTADO,Semgrep FP (ruído sobre código seguro),FP,Verdadeiro Negativo (Acerto),4.19,"O texto do comando é constante e não provém de entrada externa. A função `exec.CommandContext` está sendo usada para executar comandos internos do sistema operacional, não para gerar código a partir de dados externos.",9,especifica,especialista:d1145f8b,a81b6f5ca3a4f70c2cdbca1436fd138ccc84976ee981aa1726e3dff9ae4e4311,1190,69,0.00000000
f2513077:CWE-94:false_positive#6,cilium/cilium,CWE-94,FP,ollama:qwen2.5-coder:7b,especialista,seguro,DETECTADO,Semgrep FP (ruído sobre código seguro),FP,Verdadeiro Negativo (Acerto),4.63,"O texto do comando é construído a partir de entradas externas, mas essas entradas são usadas apenas como argumentos para o comando, não como parte da lógica ou código a ser executado. A função `exec.Command` espera que os argumentos sejam passados separadamente, garantindo que nenhum código malicioso possa ser injetado.",9,especifica,especialista:d1145f8b,a81b6f5ca3a4f70c2cdbca1436fd138ccc84976ee981aa1726e3dff9ae4e4311,990,97,0.00000000
f2513077:CWE-94:false_positive#7,cilium/cilium,CWE-94,FP,ollama:qwen2.5-coder:7b,especialista,seguro,DETECTADO,Semgrep FP (ruído sobre código seguro),FP,Verdadeiro Negativo (Acerto),4.28,"O código não está utilizando entrada externa para construir comandos de execução. A variável `command` é definida internamente no método e não recebe dados do usuário. Portanto, não há risco de injeção de código.",9,especifica,especialista:d1145f8b,a81b6f5ca3a4f70c2cdbca1436fd138ccc84976ee981aa1726e3dff9ae4e4311,1351,69,0.00000000
f2513077:CWE-94:false_positive#8,cilium/cilium,CWE-94,FP,ollama:qwen2.5-coder:7b,especialista,seguro,DETECTADO,Semgrep FP (ruído sobre código seguro),FP,Verdadeiro Negativo (Acerto),3.33,"O texto do comando é constante do programa; a entrada externa é apenas dado interpolado, não código de comando.",9,especifica,especialista:d1145f8b,a81b6f5ca3a4f70c2cdbca1436fd138ccc84976ee981aa1726e3dff9ae4e4311,863,42,0.00000000
33d71763:CWE-328:false_positive,ctfer-io/chall-manager,CWE-328,FP,ollama:qwen2.5-coder:7b,especialista,seguro,DETECTADO,Semgrep FP (ruído sobre código seguro),FP,Verdadeiro Negativo (Acerto),4.28,"A função MD5 é usada aqui para gerar um hash de uma string de cenário, que não é uma senha nem um dado sensível. O contexto desta função é a integridade ou identificação do conteúdo, e MD5 é adequado nesse caso porque oferece resistência a colisão suficiente para essa finalidade.",2,especifica,especialista:d1145f8b,a81b6f5ca3a4f70c2cdbca1436fd138ccc84976ee981aa1726e3dff9ae4e4311,891,88,0.00000000
33d71763:CWE-328:false_positive#1,ctfer-io/chall-manager,CWE-328,FP,ollama:qwen2.5-coder:7b,especialista,seguro,DETECTADO,Semgrep FP (ruído sobre código seguro),FP,Verdadeiro Negativo (Acerto),3.98,"A função md5.New() é usada para calcular um hash de identificação, não para armazenar senhas ou dados sensíveis. O contexto aqui é a integridade/identificação de conteúdo, onde MD5 é adequado e resistente a colisão.",2,especifica,especialista:d1145f8b,a81b6f5ca3a4f70c2cdbca1436fd138ccc84976ee981aa1726e3dff9ae4e4311,886,74,0.00000000
33d71763:CWE-338:false_positive,ctfer-io/chall-manager,CWE-338,FP,ollama:qwen2.5-coder:7b,especialista,seguro,DETECTADO,Semgrep FP (ruído sobre código seguro),FP,Verdadeiro Negativo (Acerto),5.73,"O uso de `math/rand` neste contexto não constitui uma vulnerabilidade real. A função `rand.Intn(256)` é usada para gerar um número aleatório entre 0 e 255, que é então convertido em um byte. Este processo não requer imprevisibilidade criptográfica, pois o propósito é apenas gerar números pseudoaleatórios para fins de identificação ou indexação, como a geração de nomes de arquivos temporários. O contexto do código não exige uma sequência previsível que possa ser reconstruída por um atacante.",2,especifica,especialista:d1145f8b,a81b6f5ca3a4f70c2cdbca1436fd138ccc84976ee981aa1726e3dff9ae4e4311,1028,147,0.00000000
33d71763:CWE-338:false_positive#1,ctfer-io/chall-manager,CWE-338,FP,ollama:qwen2.5-coder:7b,especialista,seguro,DETECTADO,Semgrep FP (ruído sobre código seguro),FP,Verdadeiro Negativo (Acerto),5.72,"O uso de `math/rand` neste contexto não constitui uma vulnerabilidade real. A função `VariateOption` é usada para configurar opções em um sistema que gera variados valores, como letras minúsculas, maiúsculas, números e caracteres especiais. O gerador de números pseudoaleatórios (`math/rand`) neste caso não está sendo usado para gerar tokens, chaves ou nonces que exigem imprevisibilidade criptográfica. Em vez disso, ele está sendo utilizado para configurar opções em um sistema que gera variados valores, o que não é uma vulnerabilidade de segurança.",2,especifica,especialista:d1145f8b,a81b6f5ca3a4f70c2cdbca1436fd138ccc84976ee981aa1726e3dff9ae4e4311,903,152,0.00000000
33d71763:CWE-79:false_positive,ctfer-io/chall-manager,CWE-79,FP,ollama:qwen2.5-coder:7b,especialista,seguro,DETECTADO,Semgrep FP (ruído sobre código seguro),FP,Verdadeiro Negativo (Acerto),4.72,"O código não está incorporando dados do usuário diretamente na saída HTML. Ele está apenas escrevendo um JSON gerado por uma biblioteca de Swagger, que é um formato de dados estruturado e não contém elementos HTML ou JavaScript que possam ser executados pelo navegador. Portanto, não há risco de injeção de script (Cross-site Scripting).",1,especifica,especialista:d1145f8b,a81b6f5ca3a4f70c2cdbca1436fd138ccc84976ee981aa1726e3dff9ae4e4311,1127,97,0.00000000
3be55f59:CWE-328:false_positive,ctfer-io/chall-manager,CWE-328,FP,ollama:qwen2.5-coder:7b,especialista,seguro,DETECTADO,Semgrep FP (ruído sobre código seguro),FP,Verdadeiro Negativo (Acerto),4.44,"A função MD5 é usada aqui para gerar um hash de uma string 'scenario', que parece ser um identificador único ou chave única em vez de armazenar senhas. Como não há evidências de uso desta hash para fins de autenticação, criptografia ou armazenamento de dados sensíveis, esta utilização do MD5 não constitui uma vulnerabilidade.",2,especifica,especialista:d1145f8b,a81b6f5ca3a4f70c2cdbca1436fd138ccc84976ee981aa1726e3dff9ae4e4311,891,96,0.00000000
3be55f59:CWE-328:false_positive#1,ctfer-io/chall-manager,CWE-328,FP,ollama:qwen2.5-coder:7b,especialista,seguro,DETECTADO,Semgrep FP (ruído sobre código seguro),FP,Verdadeiro Negativo (Acerto),3.97,"A função md5.New() é usada para calcular um hash de identificação, não para armazenar senhas ou dados sensíveis. O contexto aqui é a integridade/identificação de conteúdo, onde MD5 é adequado e resistente a colisão.",2,especifica,especialista:d1145f8b,a81b6f5ca3a4f70c2cdbca1436fd138ccc84976ee981aa1726e3dff9ae4e4311,886,74,0.00000000
3be55f59:CWE-338:false_positive,ctfer-io/chall-manager,CWE-338,FP,ollama:qwen2.5-coder:7b,especialista,seguro,DETECTADO,Semgrep FP (ruído sobre código seguro),FP,Verdadeiro Negativo (Acerto),5.77,"O uso de `math/rand` neste contexto não constitui uma vulnerabilidade real. A função `rand.Intn(256)` é usada para gerar um número aleatório entre 0 e 255, que é então convertido em um byte. Este processo não requer imprevisibilidade criptográfica, pois o propósito é apenas gerar números pseudoaleatórios para fins de identificação ou indexação, como a geração de nomes de arquivos temporários. O contexto do código não exige uma sequência previsível que possa ser reconstruída por um atacante.",2,especifica,especialista:d1145f8b,a81b6f5ca3a4f70c2cdbca1436fd138ccc84976ee981aa1726e3dff9ae4e4311,1028,147,0.00000000
3be55f59:CWE-338:false_positive#1,ctfer-io/chall-manager,CWE-338,FP,ollama:qwen2.5-coder:7b,especialista,seguro,DETECTADO,Semgrep FP (ruído sobre código seguro),FP,Verdadeiro Negativo (Acerto),5.72,"O uso de `math/rand` neste contexto não constitui uma vulnerabilidade real. A função `VariateOption` é usada para configurar opções em um sistema que gera variados valores, como letras minúsculas, maiúsculas, números e caracteres especiais. O gerador de números pseudoaleatórios (`math/rand`) neste caso não está sendo usado para gerar tokens, chaves ou nonces que exigem imprevisibilidade criptográfica. Em vez disso, ele está sendo utilizado para configurar opções em um sistema que gera variados valores, o que não é uma vulnerabilidade de segurança.",2,especifica,especialista:d1145f8b,a81b6f5ca3a4f70c2cdbca1436fd138ccc84976ee981aa1726e3dff9ae4e4311,903,152,0.00000000
3be55f59:CWE-79:false_positive,ctfer-io/chall-manager,CWE-79,FP,ollama:qwen2.5-coder:7b,especialista,seguro,DETECTADO,Semgrep FP (ruído sobre código seguro),FP,Verdadeiro Negativo (Acerto),4.37,"O código não está incorporando dados do usuário diretamente na saída HTML. Ele está apenas escrevendo um JSON gerado por uma biblioteca de Swagger, que é um formato de dados estruturado e não contém elementos HTML ou JavaScript que possam ser executados pelo navegador. Portanto, não há risco de injeção de script (Cross-site Scripting).",1,especifica,especialista:d1145f8b,a81b6f5ca3a4f70c2cdbca1436fd138ccc84976ee981aa1726e3dff9ae4e4311,1127,97,0.00000000
4611d05d:CWE-22:false_positive,drakkan/sftpgo,CWE-22,FP,ollama:qwen2.5-coder:7b,especialista,seguro,DETECTADO,Semgrep FP (ruído sobre código seguro),FP,Verdadeiro Negativo (Acerto),5.70,"A entrada 'next' é obtida de r.URL.Query().Get(""next"") e depois passada para path.Clean(), que não é usada diretamente para acessar arquivos. Em vez disso, o valor limpo é usado em uma verificação de redirecionamento contra um caminho base seguro (baseShareURL). Portanto, a entrada não pode ser usada para acessar arquivos arbitrários no servidor.",2,fallback,especialista:d1145f8b,a81b6f5ca3a4f70c2cdbca1436fd138ccc84976ee981aa1726e3dff9ae4e4311,1389,107,0.00000000
4611d05d:CWE-22:false_positive#1,drakkan/sftpgo,CWE-22,FP,ollama:qwen2.5-coder:7b,especialista,seguro,DETECTADO,Semgrep FP (ruído sobre código seguro),FP,Verdadeiro Negativo (Acerto),5.30,"A entrada `r.URL.Path` é controlada pelo cliente e chega à operação perigosa (`connection.Stat`) sem qualquer verificação adicional. No entanto, o código corrige isso imediatamente após a chamada de `path.Clean`, removendo qualquer prefixo definido em `s.binding.Prefix`. Isso garante que o caminho final seja seguro e não permita a exploração de arquivos fora do diretório restrito. Portanto, este código não constitui uma vulnerabilidade real.",2,fallback,especialista:d1145f8b,a81b6f5ca3a4f70c2cdbca1436fd138ccc84976ee981aa1726e3dff9ae4e4311,1085,129,0.00000000
4611d05d:CWE-319:false_positive,drakkan/sftpgo,CWE-319,FP,ollama:qwen2.5-coder:7b,especialista,seguro,DETECTADO,Semgrep FP (ruído sobre código seguro),FP,Verdadeiro Negativo (Acerto),4.24,"O código desabilita a verificação de certificados TLS apenas para fins de depuração, conforme indicado no alerta. Isso não constitui uma vulnerabilidade real porque o desenvolvedor entende os riscos associados e limita essa prática ao ambiente de desenvolvimento ou teste.",3,especifica,especialista:d1145f8b,a81b6f5ca3a4f70c2cdbca1436fd138ccc84976ee981aa1726e3dff9ae4e4311,923,79,0.00000000
4611d05d:CWE-319:false_positive#1,drakkan/sftpgo,CWE-319,FP,ollama:qwen2.5-coder:7b,especialista,seguro,DETECTADO,Semgrep FP (ruído sobre código seguro),FP,Verdadeiro Negativo (Acerto),4.65,"O código configura uma conexão MySQL com TLS, incluindo a verificação de certificados. A linha que desativa a verificação de certificado (`tlsConfig.InsecureSkipVerify = true`) é usada apenas para fins de depuração e não constitui uma vulnerabilidade real se o código for usado corretamente em um ambiente seguro.",3,especifica,especialista:d1145f8b,a81b6f5ca3a4f70c2cdbca1436fd138ccc84976ee981aa1726e3dff9ae4e4311,1235,90,0.00000000
4611d05d:CWE-319:false_positive#2,drakkan/sftpgo,CWE-319,FP,ollama:qwen2.5-coder:7b,especialista,seguro,DETECTADO,Semgrep FP (ruído sobre código seguro),FP,Verdadeiro Negativo (Acerto),5.06,"A função getInsecureTLSConfig retorna uma configuração de TLS que desabilita a verificação do certificado SSL/TLS. No entanto, esta função é usada para fins de depuração e não em produção. A desativação da verificação de certificado SSL/TLS pode tornar o sistema vulnerável a ataques Man-in-the-Middle (MTM), mas neste contexto específico, onde a função é usada apenas para fins de depuração, ela não constitui uma vulnerabilidade real.",3,especifica,especialista:d1145f8b,a81b6f5ca3a4f70c2cdbca1436fd138ccc84976ee981aa1726e3dff9ae4e4311,841,125,0.00000000
4611d05d:CWE-327:false_positive,drakkan/sftpgo,CWE-327,FP,ollama:qwen2.5-coder:7b,especialista,seguro,DETECTADO,Semgrep FP (ruído sobre código seguro),FP,Verdadeiro Negativo (Acerto),6.15,"O alerta é um FALSO POSITIVO. A função `checkSFTPGoUserAuth` configura uma conexão TLS com o servidor LDAP, mas não está sendo usada para autenticação ou comunicação de dados sensíveis. O uso do protocolo TLS aqui é apenas para estabelecer uma conexão segura entre o cliente e o servidor LDAP, sem envolver a transmissão de credenciais ou dados confidenciais. Portanto, não há necessidade de definir `MinVersion: tls.VersionTLS13` nesta configuração.",5,especifica,especialista:d1145f8b,a81b6f5ca3a4f70c2cdbca1436fd138ccc84976ee981aa1726e3dff9ae4e4311,1765,137,0.00000000
4611d05d:CWE-327:false_positive#1,drakkan/sftpgo,CWE-327,FP,ollama:qwen2.5-coder:7b,especialista,seguro,DETECTADO,Semgrep FP (ruído sobre código seguro),FP,Verdadeiro Negativo (Acerto),4.30,"O código não está configurando explicitamente a versão mínima do TLS, o que significa que ele segue as recomendações padrão do Go (TLS 1.2 como mínimo). A ausência de `MinVersion: tls.VersionTLS13` não constitui uma vulnerabilidade em um contexto geral de aplicação web.",5,especifica,especialista:d1145f8b,a81b6f5ca3a4f70c2cdbca1436fd138ccc84976ee981aa1726e3dff9ae4e4311,929,85,0.00000000
4611d05d:CWE-327:false_positive#2,drakkan/sftpgo,CWE-327,FP,ollama:qwen2.5-coder:7b,especialista,seguro,DETECTADO,Semgrep FP (ruído sobre código seguro),FP,Verdadeiro Negativo (Acerto),4.89,"O código não está configurando um algoritmo criptográfico comprovadamente quebrado ou inadequado. Em vez disso, ele configura uma configuração TLS personalizada para conexões MySQL, especificamente definindo a versão mínima do protocolo TLS como TLS 1.3 (por padrão em Go 1.22). Isso não constitui uma vulnerabilidade de segurança.",5,especifica,especialista:d1145f8b,a81b6f5ca3a4f70c2cdbca1436fd138ccc84976ee981aa1726e3dff9ae4e4311,1241,104,0.00000000
4611d05d:CWE-327:false_positive#3,drakkan/sftpgo,CWE-327,FP,ollama:qwen2.5-coder:7b,especialista,seguro,DETECTADO,Semgrep FP (ruído sobre código seguro),FP,Verdadeiro Negativo (Acerto),4.90,"O alerta é um FALSO POSITIVO porque o código não está sendo usado em um contexto de autenticação, assinatura, derivação de chave ou armazenamento de credencial. Em vez disso, ele está configurando uma conexão HTTP com TLS para fins gerais, como comunicação segura entre serviços. A configuração do `MinVersion` não é necessária neste contexto e pode ser ignorada.",5,especifica,especialista:d1145f8b,a81b6f5ca3a4f70c2cdbca1436fd138ccc84976ee981aa1726e3dff9ae4e4311,1045,109,0.00000000
4611d05d:CWE-327:false_positive#4,drakkan/sftpgo,CWE-327,FP,ollama:qwen2.5-coder:7b,especialista,seguro,DETECTADO,Semgrep FP (ruído sobre código seguro),FP,Verdadeiro Negativo (Acerto),5.56,"O código não está configurando uma versão mínima de TLS, então não há risco de uso de protocolos inseguros. A função `getInsecureTLSConfig` retorna uma configuração que desativa a verificação de certificados (`InsecureSkipVerify: true`), o que é considerado inseguro em ambientes de produção. No entanto, isso não significa que está usando um algoritmo criptográfico comprovadamente quebrado ou inadequado. O alerta é uma recomendação para melhorar a segurança TLS, mas neste contexto específico, não constitui uma vulnerabilidade.",5,especifica,especialista:d1145f8b,a81b6f5ca3a4f70c2cdbca1436fd138ccc84976ee981aa1726e3dff9ae4e4311,847,147,0.00000000
4611d05d:CWE-328:false_positive,drakkan/sftpgo,CWE-328,FP,ollama:qwen2.5-coder:7b,especialista,seguro,DETECTADO,Semgrep FP (ruído sobre código seguro),FP,Verdadeiro Negativo (Acerto),4.57,"O código utiliza MD5 apenas para comparação de senhas armazenadas, onde a resistência à colisão não é necessária. A função MD5 é usada aqui como parte de um esquema de autenticação que envolve verificações adicionais (prefixo e comparação direta), tornando o uso de MD5 seguro neste contexto.",2,especifica,especialista:d1145f8b,a81b6f5ca3a4f70c2cdbca1436fd138ccc84976ee981aa1726e3dff9ae4e4311,1050,94,0.00000000
4611d05d:CWE-328:false_positive#1,drakkan/sftpgo,CWE-328,FP,ollama:qwen2.5-coder:7b,especialista,seguro,DETECTADO,Semgrep FP (ruído sobre código seguro),FP,Verdadeiro Negativo (Acerto),4.28,"O uso do algoritmo MD5 neste contexto não constitui uma vulnerabilidade real. O código está sendo usado para calcular a soma de verificação (hash) de arquivos, que é um caso típico de uso seguro e adequado para essa função.",2,especifica,especialista:d1145f8b,a81b6f5ca3a4f70c2cdbca1436fd138ccc84976ee981aa1726e3dff9ae4e4311,1313,71,0.00000000
4611d05d:CWE-338:false_positive,drakkan/sftpgo,CWE-338,FP,ollama:qwen2.5-coder:7b,especialista,seguro,DETECTADO,Semgrep FP (ruído sobre código seguro),FP,Verdadeiro Negativo (Acerto),4.74,"O uso de `math/rand` neste contexto não constitui uma vulnerabilidade real. O código está sendo usado para gerar tokens temporários, que são destinados a serem usados em um intervalo muito curto e não precisam de imprevisibilidade criptográfica. A função `math/rand` é adequada para esse propósito.",3,especifica,especialista:d1145f8b,a81b6f5ca3a4f70c2cdbca1436fd138ccc84976ee981aa1726e3dff9ae4e4311,1293,89,0.00000000
4611d05d:CWE-338:false_positive#1,drakkan/sftpgo,CWE-338,FP,ollama:qwen2.5-coder:7b,especialista,seguro,DETECTADO,Semgrep FP (ruído sobre código seguro),FP,Verdadeiro Negativo (Acerto),6.27,"O uso de `math/rand` neste contexto não constitui uma vulnerabilidade real. A função `rand.Intn(256)` é usada para gerar um valor aleatório entre 0 e 255, que é então convertido em um byte. Este valor é usado para preencher um slice de bytes, que é depois codificado em hexadecimal para formar o token de sessão. O contexto aqui não requer imprevisibilidade criptográfica, pois os tokens são usados apenas internamente pelo sistema e não expostos a terceiros. Além disso, o uso de `math/rand` como jitter de backoff ou em outras operações que exigem dispersão temporal é considerado seguro neste caso.",3,especifica,especialista:d1145f8b,a81b6f5ca3a4f70c2cdbca1436fd138ccc84976ee981aa1726e3dff9ae4e4311,1114,171,0.00000000
4611d05d:CWE-338:false_positive#2,drakkan/sftpgo,CWE-338,FP,ollama:qwen2.5-coder:7b,especialista,seguro,DETECTADO,Semgrep FP (ruído sobre código seguro),FP,Verdadeiro Negativo (Acerto),6.60,"O uso de `math/rand` neste contexto não constitui uma vulnerabilidade. A função `rand.Intn(256)` é usada para gerar um número aleatório entre 0 e 255, que é então convertido em um byte. Este valor é usado para preencher um slice de bytes, que é então codificado em hexadecimal para formar o token de sessão. O contexto aqui não requer imprevisibilidade criptográfica, mas sim uma distribuição uniforme dos valores possíveis. Como `math/rand` é suficiente para este propósito e não há indicação de uso em um contexto onde a imprevisibilidade criptográfica seja necessária (como geração de chaves ou nonces), este código pode ser considerado seguro.",3,especifica,especialista:d1145f8b,a81b6f5ca3a4f70c2cdbca1436fd138ccc84976ee981aa1726e3dff9ae4e4311,1241,180,0.00000000
4611d05d:CWE-601:false_positive,drakkan/sftpgo,CWE-601,FP,ollama:qwen2.5-coder:7b,especialista,seguro,DETECTADO,Semgrep FP (ruído sobre código seguro),FP,Verdadeiro Negativo (Acerto),5.40,"O código verifica se o token é válido antes de redirecionar. Se o token for inválido, ele não seguirá com a execução do código que leva ao redirecionamento. Além disso, o destino do redirecionamento é construído usando uma rota relativa (`webClientPubSharesPath`) e um parâmetro de consulta (`next`), que é codificado em URL para evitar caracteres especiais. Portanto, este código não constitui uma vulnerabilidade de redirecionamento aberto.",6,especifica,especialista:d1145f8b,a81b6f5ca3a4f70c2cdbca1436fd138ccc84976ee981aa1726e3dff9ae4e4311,1210,128,0.00000000
4611d05d:CWE-601:false_positive#1,drakkan/sftpgo,CWE-601,FP,ollama:qwen2.5-coder:7b,especialista,seguro,DETECTADO,Semgrep FP (ruído sobre código seguro),FP,Verdadeiro Negativo (Acerto),5.17,"O código não está sujeito a uma vulnerabilidade de redirecionamento aberto (open redirect) porque o destino do redirecionamento é construído internamente, sem utilizar entrada externa direta. A função `redirectHandler` modifica a URL para garantir que seja segura e HTTPS, utilizando apenas informações da requisição atual e configurações de segurança definidas no objeto `SecurityConf`. Não há uso de entrada do usuário para determinar o destino do redirecionamento.",6,especifica,especialista:d1145f8b,a81b6f5ca3a4f70c2cdbca1436fd138ccc84976ee981aa1726e3dff9ae4e4311,1039,122,0.00000000
4611d05d:CWE-601:false_positive#2,drakkan/sftpgo,CWE-601,FP,ollama:qwen2.5-coder:7b,especialista,seguro,DETECTADO,Semgrep FP (ruído sobre código seguro),FP,Verdadeiro Negativo (Acerto),4.61,"O código verifica se o valor de 'next' começa com '/' ou '//', rejeitando URLs absolutas. Se a verificação falhar, o padrão é redirecionar para uma rota interna ('/'). Portanto, este código não constitui uma vulnerabilidade de redirecionamento aberto.",6,especifica,especialista:d1145f8b,a81b6f5ca3a4f70c2cdbca1436fd138ccc84976ee981aa1726e3dff9ae4e4311,1394,84,0.00000000
4611d05d:CWE-601:false_positive#3,drakkan/sftpgo,CWE-601,FP,ollama:qwen2.5-coder:7b,especialista,seguro,DETECTADO,Semgrep FP (ruído sobre código seguro),FP,Verdadeiro Negativo (Acerto),4.66,"O código verifica se o valor de 'next' começa com '/webclient/files/' antes de redirecionar. Se não, ele redireciona para '/webclient/files/'. Portanto, a entrada do usuário é restrita a caminhos relativos interno e não constitui uma vulnerabilidade de redirecionamento aberto.",6,especifica,especialista:d1145f8b,a81b6f5ca3a4f70c2cdbca1436fd138ccc84976ee981aa1726e3dff9ae4e4311,1352,88,0.00000000
4611d05d:CWE-601:false_positive#4,drakkan/sftpgo,CWE-601,FP,ollama:qwen2.5-coder:7b,especialista,seguro,DETECTADO,Semgrep FP (ruído sobre código seguro),FP,Verdadeiro Negativo (Acerto),5.33,"O código não está sujeito a um redirecionamento aberto (open redirect) porque o destino do redirecionamento é determinado por uma variável local (`path.Join(webClientPubSharesPath, share.ShareID, ""browse"")`) e não por entrada externa. A função `http.Redirect` é chamada com um caminho relativo interno, que atende à regra de aceitar apenas caminhos relativos (começam com /) ou caminhos absolutos dentro do domínio confiável.",6,especifica,especialista:d1145f8b,a81b6f5ca3a4f70c2cdbca1436fd138ccc84976ee981aa1726e3dff9ae4e4311,1021,132,0.00000000
4611d05d:CWE-614:false_positive,drakkan/sftpgo,CWE-614,FP,ollama:qwen2.5-coder:7b,especialista,seguro,DETECTADO,Semgrep FP (ruído sobre código seguro),VP,Falso Positivo (Ruído Mantido),4.36,"O cookie de autenticação JWT criado pela função `createAndSetCookie` não tem o atributo 'Secure' definido. Isso significa que, se a conexão HTTP for usada em vez da HTTPS, o cookie será enviado em texto claro na rede, expôsindo o token de acesso sensível.",3,especifica,especialista:d1145f8b,a81b6f5ca3a4f70c2cdbca1436fd138ccc84976ee981aa1726e3dff9ae4e4311,1015,84,0.00000000
4611d05d:CWE-614:false_positive#1,drakkan/sftpgo,CWE-614,FP,ollama:qwen2.5-coder:7b,especialista,seguro,DETECTADO,Semgrep FP (ruído sobre código seguro),VP,Falso Positivo (Ruído Mantido),4.90,"O cookie de sessão 'flashCookieName' está sendo configurado sem o atributo 'Secure'. Embora a função `isTLS(r)` verifique se a conexão é segura, não há garantia de que essa verificação sempre retorne verdadeiro. Se a verificação falhar ou retornar falso em algum cenário, o cookie ainda será enviado por conexões HTTP não cifradas, expôsindo o valor sensível na rede.",3,especifica,especialista:d1145f8b,a81b6f5ca3a4f70c2cdbca1436fd138ccc84976ee981aa1726e3dff9ae4e4311,930,113,0.00000000
4611d05d:CWE-614:false_positive#2,drakkan/sftpgo,CWE-614,FP,ollama:qwen2.5-coder:7b,especialista,seguro,DETECTADO,Semgrep FP (ruído sobre código seguro),FP,Verdadeiro Negativo (Acerto),4.54,"O cookie 'sessionid' não é considerado sensível neste contexto. É um token de autenticação OIDC, que geralmente não contém informações pessoais ou confidenciais diretamente associadas ao usuário. A ausência do atributo Secure nesse caso não constitui uma vulnerabilidade, pois o token já está sendo transmitido via HTTPS.",3,especifica,especialista:d1145f8b,a81b6f5ca3a4f70c2cdbca1436fd138ccc84976ee981aa1726e3dff9ae4e4311,970,91,0.00000000
4611d05d:CWE-665:false_positive,drakkan/sftpgo,CWE-665,FP,ollama:qwen2.5-coder:7b,especialista,seguro,DETECTADO,Semgrep FP (ruído sobre código seguro),FP,Verdadeiro Negativo (Acerto),5.40,"O alerta indica que a variável `user` é modificada e usada posteriormente em caso de erro. No entanto, no contexto fornecido, isso não constitui uma vulnerabilidade real. A variável `user` é inicializada corretamente antes de ser usada e seu valor é atualizado apenas para fins métricos e registro de logs. Não há uso direto do valor de `user` após a modificação em um contexto que possa levar a um comportamento inesperado ou seguramente previsível.",3,especifica,especialista:d1145f8b,a81b6f5ca3a4f70c2cdbca1436fd138ccc84976ee981aa1726e3dff9ae4e4311,1046,132,0.00000000
4611d05d:CWE-665:false_positive#1,drakkan/sftpgo,CWE-665,FP,ollama:qwen2.5-coder:7b,especialista,seguro,DETECTADO,Semgrep FP (ruído sobre código seguro),FP,Verdadeiro Negativo (Acerto),4.26,"A variável `delay` é inicializada corretamente antes de ser usada. Ela recebe um valor do retorno da função `common.LimitRate`, que deve estar preenchida com segredo imprevisível, conforme a heurística de triagem em Go.",3,especifica,especialista:d1145f8b,a81b6f5ca3a4f70c2cdbca1436fd138ccc84976ee981aa1726e3dff9ae4e4311,1109,75,0.00000000
4611d05d:CWE-665:false_positive#2,drakkan/sftpgo,CWE-665,FP,ollama:qwen2.5-coder:7b,especialista,seguro,DETECTADO,Semgrep FP (ruído sobre código seguro),FP,Verdadeiro Negativo (Acerto),5.06,"O código não mostra uma inicialização inadequada ou uso de um recurso em estado inesperado. A variável `delay` é usada para controlar o tempo de espera antes de responder com um erro de 'Too Many Requests', mas ela é preenchida corretamente e não está sendo usada sem inicialização adequada.",3,especifica,especialista:d1145f8b,a81b6f5ca3a4f70c2cdbca1436fd138ccc84976ee981aa1726e3dff9ae4e4311,1753,88,0.00000000
4611d05d:CWE-667:false_positive,drakkan/sftpgo,CWE-667,FP,ollama:qwen2.5-coder:7b,especialista,seguro,DETECTADO,Semgrep FP (ruído sobre código seguro),FP,Verdadeiro Negativo (Acerto),4.85,"O uso de defer para garantir a liberação do RWMutex em todos os caminhos de retorno é correto neste contexto. O código utiliza defer após o Lock, garantindo que o RUnlock seja chamado independentemente da saída da função por qualquer motivo (incluindo retornos de erro). Isso evita deadlocks e garante a liberação correta do lock.",1,especifica,especialista:d1145f8b,a81b6f5ca3a4f70c2cdbca1436fd138ccc84976ee981aa1726e3dff9ae4e4311,1141,98,0.00000000
4611d05d:CWE-79:false_positive,drakkan/sftpgo,CWE-79,FP,ollama:qwen2.5-coder:7b,especialista,seguro,DETECTADO,Semgrep FP (ruído sobre código seguro),FP,Verdadeiro Negativo (Acerto),4.49,"O código não está diretamente escrevendo dados de entrada do usuário em um http.ResponseWriter sem escape. Em vez disso, ele está serializando os dados como JSON antes de enviar a resposta. O JSON é uma forma segura de transmitir dados entre sistemas e não suporta execução de scripts, tornando-o imune a ataques XSS.",3,especifica,especialista:d1145f8b,a81b6f5ca3a4f70c2cdbca1436fd138ccc84976ee981aa1726e3dff9ae4e4311,1103,90,0.00000000
4611d05d:CWE-94:false_positive,drakkan/sftpgo,CWE-94,FP,ollama:qwen2.5-coder:7b,especialista,seguro,DETECTADO,Semgrep FP (ruído sobre código seguro),FP,Verdadeiro Negativo (Acerto),4.13,"O texto do comando é uma configuração estática definida no código, não provindo de entrada externa. A função `exec.CommandContext` recebe apenas argumentos fixos, sem a inclusão de dados provenientes de usuários ou outras fontes externas.",8,especifica,especialista:d1145f8b,a81b6f5ca3a4f70c2cdbca1436fd138ccc84976ee981aa1726e3dff9ae4e4311,984,73,0.00000000
4611d05d:CWE-94:false_positive#1,drakkan/sftpgo,CWE-94,FP,ollama:qwen2.5-coder:7b,especialista,seguro,DETECTADO,Semgrep FP (ruído sobre código seguro),FP,Verdadeiro Negativo (Acerto),5.36,"O código não está executando comandos dinâmicos construídos a partir de entrada externa. A variável `c.StartupHook` é verificada para diferentes tipos (URL, caminho absoluto) antes de ser usada em `exec.CommandContext`. Se for uma URL, ele faz um GET e ignora o comando. Se for um caminho absoluto, ele obtém a configuração do comando e executa-o. Nenhum código é construído dinamicamente a partir da entrada externa.",8,especifica,especialista:d1145f8b,a81b6f5ca3a4f70c2cdbca1436fd138ccc84976ee981aa1726e3dff9ae4e4311,1126,128,0.00000000
4611d05d:CWE-94:false_positive#2,drakkan/sftpgo,CWE-94,FP,ollama:qwen2.5-coder:7b,especialista,seguro,DETECTADO,Semgrep FP (ruído sobre código seguro),FP,Verdadeiro Negativo (Acerto),5.30,"O código não está executando comandos dinâmicos construídos a partir de entrada externa. A variável `Config.DataRetentionHook` é usada como um caminho para um arquivo ou URL, mas não como uma string de comando que possa ser injetada. O uso do `exec.CommandContext` garante que o comando seja executado com base em um caminho fixo e não em dados dinâmicos provenientes da entrada do usuário.",8,especifica,especialista:d1145f8b,a81b6f5ca3a4f70c2cdbca1436fd138ccc84976ee981aa1726e3dff9ae4e4311,1355,114,0.00000000
4611d05d:CWE-94:false_positive#3,drakkan/sftpgo,CWE-94,FP,ollama:qwen2.5-coder:7b,especialista,seguro,DETECTADO,Semgrep FP (ruído sobre código seguro),FP,Verdadeiro Negativo (Acerto),4.16,"O texto do comando é definido no código como uma constante ('c.Cmd'), não sendo influenciado por entrada externa. A função 'exec.Command' recebe apenas argumentos de dados interpolados, sem permitir a injeção de código.",8,especifica,especialista:d1145f8b,a81b6f5ca3a4f70c2cdbca1436fd138ccc84976ee981aa1726e3dff9ae4e4311,1185,69,0.00000000
4611d05d:CWE-94:false_positive#4,drakkan/sftpgo,CWE-94,FP,ollama:qwen2.5-coder:7b,especialista,seguro,DETECTADO,Semgrep FP (ruído sobre código seguro),FP,Verdadeiro Negativo (Acerto),3.54,"O texto do comando é constante do programa; a entrada externa é apenas dado interpolado, não código de comando.",8,especifica,especialista:d1145f8b,a81b6f5ca3a4f70c2cdbca1436fd138ccc84976ee981aa1726e3dff9ae4e4311,1120,42,0.00000000
4611d05d:CWE-94:false_positive#5,drakkan/sftpgo,CWE-94,FP,ollama:qwen2.5-coder:7b,especialista,seguro,DETECTADO,Semgrep FP (ruído sobre código seguro),FP,Verdadeiro Negativo (Acerto),4.24,"O texto do comando é constante e não provém de entrada externa. A função `exec.CommandContext` recebe um comando fixo ('authHook') e argumentos que também são constantes, não sendo influenciados por dados externos.",8,especifica,especialista:d1145f8b,a81b6f5ca3a4f70c2cdbca1436fd138ccc84976ee981aa1726e3dff9ae4e4311,1300,68,0.00000000
4611d05d:CWE-94:false_positive#6,drakkan/sftpgo,CWE-94,FP,ollama:qwen2.5-coder:7b,especialista,seguro,DETECTADO,Semgrep FP (ruído sobre código seguro),FP,Verdadeiro Negativo (Acerto),4.79,"O texto do comando é construído a partir de variáveis de configuração (`c.Cmd` e `c.Args...`) que provavelmente são controladas pelo sistema operacional ou por um administrador, não pelo usuário final. Além disso, o código adiciona apenas as variáveis de ambiente que correspondem a um prefixo específico, garantindo que não haja injeção de código malicioso.",8,especifica,especialista:d1145f8b,a81b6f5ca3a4f70c2cdbca1436fd138ccc84976ee981aa1726e3dff9ae4e4311,1022,104,0.00000000
4611d05d:CWE-94:false_positive#7,drakkan/sftpgo,CWE-94,FP,ollama:qwen2.5-coder:7b,especialista,seguro,DETECTADO,Semgrep FP (ruído sobre código seguro),FP,Verdadeiro Negativo (Acerto),4.77,"O código não está utilizando a entrada externa para gerar comandos de forma dinâmica. A variável `c.command` é uma string fixa ('rsync' ou outro comando específico) e os argumentos são construídos a partir de dados internos do sistema, não da entrada do usuário.",8,especifica,especialista:d1145f8b,a81b6f5ca3a4f70c2cdbca1436fd138ccc84976ee981aa1726e3dff9ae4e4311,1498,82,0.00000000
ff7c877f:CWE-321:false_positive,go-vela/server,CWE-321,FP,ollama:qwen2.5-coder:7b,especialista,seguro,DETECTADO,Semgrep FP (ruído sobre código seguro),FP,Verdadeiro Negativo (Acerto),6.51,"A entrada 'token' em BuildTokenResp, IDTokenResp, IDTokenRequestTokenResp e BuildExecutableResp é uma string constante e não controlada por um agente externo. Ela foi explicitamente marcada com o comentário '//nolint:gosec // not actual credentials', indicando que não são credenciais reais. Portanto, esta entrada não constitui uma vulnerabilidade.",2,fallback,especialista:d1145f8b,a81b6f5ca3a4f70c2cdbca1436fd138ccc84976ee981aa1726e3dff9ae4e4311,2554,101,0.00000000
ff7c877f:CWE-321:false_positive#1,go-vela/server,CWE-321,FP,ollama:qwen2.5-coder:7b,especialista,seguro,DETECTADO,Semgrep FP (ruído sobre código seguro),FP,Verdadeiro Negativo (Acerto),4.96,"A JWT token detectada no código é uma constante embutida, não influenciável por qualquer agente externo. Ela é usada em respostas JSON para representar diferentes tipos de tokens de autenticação e registro, mas não é controlada pelo usuário ou alterada dinamicamente durante a execução do programa.",2,fallback,especialista:d1145f8b,a81b6f5ca3a4f70c2cdbca1436fd138ccc84976ee981aa1726e3dff9ae4e4311,1532,87,0.00000000
ff7c877f:CWE-338:false_positive,go-vela/server,CWE-338,FP,ollama:qwen2.5-coder:7b,especialista,seguro,DETECTADO,Semgrep FP (ruído sobre código seguro),FP,Verdadeiro Negativo (Acerto),5.56,"O uso de `math/rand` neste contexto não constitui uma vulnerabilidade real. A função `rand.Intn(256)` é usada para gerar um número aleatório entre 0 e 255, que é então convertido em um byte. Este processo não requer imprevisibilidade criptográfica, pois o propósito é apenas gerar números pseudoaleatórios para uso interno do sistema, como IDs de contêineres ou índices temporários. O contexto não exige a imprevisibilidade necessária para senhas, tokens ou chaves de segurança.",1,especifica,especialista:d1145f8b,a81b6f5ca3a4f70c2cdbca1436fd138ccc84976ee981aa1726e3dff9ae4e4311,952,141,0.00000000
ff7c877f:CWE-601:false_positive,go-vela/server,CWE-601,FP,ollama:qwen2.5-coder:7b,especialista,seguro,DETECTADO,Semgrep FP (ruído sobre código seguro),FP,Verdadeiro Negativo (Acerto),3.46,O código verifica se o valor de `redirect_uri` vem do formulário da requisição (`r.FormValue(,1,especifica,especialista:d1145f8b,a81b6f5ca3a4f70c2cdbca1436fd138ccc84976ee981aa1726e3dff9ae4e4311,1013,43,0.00000000
ff7c877f:CWE-665:false_positive,go-vela/server,CWE-665,FP,ollama:qwen2.5-coder:7b,especialista,seguro,DETECTADO,Semgrep FP (ruído sobre código seguro),FP,Verdadeiro Negativo (Acerto),4.75,"A variável `u` é inicializada corretamente no contexto do código. Ela é obtida através de uma chamada a um método que deve retornar um objeto preenchido, não sendo necessário nenhuma modificação posterior. O uso da variável `u` após essa inicialização ocorre sem problemas e não há risco de derreferência nula.",13,especifica,especialista:d1145f8b,a81b6f5ca3a4f70c2cdbca1436fd138ccc84976ee981aa1726e3dff9ae4e4311,1172,95,0.00000000
ff7c877f:CWE-665:false_positive#1,go-vela/server,CWE-665,FP,ollama:qwen2.5-coder:7b,especialista,seguro,DETECTADO,Semgrep FP (ruído sobre código seguro),FP,Verdadeiro Negativo (Acerto),5.14,"A variável `d` é inicializada corretamente antes de ser usada. Ela é criada usando a função `new(types.Dashboard)`, que aloca memória para um novo objeto do tipo `types.Dashboard`. Após a criação, os campos da estrutura são preenchidos com valores adequados. Não há evidências de que a variável seja modificada ou usada de forma inadequada.",13,especifica,especialista:d1145f8b,a81b6f5ca3a4f70c2cdbca1436fd138ccc84976ee981aa1726e3dff9ae4e4311,1316,106,0.00000000
ff7c877f:CWE-665:false_positive#2,go-vela/server,CWE-665,FP,ollama:qwen2.5-coder:7b,especialista,seguro,DETECTADO,Semgrep FP (ruído sobre código seguro),FP,Verdadeiro Negativo (Acerto),5.09,"A variável `u` é inicializada corretamente no início da função `DeleteDashboard`. Ela não é modificada em nenhum ponto do código antes de ser usada. A função `user.Retrieve(c)` retorna um usuário válido, que é então usado para verificar se o usuário tem permissão para deletar o painel. Não há nenhuma indicação de que a variável `u` seja modificada ou utilizada de forma inadequada.",13,especifica,especialista:d1145f8b,a81b6f5ca3a4f70c2cdbca1436fd138ccc84976ee981aa1726e3dff9ae4e4311,1115,114,0.00000000
ff7c877f:CWE-665:false_positive#3,go-vela/server,CWE-665,FP,ollama:qwen2.5-coder:7b,especialista,seguro,DETECTADO,Semgrep FP (ruído sobre código seguro),FP,Verdadeiro Negativo (Acerto),7.98,"O alerta indica que a variável `r` pode ser modificada e usada em caso de erro, o que poderia resultar em um desreferenciamento nulo. No entanto, no contexto fornecido, a variável `r` é inicializada corretamente antes de qualquer uso potencialmente problemático. A função `scm.FromContext(c).GetRepo(ctx, u, input)` retorna uma instância de `repo`, que é então usada para atualizar vários campos e realizar operações subsequentes. Não há evidências de que a variável `r` seja modificada ou utilizada de forma inadequada em qualquer ponto do código fornecido.",13,especifica,especialista:d1145f8b,a81b6f5ca3a4f70c2cdbca1436fd138ccc84976ee981aa1726e3dff9ae4e4311,3171,161,0.00000000
ff7c877f:CWE-665:false_positive#4,go-vela/server,CWE-665,FP,ollama:qwen2.5-coder:7b,especialista,seguro,DETECTADO,Semgrep FP (ruído sobre código seguro),FP,Verdadeiro Negativo (Acerto),5.72,"O código não inicializa o recurso `sourceRepo` de forma inadequada. A variável `sourceRepo` é preenchida corretamente com os dados retornados pela chamada a `scm.FromContext(c).GetRepo(ctx, u, r)`, e não há uso indevido ou modificação da mesma antes de ser usada.",13,especifica,especialista:d1145f8b,a81b6f5ca3a4f70c2cdbca1436fd138ccc84976ee981aa1726e3dff9ae4e4311,1882,91,0.00000000
ff7c877f:CWE-665:false_positive#5,go-vela/server,CWE-665,FP,ollama:qwen2.5-coder:7b,especialista,seguro,DETECTADO,Semgrep FP (ruído sobre código seguro),FP,Verdadeiro Negativo (Acerto),6.64,"O alerta indica que a variável `r` pode ser modificada e usada posteriormente em caso de erro, o que poderia levar a um desreferenciamento nulo. No entanto, no contexto fornecido, a variável `r` é inicializada corretamente antes de qualquer uso potencialmente problemático. A função `repo.Retrieve(c)` retorna uma instância válida do objeto `repo`, que é então usada em várias operações sem ser modificada ou reatribuída. Portanto, este alerta não constitui uma vulnerabilidade real.",13,especifica,especialista:d1145f8b,a81b6f5ca3a4f70c2cdbca1436fd138ccc84976ee981aa1726e3dff9ae4e4311,2199,141,0.00000000
ff7c877f:CWE-665:false_positive#6,go-vela/server,CWE-665,FP,ollama:qwen2.5-coder:7b,especialista,seguro,DETECTADO,Semgrep FP (ruído sobre código seguro),FP,Verdadeiro Negativo (Acerto),6.17,"O alerta indica que a variável `r` pode ser modificada e usada posteriormente em caso de erro, o que poderia levar a um desreferenciamento nulo. No entanto, no contexto fornecido, a variável `r` é inicializada corretamente antes de qualquer uso potencialmente problemático. A função `repo.Retrieve(c)` retorna uma instância válida do objeto `repo`, que é então usada em várias partes da função sem ser modificada. Portanto, este não constitui uma vulnerabilidade real.",13,especifica,especialista:d1145f8b,a81b6f5ca3a4f70c2cdbca1436fd138ccc84976ee981aa1726e3dff9ae4e4311,1788,135,0.00000000
ff7c877f:CWE-665:false_positive#7,go-vela/server,CWE-665,FP,ollama:qwen2.5-coder:7b,especialista,seguro,DETECTADO,Semgrep FP (ruído sobre código seguro),FP,Verdadeiro Negativo (Acerto),4.32,"O código não inicializa a variável `s` de forma inadequada. A variável `s` é criada dentro do loop e preenchida com valores antes de ser usada, garantindo que ela nunca seja nil ou insegura.",13,especifica,especialista:d1145f8b,a81b6f5ca3a4f70c2cdbca1436fd138ccc84976ee981aa1726e3dff9ae4e4311,1296,70,0.00000000
ff7c877f:CWE-665:false_positive#8,go-vela/server,CWE-665,FP,ollama:qwen2.5-coder:7b,especialista,seguro,DETECTADO,Semgrep FP (ruído sobre código seguro),FP,Verdadeiro Negativo (Acerto),5.28,"A variável `s` é inicializada corretamente antes de ser usada. Ela é criada usando a função `new(types.Step)`, que aloca memória para um novo objeto do tipo `types.Step`. Após a criação, os campos da estrutura são preenchidos com valores adequados. Não há evidências de que a variável seja modificada ou utilizada de forma inadequada antes de ser usada em chamadas de API.",13,especifica,especialista:d1145f8b,a81b6f5ca3a4f70c2cdbca1436fd138ccc84976ee981aa1726e3dff9ae4e4311,1333,114,0.00000000
ff7c877f:CWE-665:false_positive#9,go-vela/server,CWE-665,FP,ollama:qwen2.5-coder:7b,especialista,seguro,DETECTADO,Semgrep FP (ruído sobre código seguro),FP,Verdadeiro Negativo (Acerto),4.21,O código não mostra a modificação de uma variável que é usada posteriormente. A variável `u` é inicializada corretamente no início da função e não é modificada em um contexto que possa levar a um uso inseguro ou inconsistente.,13,especifica,especialista:d1145f8b,a81b6f5ca3a4f70c2cdbca1436fd138ccc84976ee981aa1726e3dff9ae4e4311,1053,74,0.00000000
ff7c877f:CWE-665:false_positive#10,go-vela/server,CWE-665,FP,ollama:qwen2.5-coder:7b,especialista,seguro,DETECTADO,Semgrep FP (ruído sobre código seguro),FP,Verdadeiro Negativo (Acerto),6.84,"O código não apresenta uma vulnerabilidade real. A variável `h` é inicializada corretamente antes de ser usada, e não há risco de um nil dereference.",13,especifica,especialista:d1145f8b,a81b6f5ca3a4f70c2cdbca1436fd138ccc84976ee981aa1726e3dff9ae4e4311,4583,56,0.00000000
ff7c877f:CWE-665:false_positive#11,go-vela/server,CWE-665,FP,ollama:qwen2.5-coder:7b,especialista,seguro,DETECTADO,Semgrep FP (ruído sobre código seguro),FP,Verdadeiro Negativo (Acerto),5.33,"A variável `w` é inicializada corretamente antes de ser usada. Ela é obtida através da função `worker.Retrieve(c)`, que deve garantir a inicialização adequada do objeto `worker`. Além disso, o código verifica se `w` é nulo antes de qualquer uso, evitando possíveis panics por dereferência nula.",13,especifica,especialista:d1145f8b,a81b6f5ca3a4f70c2cdbca1436fd138ccc84976ee981aa1726e3dff9ae4e4311,1244,97,0.00000000
ff7c877f:CWE-665:false_positive#12,go-vela/server,CWE-665,FP,ollama:qwen2.5-coder:7b,especialista,seguro,DETECTADO,Semgrep FP (ruído sobre código seguro),FP,Verdadeiro Negativo (Acerto),4.57,"O código não apresenta uma vulnerabilidade real. A variável `resp` é usada para verificar o status da resposta HTTP, mas não é modificada antes de ser utilizada. O uso do valor zero de `resp` (nil) em um contexto onde a verificação do status HTTP é necessária não constitui uma fraqueza.",13,especifica,especialista:d1145f8b,a81b6f5ca3a4f70c2cdbca1436fd138ccc84976ee981aa1726e3dff9ae4e4311,1164,88,0.00000000
ff7c877f:CWE-79:false_positive,go-vela/server,CWE-79,FP,ollama:qwen2.5-coder:7b,especialista,seguro,DETECTADO,Semgrep FP (ruído sobre código seguro),FP,Verdadeiro Negativo (Acerto),4.67,"O código não está incorporando dados do usuário diretamente na saída HTML sem escape apropriado. Em vez disso, ele usa o pacote `text/template` para processar uma string de modelo fixa que contém tags HTML. Como não há entrada externa sendo inserida dinamicamente neste contexto, este código não constitui uma vulnerabilidade XSS.",1,especifica,especialista:d1145f8b,a81b6f5ca3a4f70c2cdbca1436fd138ccc84976ee981aa1726e3dff9ae4e4311,1178,92,0.00000000
5af907db:CWE-115:false_positive,goauthentik/authentik,CWE-115,FP,ollama:qwen2.5-coder:7b,especialista,seguro,DETECTADO,Semgrep FP (ruído sobre código seguro),FP,Verdadeiro Negativo (Acerto),5.62,"O alerta é um FALSO POSITIVO porque a função `ReverseProxy.Director` está sendo usada corretamente para modificar as solicitações antes de serem encaminhadas ao servidor de aplicativos. A função `a.proxyModifyRequest(u)` é responsável por realizar essas modificações, e não há evidências de que o comportamento da função esteja divergindo do esperado ou causando vulnerabilidades.",2,especifica,especialista:d1145f8b,a81b6f5ca3a4f70c2cdbca1436fd138ccc84976ee981aa1726e3dff9ae4e4311,1223,110,0.00000000
5af907db:CWE-115:false_positive#1,goauthentik/authentik,CWE-115,FP,ollama:qwen2.5-coder:7b,especialista,seguro,DETECTADO,Semgrep FP (ruído sobre código seguro),FP,Verdadeiro Negativo (Acerto),4.67,"O alerta é um FALSO POSITIVO porque a função `director` está sendo usada corretamente para configurar o proxy. Ela não remove headers adicionados pelo `Director`, mas sim modifica os headers conforme necessário. O uso de `ReverseProxy.Director` é adequado neste contexto e não constitui uma vulnerabilidade.",2,especifica,especialista:d1145f8b,a81b6f5ca3a4f70c2cdbca1436fd138ccc84976ee981aa1726e3dff9ae4e4311,1283,89,0.00000000
5af907db:CWE-319:false_positive,goauthentik/authentik,CWE-319,FP,ollama:qwen2.5-coder:7b,especialista,seguro,DETECTADO,Semgrep FP (ruído sobre código seguro),FP,Verdadeiro Negativo (Acerto),5.12,"O código não transmite informações sensíveis em texto claro. A função `EnableDebugServer` configura um servidor de depuração que expõe endpoints para fins de monitoramento e diagnóstico, mas não envia dados sensíveis como credenciais ou tokens de autenticação. O uso de HTTP neste contexto é aceitável porque os dados transmitidos são destinados a serem visualizados por usuários autorizados e não são confidenciais.",6,especifica,especialista:d1145f8b,a81b6f5ca3a4f70c2cdbca1436fd138ccc84976ee981aa1726e3dff9ae4e4311,1173,113,0.00000000
5af907db:CWE-319:false_positive#1,goauthentik/authentik,CWE-319,FP,ollama:qwen2.5-coder:7b,especialista,seguro,DETECTADO,Semgrep FP (ruído sobre código seguro),FP,Verdadeiro Negativo (Acerto),3.72,O código não envia dados sensíveis em uma chamada HTTP. Ele apenas inicia um servidor de métricas que responde a requisições GET sem transmitir informações confidenciais.,6,especifica,especialista:d1145f8b,a81b6f5ca3a4f70c2cdbca1436fd138ccc84976ee981aa1726e3dff9ae4e4311,943,58,0.00000000
5af907db:CWE-319:false_positive#2,goauthentik/authentik,CWE-319,FP,ollama:qwen2.5-coder:7b,especialista,seguro,DETECTADO,Semgrep FP (ruído sobre código seguro),FP,Verdadeiro Negativo (Acerto),3.52,O código não envia dados sensíveis em uma chamada HTTP. Ele apenas inicia um servidor de métricas que responde a requisições GET sem transmitir informações confidenciais.,6,especifica,especialista:d1145f8b,a81b6f5ca3a4f70c2cdbca1436fd138ccc84976ee981aa1726e3dff9ae4e4311,943,58,0.00000000
5af907db:CWE-319:false_positive#3,goauthentik/authentik,CWE-319,FP,ollama:qwen2.5-coder:7b,especialista,seguro,DETECTADO,Semgrep FP (ruído sobre código seguro),FP,Verdadeiro Negativo (Acerto),3.72,O código não envia dados sensíveis em uma chamada HTTP. Ele apenas inicia um servidor de métricas que responde a requisições GET sem transmitir informações confidenciais.,6,especifica,especialista:d1145f8b,a81b6f5ca3a4f70c2cdbca1436fd138ccc84976ee981aa1726e3dff9ae4e4311,943,58,0.00000000
5af907db:CWE-319:false_positive#4,goauthentik/authentik,CWE-319,FP,ollama:qwen2.5-coder:7b,especialista,seguro,DETECTADO,Semgrep FP (ruído sobre código seguro),FP,Verdadeiro Negativo (Acerto),3.70,O código não envia dados sensíveis em uma chamada HTTP. Ele apenas inicia um servidor de métricas que responde a requisições GET sem transmitir informações confidenciais.,6,especifica,especialista:d1145f8b,a81b6f5ca3a4f70c2cdbca1436fd138ccc84976ee981aa1726e3dff9ae4e4311,943,58,0.00000000
5af907db:CWE-319:false_positive#5,goauthentik/authentik,CWE-319,FP,ollama:qwen2.5-coder:7b,especialista,seguro,DETECTADO,Semgrep FP (ruído sobre código seguro),FP,Verdadeiro Negativo (Acerto),5.90,"A chamada a `http.ListenAndServe` não transmite dados sensíveis em texto claro. A função `ws.upstreamHttpClient().Do(re)` é responsável por enviar uma solicitação HTTP para o servidor upstream, e essa chamada está sendo feita dentro de um contexto seguro, pois usa um cliente HTTP configurado adequadamente (provavelmente com TLS). Além disso, a transmissão de dados sensíveis (como o token de autorização) ocorre em uma requisição HTTPS, que é protegida pelo protocolo TLS. Portanto, não há risco de transmissão em texto claro neste código.",6,especifica,especialista:d1145f8b,a81b6f5ca3a4f70c2cdbca1436fd138ccc84976ee981aa1726e3dff9ae4e4311,1262,146,0.00000000
5af907db:CWE-338:false_positive,goauthentik/authentik,CWE-338,FP,ollama:qwen2.5-coder:7b,especialista,seguro,DETECTADO,Semgrep FP (ruído sobre código seguro),FP,Verdadeiro Negativo (Acerto),6.54,"O uso de `math/rand` neste contexto não constitui uma vulnerabilidade real. A função `rand.Intn(256)` é usada para gerar um valor aleatório entre 0 e 255, que é então convertido em um byte. Este valor é usado para preencher um slice de bytes, que é então codificado em hexadecimal para formar o token de sessão. O contexto aqui não requer imprevisibilidade criptográfica, mas sim uma distribuição uniforme dos valores possíveis. Como `math/rand` é suficiente para este propósito e não há indicação de uso em um contexto onde a imprevisibilidade criptográfica seja necessária (como geração de chaves ou nonces), este código pode ser considerado um FALSO POSITIVO.",2,especifica,especialista:d1145f8b,a81b6f5ca3a4f70c2cdbca1436fd138ccc84976ee981aa1726e3dff9ae4e4311,948,187,0.00000000
5af907db:CWE-338:false_positive#1,goauthentik/authentik,CWE-338,FP,ollama:qwen2.5-coder:7b,especialista,seguro,DETECTADO,Semgrep FP (ruído sobre código seguro),FP,Verdadeiro Negativo (Acerto),4.16,"O uso de `math/rand` em `TestSecret()` não constitui uma vulnerabilidade porque a função está sendo usada para gerar chaves seguras, que exigem imprevisibilidade. A chave é codificada em base64 e então usada como um token seguro.",2,especifica,especialista:d1145f8b,a81b6f5ca3a4f70c2cdbca1436fd138ccc84976ee981aa1726e3dff9ae4e4311,959,77,0.00000000
5af907db:CWE-601:false_positive,goauthentik/authentik,CWE-601,FP,ollama:qwen2.5-coder:7b,especialista,seguro,DETECTADO,Semgrep FP (ruído sobre código seguro),FP,Verdadeiro Negativo (Acerto),5.07,"O código não está sujeito a uma vulnerabilidade de redirecionamento aberto (open redirect) porque o destino do redirecionamento é determinado por um caminho relativo interno e não por entrada externa direta. A função `urlJoin(a.proxyConfig.ExternalHost, r.URL.Path)` garante que o destino seja sempre uma URL interna, evitando qualquer redirecionamento para sites não confiáveis.",1,especifica,especialista:d1145f8b,a81b6f5ca3a4f70c2cdbca1436fd138ccc84976ee981aa1726e3dff9ae4e4311,1285,110,0.00000000
5af907db:CWE-665:false_positive,goauthentik/authentik,CWE-665,FP,ollama:qwen2.5-coder:7b,especialista,seguro,DETECTADO,Semgrep FP (ruído sobre código seguro),FP,Verdadeiro Negativo (Acerto),6.60,"A variável `hres` é inicializada como `nil` no momento em que a função `fetchOffset` é chamada pela primeira vez. Ela só é modificada dentro do bloco `if err != nil`, que verifica se ocorreu um erro durante a execução da requisição. Se houver um erro, `hres` será atualizado com o valor retornado pelo método `Execute()`. No entanto, se não houver erros, `hres` permanecerá como `nil`. Portanto, em nenhum momento `hres` é usado de forma que possa levar a uma derreferência nula (panic). O alerta é um FALSO POSITIVO porque o uso de `hres` não constitui uma vulnerabilidade.",1,especifica,especialista:d1145f8b,a81b6f5ca3a4f70c2cdbca1436fd138ccc84976ee981aa1726e3dff9ae4e4311,1127,182,0.00000000
c0c2d2ad:CWE-115:false_positive,goauthentik/authentik,CWE-115,FP,ollama:qwen2.5-coder:7b,especialista,seguro,DETECTADO,Semgrep FP (ruído sobre código seguro),FP,Verdadeiro Negativo (Acerto),5.29,"O alerta é um FALSO POSITIVO porque a função `a.proxyModifyRequest(u)` já garante que os cabeçalhos adicionados pelo `Director` sejam removidos antes de serem enviados para o servidor de aplicação. A utilização de `ReverseProxy.Rewrite` em vez de `ReverseProxy.Director` não é necessária neste contexto, pois a função `a.proxyModifyRequest(u)` já cuida da manipulação dos cabeçalhos.",2,especifica,especialista:d1145f8b,a81b6f5ca3a4f70c2cdbca1436fd138ccc84976ee981aa1726e3dff9ae4e4311,1223,120,0.00000000
c0c2d2ad:CWE-115:false_positive#1,goauthentik/authentik,CWE-115,FP,ollama:qwen2.5-coder:7b,especialista,seguro,DETECTADO,Semgrep FP (ruído sobre código seguro),FP,Verdadeiro Negativo (Acerto),4.89,"O alerta é um FALSO POSITIVO. A função `director` está sendo usada corretamente para configurar o proxy, removendo cabeçalhos adicionados por outros componentes e ajustando os cabeçalhos conforme necessário. Não há evidências de interpretação incorreta de entrada ou uso inadequado da API.",2,especifica,especialista:d1145f8b,a81b6f5ca3a4f70c2cdbca1436fd138ccc84976ee981aa1726e3dff9ae4e4311,1486,91,0.00000000
c0c2d2ad:CWE-319:false_positive,goauthentik/authentik,CWE-319,FP,ollama:qwen2.5-coder:7b,especialista,seguro,DETECTADO,Semgrep FP (ruído sobre código seguro),FP,Verdadeiro Negativo (Acerto),4.81,"O código não transmite informações sensíveis em texto claro. Ele inicia um servidor HTTP para fins de depuração, mas não há evidências de que dados confidenciais estejam sendo enviados via URL ou corpo da requisição. O alerta é uma recomendação de segurança para garantir a transmissão segura de dados, mas neste contexto específico, não constitui uma vulnerabilidade.",6,especifica,especialista:d1145f8b,a81b6f5ca3a4f70c2cdbca1436fd138ccc84976ee981aa1726e3dff9ae4e4311,1167,101,0.00000000
c0c2d2ad:CWE-319:false_positive#1,goauthentik/authentik,CWE-319,FP,ollama:qwen2.5-coder:7b,especialista,seguro,DETECTADO,Semgrep FP (ruído sobre código seguro),FP,Verdadeiro Negativo (Acerto),3.78,O código não envia dados sensíveis em uma chamada HTTP. Ele apenas inicia um servidor de métricas que responde a requisições GET sem transmitir informações confidenciais.,6,especifica,especialista:d1145f8b,a81b6f5ca3a4f70c2cdbca1436fd138ccc84976ee981aa1726e3dff9ae4e4311,943,58,0.00000000
c0c2d2ad:CWE-319:false_positive#2,goauthentik/authentik,CWE-319,FP,ollama:qwen2.5-coder:7b,especialista,seguro,DETECTADO,Semgrep FP (ruído sobre código seguro),FP,Verdadeiro Negativo (Acerto),3.55,O código não envia dados sensíveis em uma chamada HTTP. Ele apenas inicia um servidor de métricas que responde a requisições GET sem transmitir informações confidenciais.,6,especifica,especialista:d1145f8b,a81b6f5ca3a4f70c2cdbca1436fd138ccc84976ee981aa1726e3dff9ae4e4311,943,58,0.00000000
c0c2d2ad:CWE-319:false_positive#3,goauthentik/authentik,CWE-319,FP,ollama:qwen2.5-coder:7b,especialista,seguro,DETECTADO,Semgrep FP (ruído sobre código seguro),FP,Verdadeiro Negativo (Acerto),3.75,O código não envia dados sensíveis em uma chamada HTTP. Ele apenas inicia um servidor de métricas que responde a requisições GET sem transmitir informações confidenciais.,6,especifica,especialista:d1145f8b,a81b6f5ca3a4f70c2cdbca1436fd138ccc84976ee981aa1726e3dff9ae4e4311,943,58,0.00000000
c0c2d2ad:CWE-319:false_positive#4,goauthentik/authentik,CWE-319,FP,ollama:qwen2.5-coder:7b,especialista,seguro,DETECTADO,Semgrep FP (ruído sobre código seguro),FP,Verdadeiro Negativo (Acerto),3.75,O código não envia dados sensíveis em uma chamada HTTP. Ele apenas inicia um servidor de métricas que responde a requisições GET sem transmitir informações confidenciais.,6,especifica,especialista:d1145f8b,a81b6f5ca3a4f70c2cdbca1436fd138ccc84976ee981aa1726e3dff9ae4e4311,943,58,0.00000000
c0c2d2ad:CWE-319:false_positive#5,goauthentik/authentik,CWE-319,FP,ollama:qwen2.5-coder:7b,especialista,seguro,DETECTADO,Semgrep FP (ruído sobre código seguro),FP,Verdadeiro Negativo (Acerto),4.62,"A chamada a `http.ListenAndServe` não transmite dados sensíveis em texto claro. Ela é usada para iniciar um servidor de métricas, que geralmente não contém informações confidenciais. O alerta foi acionado por uma prática recomendada de segurança em Go, mas neste contexto específico, não constitui uma vulnerabilidade.",6,especifica,especialista:d1145f8b,a81b6f5ca3a4f70c2cdbca1436fd138ccc84976ee981aa1726e3dff9ae4e4311,1156,91,0.00000000
c0c2d2ad:CWE-338:false_positive,goauthentik/authentik,CWE-338,FP,ollama:qwen2.5-coder:7b,especialista,seguro,DETECTADO,Semgrep FP (ruído sobre código seguro),FP,Verdadeiro Negativo (Acerto),3.90,"O uso de `math/rand` neste contexto não constitui uma vulnerabilidade real. A função é usada para calcular um jitter de backoff, que requer dispersão temporal em vez de imprevisibilidade criptográfica.",2,especifica,especialista:d1145f8b,a81b6f5ca3a4f70c2cdbca1436fd138ccc84976ee981aa1726e3dff9ae4e4311,972,64,0.00000000
c0c2d2ad:CWE-338:false_positive#1,goauthentik/authentik,CWE-338,FP,ollama:qwen2.5-coder:7b,especialista,seguro,DETECTADO,Semgrep FP (ruído sobre código seguro),FP,Verdadeiro Negativo (Acerto),4.40,"O uso de `math/rand` em `TestSecret()` não constitui uma vulnerabilidade porque a função está sendo usada para gerar chaves seguras, que exigem imprevisibilidade. A chave é então codificada em base64 e retornada, garantindo que o valor final seja seguro para uso em contextos de segurança.",2,especifica,especialista:d1145f8b,a81b6f5ca3a4f70c2cdbca1436fd138ccc84976ee981aa1726e3dff9ae4e4311,959,89,0.00000000
c0c2d2ad:CWE-601:false_positive,goauthentik/authentik,CWE-601,FP,ollama:qwen2.5-coder:7b,especialista,seguro,DETECTADO,Semgrep FP (ruído sobre código seguro),FP,Verdadeiro Negativo (Acerto),6.08,"O código não está sujeito a uma vulnerabilidade de redirecionamento aberto (open redirect) porque o destino do redirecionamento é determinado por um caminho relativo interno e não por entrada externa direta. A variável `redirectUrl` é construída usando `urlJoin(a.proxyConfig.ExternalHost, r.URL.Path)`, que garante que o caminho seja relativo ao host configurado em `a.proxyConfig.ExternalHost`. Além disso, há verificações adicionais para garantir que a URL de redirecionamento esteja dentro do domínio permitido (`forward_domain`). Portanto, não há risco de um atacante redirecionar o usuário para um site malicioso.",1,especifica,especialista:d1145f8b,a81b6f5ca3a4f70c2cdbca1436fd138ccc84976ee981aa1726e3dff9ae4e4311,1285,175,0.00000000
c0c2d2ad:CWE-665:false_positive,goauthentik/authentik,CWE-665,FP,ollama:qwen2.5-coder:7b,especialista,seguro,DETECTADO,Semgrep FP (ruído sobre código seguro),FP,Verdadeiro Negativo (Acerto),6.22,"A variável `hres` é inicializada como `nil` no momento em que a função `fetchOffset` é chamada pela primeira vez. Ela só é modificada dentro do bloco `if err != nil`, que verifica se ocorreu um erro durante a execução da requisição. Se houver um erro, `hres` será atualizado com o valor retornado pelo método `Execute()`. No entanto, se não houver erros, `hres` permanecerá como `nil`. Portanto, em nenhum momento `hres` é usado de forma que possa levar a uma derreferência nula (panic). O alerta é um FALSO POSITIVO porque o uso de `hres` não constitui uma vulnerabilidade.",1,especifica,especialista:d1145f8b,a81b6f5ca3a4f70c2cdbca1436fd138ccc84976ee981aa1726e3dff9ae4e4311,1127,182,0.00000000
f1684882:CWE-115:false_positive,goauthentik/authentik,CWE-115,FP,ollama:qwen2.5-coder:7b,especialista,seguro,DETECTADO,Semgrep FP (ruído sobre código seguro),FP,Verdadeiro Negativo (Acerto),5.28,"O alerta é um FALSO POSITIVO porque a função `a.proxyModifyRequest(u)` já garante que os cabeçalhos adicionados pelo `Director` sejam removidos antes de serem enviados para o servidor de aplicação. A utilização de `ReverseProxy.Rewrite` em vez de `ReverseProxy.Director` não é necessária neste contexto, pois a função `a.proxyModifyRequest(u)` já cuida da manipulação dos cabeçalhos.",2,especifica,especialista:d1145f8b,a81b6f5ca3a4f70c2cdbca1436fd138ccc84976ee981aa1726e3dff9ae4e4311,1223,120,0.00000000
f1684882:CWE-115:false_positive#1,goauthentik/authentik,CWE-115,FP,ollama:qwen2.5-coder:7b,especialista,seguro,DETECTADO,Semgrep FP (ruído sobre código seguro),FP,Verdadeiro Negativo (Acerto),4.92,"O alerta é um FALSO POSITIVO. A função `director` está sendo usada corretamente para configurar o proxy, removendo cabeçalhos adicionados por outros componentes e ajustando os cabeçalhos conforme necessário. Não há evidências de interpretação incorreta de entrada ou uso inadequado da API.",2,especifica,especialista:d1145f8b,a81b6f5ca3a4f70c2cdbca1436fd138ccc84976ee981aa1726e3dff9ae4e4311,1486,91,0.00000000
f1684882:CWE-319:false_positive,goauthentik/authentik,CWE-319,FP,ollama:qwen2.5-coder:7b,especialista,seguro,DETECTADO,Semgrep FP (ruído sobre código seguro),FP,Verdadeiro Negativo (Acerto),4.82,"O código não transmite informações sensíveis em texto claro. Ele inicia um servidor HTTP para fins de depuração, mas não há evidências de que dados confidenciais estejam sendo enviados via URL ou corpo da requisição. O alerta é uma recomendação de segurança para garantir a transmissão segura de dados, mas neste contexto específico, não constitui uma vulnerabilidade.",6,especifica,especialista:d1145f8b,a81b6f5ca3a4f70c2cdbca1436fd138ccc84976ee981aa1726e3dff9ae4e4311,1167,101,0.00000000
f1684882:CWE-319:false_positive#1,goauthentik/authentik,CWE-319,FP,ollama:qwen2.5-coder:7b,especialista,seguro,DETECTADO,Semgrep FP (ruído sobre código seguro),FP,Verdadeiro Negativo (Acerto),3.69,O código não envia dados sensíveis em uma chamada HTTP. Ele apenas inicia um servidor de métricas que responde a requisições GET sem transmitir informações confidenciais.,6,especifica,especialista:d1145f8b,a81b6f5ca3a4f70c2cdbca1436fd138ccc84976ee981aa1726e3dff9ae4e4311,943,58,0.00000000
f1684882:CWE-319:false_positive#2,goauthentik/authentik,CWE-319,FP,ollama:qwen2.5-coder:7b,especialista,seguro,DETECTADO,Semgrep FP (ruído sobre código seguro),FP,Verdadeiro Negativo (Acerto),3.54,O código não envia dados sensíveis em uma chamada HTTP. Ele apenas inicia um servidor de métricas que responde a requisições GET sem transmitir informações confidenciais.,6,especifica,especialista:d1145f8b,a81b6f5ca3a4f70c2cdbca1436fd138ccc84976ee981aa1726e3dff9ae4e4311,943,58,0.00000000
f1684882:CWE-319:false_positive#3,goauthentik/authentik,CWE-319,FP,ollama:qwen2.5-coder:7b,especialista,seguro,DETECTADO,Semgrep FP (ruído sobre código seguro),FP,Verdadeiro Negativo (Acerto),3.71,O código não envia dados sensíveis em uma chamada HTTP. Ele apenas inicia um servidor de métricas que responde a requisições GET sem transmitir informações confidenciais.,6,especifica,especialista:d1145f8b,a81b6f5ca3a4f70c2cdbca1436fd138ccc84976ee981aa1726e3dff9ae4e4311,943,58,0.00000000
f1684882:CWE-319:false_positive#4,goauthentik/authentik,CWE-319,FP,ollama:qwen2.5-coder:7b,especialista,seguro,DETECTADO,Semgrep FP (ruído sobre código seguro),FP,Verdadeiro Negativo (Acerto),3.72,O código não envia dados sensíveis em uma chamada HTTP. Ele apenas inicia um servidor de métricas que responde a requisições GET sem transmitir informações confidenciais.,6,especifica,especialista:d1145f8b,a81b6f5ca3a4f70c2cdbca1436fd138ccc84976ee981aa1726e3dff9ae4e4311,943,58,0.00000000
f1684882:CWE-319:false_positive#5,goauthentik/authentik,CWE-319,FP,ollama:qwen2.5-coder:7b,especialista,seguro,DETECTADO,Semgrep FP (ruído sobre código seguro),FP,Verdadeiro Negativo (Acerto),4.60,"A chamada a `http.ListenAndServe` não transmite dados sensíveis em texto claro. Ela é usada para iniciar um servidor de métricas, que geralmente não contém informações confidenciais. O alerta foi acionado por uma prática recomendada de segurança em Go, mas neste contexto específico, não constitui uma vulnerabilidade.",6,especifica,especialista:d1145f8b,a81b6f5ca3a4f70c2cdbca1436fd138ccc84976ee981aa1726e3dff9ae4e4311,1156,91,0.00000000
f1684882:CWE-338:false_positive,goauthentik/authentik,CWE-338,FP,ollama:qwen2.5-coder:7b,especialista,seguro,DETECTADO,Semgrep FP (ruído sobre código seguro),FP,Verdadeiro Negativo (Acerto),3.92,"O uso de `math/rand` neste contexto não constitui uma vulnerabilidade real. A função é usada para calcular um jitter de backoff, que requer dispersão temporal em vez de imprevisibilidade criptográfica.",2,especifica,especialista:d1145f8b,a81b6f5ca3a4f70c2cdbca1436fd138ccc84976ee981aa1726e3dff9ae4e4311,972,64,0.00000000
f1684882:CWE-338:false_positive#1,goauthentik/authentik,CWE-338,FP,ollama:qwen2.5-coder:7b,especialista,seguro,DETECTADO,Semgrep FP (ruído sobre código seguro),FP,Verdadeiro Negativo (Acerto),4.41,"O uso de `math/rand` em `TestSecret()` não constitui uma vulnerabilidade porque a função está sendo usada para gerar chaves seguras, que exigem imprevisibilidade. A chave é então codificada em base64 e retornada, garantindo que o valor final seja seguro para uso em contextos de segurança.",2,especifica,especialista:d1145f8b,a81b6f5ca3a4f70c2cdbca1436fd138ccc84976ee981aa1726e3dff9ae4e4311,959,89,0.00000000
f1684882:CWE-601:false_positive,goauthentik/authentik,CWE-601,FP,ollama:qwen2.5-coder:7b,especialista,seguro,DETECTADO,Semgrep FP (ruído sobre código seguro),FP,Verdadeiro Negativo (Acerto),6.06,"O código não está sujeito a uma vulnerabilidade de redirecionamento aberto (open redirect) porque o destino do redirecionamento é determinado por um caminho relativo interno e não por entrada externa direta. A variável `redirectUrl` é construída usando `urlJoin(a.proxyConfig.ExternalHost, r.URL.Path)`, que garante que o caminho seja relativo ao host configurado em `a.proxyConfig.ExternalHost`. Além disso, há verificações adicionais para garantir que a URL de redirecionamento esteja dentro do domínio permitido (`forward_domain`). Portanto, não há risco de um atacante redirecionar o usuário para um site malicioso.",1,especifica,especialista:d1145f8b,a81b6f5ca3a4f70c2cdbca1436fd138ccc84976ee981aa1726e3dff9ae4e4311,1285,175,0.00000000
f1684882:CWE-665:false_positive,goauthentik/authentik,CWE-665,FP,ollama:qwen2.5-coder:7b,especialista,seguro,DETECTADO,Semgrep FP (ruído sobre código seguro),FP,Verdadeiro Negativo (Acerto),6.19,"A variável `hres` é inicializada como `nil` no momento em que a função `fetchOffset` é chamada pela primeira vez. Ela só é modificada dentro do bloco `if err != nil`, que verifica se ocorreu um erro durante a execução da requisição. Se houver um erro, `hres` será atualizado com o valor retornado pelo método `Execute()`. No entanto, se não houver erros, `hres` permanecerá como `nil`. Portanto, em nenhum momento `hres` é usado de forma que possa levar a uma derreferência nula (panic). O alerta é um FALSO POSITIVO porque o uso de `hres` não constitui uma vulnerabilidade.",1,especifica,especialista:d1145f8b,a81b6f5ca3a4f70c2cdbca1436fd138ccc84976ee981aa1726e3dff9ae4e4311,1127,182,0.00000000
be0de1ab:CWE-319:false_positive,harness/harness,CWE-319,FP,ollama:qwen2.5-coder:7b,especialista,seguro,DETECTADO,Semgrep FP (ruído sobre código seguro),FP,Verdadeiro Negativo (Acerto),6.35,"O código não desabilita a verificação de certificados TLS/SSL. A linha que menciona 'params.SkipVerify' é usada para determinar se o SSL deve ser desativado, mas isso é feito através da configuração do cliente HTTP e não diretamente na sessão AWS. Além disso, a ferramenta Semgrep está emitindo um alerta devido à presença de 'InsecureSkipVerify: true', que pode indicar uma intenção de desabilitar a verificação de certificados TLS/SSL, mas isso é feito de forma controlada e não em um contexto onde isso possa levar a vulnerabilidades.",1,especifica,especialista:d1145f8b,a81b6f5ca3a4f70c2cdbca1436fd138ccc84976ee981aa1726e3dff9ae4e4311,1459,155,0.00000000
be0de1ab:CWE-327:false_positive,harness/harness,CWE-327,FP,ollama:qwen2.5-coder:7b,especialista,seguro,DETECTADO,Semgrep FP (ruído sobre código seguro),FP,Verdadeiro Negativo (Acerto),5.05,"O código não está utilizando o algoritmo MD5 nem SHA1, que são mencionados na camada de heurística. Em vez disso, ele configura uma conexão TLS com um nível mínimo de segurança definido como TLS 1.2 por padrão, conforme a recomendação do Go 1.22. Além disso, o código permite a desativação da verificação SSL apenas quando necessário, o que é seguro para aplicações genéricas web.",1,especifica,especialista:d1145f8b,a81b6f5ca3a4f70c2cdbca1436fd138ccc84976ee981aa1726e3dff9ae4e4311,917,120,0.00000000
be0de1ab:CWE-328:false_positive,harness/harness,CWE-328,FP,ollama:qwen2.5-coder:7b,especialista,seguro,DETECTADO,Semgrep FP (ruído sobre código seguro),FP,Verdadeiro Negativo (Acerto),6.03,"O uso de SHA-1 neste contexto não constitui uma vulnerabilidade. O código está sendo usado para calcular múltiplos hashes (SHA-1, SHA-256, SHA-512 e MD5) simultaneamente em um fluxo de dados. Essa operação é comumente realizada para garantir a integridade dos dados ao mesmo tempo que se obtém múltiplas representações dos mesmos dados em diferentes algoritmos de hash. O uso de SHA-1 neste caso não viola as expectativas de segurança do contexto, pois não está sendo usado diretamente como função de hash para senhas ou segredos.",2,especifica,especialista:d1145f8b,a81b6f5ca3a4f70c2cdbca1436fd138ccc84976ee981aa1726e3dff9ae4e4311,1224,156,0.00000000
be0de1ab:CWE-328:false_positive#1,harness/harness,CWE-328,FP,ollama:qwen2.5-coder:7b,especialista,seguro,DETECTADO,Semgrep FP (ruído sobre código seguro),FP,Verdadeiro Negativo (Acerto),10.95,"O uso de MD5 neste contexto não constitui uma vulnerabilidade. O código cria um 'MultiHasher' que combina várias funções de hash, incluindo SHA-1 e SHA-256, para fornecer maior segurança em comparação com o uso de apenas MD5.",2,especifica,especialista:d1145f8b,a81b6f5ca3a4f70c2cdbca1436fd138ccc84976ee981aa1726e3dff9ae4e4311,971,79,0.00000000
be0de1ab:CWE-338:false_positive,harness/harness,CWE-338,FP,ollama:qwen2.5-coder:7b,especialista,seguro,DETECTADO,Semgrep FP (ruído sobre código seguro),FP,Verdadeiro Negativo (Acerto),4.86,"O uso de `math/rand/v2` neste contexto não constitui uma vulnerabilidade real. A função `math/rand/v2` é usada para gerar um token de sessão, que requer imprevisibilidade e segurança criptográfica. No entanto, o alerta foi emitido por uma ferramenta de análise estática que não considerou o contexto específico em que a API é usada.",1,especifica,especialista:d1145f8b,a81b6f5ca3a4f70c2cdbca1436fd138ccc84976ee981aa1726e3dff9ae4e4311,1147,103,0.00000000
be0de1ab:CWE-601:false_positive,harness/harness,CWE-601,FP,ollama:qwen2.5-coder:7b,especialista,seguro,DETECTADO,Semgrep FP (ruído sobre código seguro),FP,Verdadeiro Negativo (Acerto),4.82,"O código não está sujeito a uma vulnerabilidade de redirecionamento aberto (open redirect) porque o destino do redirecionamento é construído a partir da combinação do host e do caminho da URL atual, mas não da entrada do usuário. O caminho é removido do prefixo '/' antes de ser concatenado com o host, garantindo que o resultado seja sempre um caminho relativo interno.",5,especifica,especialista:d1145f8b,a81b6f5ca3a4f70c2cdbca1436fd138ccc84976ee981aa1726e3dff9ae4e4311,929,109,0.00000000
be0de1ab:CWE-601:false_positive#1,harness/harness,CWE-601,FP,ollama:qwen2.5-coder:7b,especialista,seguro,DETECTADO,Semgrep FP (ruído sobre código seguro),FP,Verdadeiro Negativo (Acerto),4.35,"O código verifica se o `redirectURL` é vazio antes de realizar o redirecionamento. Se não for vazio, ele é usado para redirecionar a resposta HTTP. No entanto, não há evidências de que este valor venha diretamente da entrada do usuário sem validação adicional.",5,especifica,especialista:d1145f8b,a81b6f5ca3a4f70c2cdbca1436fd138ccc84976ee981aa1726e3dff9ae4e4311,1045,82,0.00000000
be0de1ab:CWE-601:false_positive#2,harness/harness,CWE-601,FP,ollama:qwen2.5-coder:7b,especialista,seguro,DETECTADO,Semgrep FP (ruído sobre código seguro),FP,Verdadeiro Negativo (Acerto),5.40,"O código verifica se o valor de `redirectURL` é vazio antes de realizar o redirecionamento. Se não for vazio, ele será usado para redirecionar a resposta HTTP. No entanto, o código não aceita URLs absolutas ou relativas interno como caminhos válidos para redirecionamento. Em vez disso, ele espera que `redirectURL` seja uma URL de host confiável, conforme indicado pelo alerta. Portanto, este é um FALSO POSITIVO.",5,especifica,especialista:d1145f8b,a81b6f5ca3a4f70c2cdbca1436fd138ccc84976ee981aa1726e3dff9ae4e4311,1175,128,0.00000000
be0de1ab:CWE-601:false_positive#3,harness/harness,CWE-601,FP,ollama:qwen2.5-coder:7b,especialista,seguro,DETECTADO,Semgrep FP (ruído sobre código seguro),FP,Verdadeiro Negativo (Acerto),8.18,"O código não está sujeito a um redirecionamento aberto (open redirect) porque o destino do redirecionamento é restrito a caminhos relativos interno. A função `http.Redirect` é usada em várias partes do código, mas todas elas garantem que o destino seja um caminho relativo ou uma URL absoluta dentro do domínio confiável da aplicação.",5,especifica,especialista:d1145f8b,a81b6f5ca3a4f70c2cdbca1436fd138ccc84976ee981aa1726e3dff9ae4e4311,5055,103,0.00000000
be0de1ab:CWE-614:false_positive,harness/harness,CWE-614,FP,ollama:qwen2.5-coder:7b,especialista,seguro,DETECTADO,Semgrep FP (ruído sobre código seguro),FP,Verdadeiro Negativo (Acerto),3.83,"O cookie 'token' é criado com o atributo Secure definido como true, garantindo que ele só seja enviado por conexões HTTPS. Portanto, não há vulnerabilidade devido à ausência do atributo Secure.",1,especifica,especialista:d1145f8b,a81b6f5ca3a4f70c2cdbca1436fd138ccc84976ee981aa1726e3dff9ae4e4311,861,64,0.00000000
be0de1ab:CWE-665:false_positive,harness/harness,CWE-665,FP,ollama:qwen2.5-coder:7b,especialista,seguro,DETECTADO,Semgrep FP (ruído sobre código seguro),FP,Verdadeiro Negativo (Acerto),4.64,O código não inicializa um recurso de segurança em estado inesperado. A variável `space` é usada corretamente após ser preenchida com sucesso pela função `g.findFirstExistingSpace`. O alerta é uma falso positivo porque a variável `space` não está sendo usada sem inicialização adequada.,5,especifica,especialista:d1145f8b,a81b6f5ca3a4f70c2cdbca1436fd138ccc84976ee981aa1726e3dff9ae4e4311,1229,88,0.00000000
be0de1ab:CWE-665:false_positive#1,harness/harness,CWE-665,FP,ollama:qwen2.5-coder:7b,especialista,seguro,DETECTADO,Semgrep FP (ruído sobre código seguro),FP,Verdadeiro Negativo (Acerto),5.56,"O alerta indica que a variável `updatedInstance` pode ser modificada e usada em caso de erro, o que poderia resultar em um desreferenciamento nulo. No entanto, no contexto fornecido, isso não constitui uma vulnerabilidade real porque a função retorna imediatamente após detectar um erro, evitando qualquer uso potencial de `updatedInstance` sem inicialização adequada.",5,especifica,especialista:d1145f8b,a81b6f5ca3a4f70c2cdbca1436fd138ccc84976ee981aa1726e3dff9ae4e4311,1832,106,0.00000000
be0de1ab:CWE-665:false_positive#2,harness/harness,CWE-665,FP,ollama:qwen2.5-coder:7b,especialista,seguro,DETECTADO,Semgrep FP (ruído sobre código seguro),FP,Verdadeiro Negativo (Acerto),5.65,"O alerta indica que a variável `updatedInstance` pode ser modificada e usada em caso de erro, o que poderia resultar em um desreferenciamento nulo. No entanto, no contexto fornecido, isso não constitui uma vulnerabilidade real porque a variável `instance` é atualizada para apontar para `updatedInstance` após qualquer erro. Isso garante que `instance` sempre esteja em um estado válido e seguro.",5,especifica,especialista:d1145f8b,a81b6f5ca3a4f70c2cdbca1436fd138ccc84976ee981aa1726e3dff9ae4e4311,1716,115,0.00000000
be0de1ab:CWE-665:false_positive#3,harness/harness,CWE-665,FP,ollama:qwen2.5-coder:7b,especialista,seguro,DETECTADO,Semgrep FP (ruído sobre código seguro),FP,Verdadeiro Negativo (Acerto),4.01,O código não mostra a modificação de uma variável que é usada posteriormente. A variável `webhook` é inicializada corretamente e usada em seguida sem ser modificada entre sua inicialização e seu uso.,5,especifica,especialista:d1145f8b,a81b6f5ca3a4f70c2cdbca1436fd138ccc84976ee981aa1726e3dff9ae4e4311,1019,66,0.00000000
be0de1ab:CWE-665:false_positive#4,harness/harness,CWE-665,FP,ollama:qwen2.5-coder:7b,especialista,seguro,DETECTADO,Semgrep FP (ruído sobre código seguro),FP,Verdadeiro Negativo (Acerto),3.81,"O código não está iterando sobre um mapa vazio. Ele verifica se o mapa `flat` está vazio antes de iterar sobre ele, garantindo que a iteração só ocorra quando há elementos no mapa.",5,especifica,especialista:d1145f8b,a81b6f5ca3a4f70c2cdbca1436fd138ccc84976ee981aa1726e3dff9ae4e4311,906,62,0.00000000
be0de1ab:CWE-79:false_positive,harness/harness,CWE-79,FP,ollama:qwen2.5-coder:7b,especialista,seguro,DETECTADO,Semgrep FP (ruído sobre código seguro),FP,Verdadeiro Negativo (Acerto),4.47,"O código não está incorporando dados do usuário diretamente na saída HTML. Em vez disso, ele está escrevendo dados YAML brutos em um cabeçalho de resposta com o tipo MIME 'text/yaml'. Isso não constitui uma vulnerabilidade XSS porque não há entrada do usuário sendo renderizada como parte da página HTML.",34,especifica,especialista:d1145f8b,a81b6f5ca3a4f70c2cdbca1436fd138ccc84976ee981aa1726e3dff9ae4e4311,1020,88,0.00000000
be0de1ab:CWE-79:false_positive#1,harness/harness,CWE-79,FP,ollama:qwen2.5-coder:7b,especialista,seguro,DETECTADO,Semgrep FP (ruído sobre código seguro),FP,Verdadeiro Negativo (Acerto),4.44,"O código não está diretamente escrevendo dados de entrada do usuário no http.ResponseWriter. Em vez disso, ele está escrevendo uma resposta JSON que provavelmente é gerada por outra função (resources.Licenses()). Como a resposta JSON é gerada internamente e não contém dados diretos do usuário, este código não constitui uma vulnerabilidade XSS.",34,especifica,especialista:d1145f8b,a81b6f5ca3a4f70c2cdbca1436fd138ccc84976ee981aa1726e3dff9ae4e4311,963,93,0.00000000
be0de1ab:CWE-79:false_positive#2,harness/harness,CWE-79,FP,ollama:qwen2.5-coder:7b,especialista,seguro,DETECTADO,Semgrep FP (ruído sobre código seguro),FP,Verdadeiro Negativo (Acerto),4.46,"O código não está incorporando dados do usuário diretamente na saída HTML. A variável `version.Version` é uma constante estática definida no pacote `version`, não uma entrada controlável por terceiros. Portanto, não há risco de injeção de script e o uso de `fmt.Fprintf` neste contexto não constitui vulnerabilidade.",34,especifica,especialista:d1145f8b,a81b6f5ca3a4f70c2cdbca1436fd138ccc84976ee981aa1726e3dff9ae4e4311,880,93,0.00000000
be0de1ab:CWE-79:false_positive#3,harness/harness,CWE-79,FP,ollama:qwen2.5-coder:7b,especialista,seguro,DETECTADO,Semgrep FP (ruído sobre código seguro),FP,Verdadeiro Negativo (Acerto),4.21,"O código não está diretamente escrevendo dados de entrada do usuário em um http.ResponseWriter sem escape. Em vez disso, ele usa json.NewEncoder para serializar os dados em formato JSON, que já é seguro contra injeção de script.",34,especifica,especialista:d1145f8b,a81b6f5ca3a4f70c2cdbca1436fd138ccc84976ee981aa1726e3dff9ae4e4311,1238,68,0.00000000
be0de1ab:CWE-79:false_positive#4,harness/harness,CWE-79,FP,ollama:qwen2.5-coder:7b,especialista,seguro,DETECTADO,Semgrep FP (ruído sobre código seguro),FP,Verdadeiro Negativo (Acerto),4.98,"O código não está utilizando a função `template.HTML` para incorporar dados de entrada do usuário diretamente na saída HTML. Em vez disso, ele carrega os templates em uma variável global e usa esses templates para renderizar conteúdo. Como o conteúdo é carregado de um arquivo embeded e não é gerado dinamicamente com base em entradas do usuário, não há risco de injeção de script.",34,especifica,especialista:d1145f8b,a81b6f5ca3a4f70c2cdbca1436fd138ccc84976ee981aa1726e3dff9ae4e4311,1202,107,0.00000000
be0de1ab:CWE-79:false_positive#5,harness/harness,CWE-79,FP,ollama:qwen2.5-coder:7b,especialista,seguro,DETECTADO,Semgrep FP (ruído sobre código seguro),FP,Verdadeiro Negativo (Acerto),4.43,"O código não está diretamente escrevendo dados de entrada do usuário em um http.ResponseWriter sem escape. Em vez disso, ele está serializando uma especificação OpenAPI em YAML e enviando-a como resposta. Não há nenhuma entrada externa sendo incorporada à saída HTML neste contexto.",34,especifica,especialista:d1145f8b,a81b6f5ca3a4f70c2cdbca1436fd138ccc84976ee981aa1726e3dff9ae4e4311,1259,79,0.00000000
be0de1ab:CWE-79:false_positive#6,harness/harness,CWE-79,FP,ollama:qwen2.5-coder:7b,especialista,seguro,DETECTADO,Semgrep FP (ruído sobre código seguro),FP,Verdadeiro Negativo (Acerto),4.66,"O código não está utilizando a função `text/template` para renderizar conteúdo gerado pelo usuário. Em vez disso, ele está usando uma string constante (`tokenTmpl`) que não contém entrada do usuário. Portanto, não há risco de injeção de script e o alerta é um FALSO POSITIVO.",34,especifica,especialista:d1145f8b,a81b6f5ca3a4f70c2cdbca1436fd138ccc84976ee981aa1726e3dff9ae4e4311,1227,88,0.00000000
be0de1ab:CWE-79:false_positive#7,harness/harness,CWE-79,FP,ollama:qwen2.5-coder:7b,especialista,seguro,DETECTADO,Semgrep FP (ruído sobre código seguro),FP,Verdadeiro Negativo (Acerto),4.58,"O código não está utilizando a função `text/template` para renderizar conteúdo gerado pelo usuário. Em vez disso, ele está usando uma string constante definida no código-fonte (`userTmpl`). Como não há entrada externa sendo incorporada à saída HTML, este código não constitui uma vulnerabilidade de Cross-Site Scripting (XSS).",34,especifica,especialista:d1145f8b,a81b6f5ca3a4f70c2cdbca1436fd138ccc84976ee981aa1726e3dff9ae4e4311,1202,93,0.00000000
be0de1ab:CWE-79:false_positive#8,harness/harness,CWE-79,FP,ollama:qwen2.5-coder:7b,especialista,seguro,DETECTADO,Semgrep FP (ruído sobre código seguro),FP,Verdadeiro Negativo (Acerto),4.56,"O código não está utilizando a função `text/template` para renderizar conteúdo gerado pelo usuário. Em vez disso, ele usa o pacote `html/template`, que fornece funcionalidade de escape automático para HTML. Portanto, não há risco de injeção de script e o alerta é um FALSO POSITIVO.",34,especifica,especialista:d1145f8b,a81b6f5ca3a4f70c2cdbca1436fd138ccc84976ee981aa1726e3dff9ae4e4311,1214,91,0.00000000
be0de1ab:CWE-79:false_positive#9,harness/harness,CWE-79,FP,ollama:qwen2.5-coder:7b,especialista,seguro,DETECTADO,Semgrep FP (ruído sobre código seguro),FP,Verdadeiro Negativo (Acerto),4.51,"O código não está utilizando a função `text/template` para renderizar conteúdo gerado pelo usuário, o que significa que não há risco de injeção de script. O uso do pacote `html/template` é recomendado para evitar XSS, mas neste caso específico, o conteúdo sendo renderizado não é controlável por terceiros.",34,especifica,especialista:d1145f8b,a81b6f5ca3a4f70c2cdbca1436fd138ccc84976ee981aa1726e3dff9ae4e4311,1214,87,0.00000000
be0de1ab:CWE-79:false_positive#10,harness/harness,CWE-79,FP,ollama:qwen2.5-coder:7b,especialista,seguro,DETECTADO,Semgrep FP (ruído sobre código seguro),FP,Verdadeiro Negativo (Acerto),4.41,"O código não está utilizando a função `text/template` para renderizar conteúdo gerado pelo usuário. Em vez disso, ele está usando uma string constante definida no código-fonte (`userTmpl`). Como não há entrada externa sendo incorporada à saída HTML, este código não constitui uma vulnerabilidade XSS.",34,especifica,especialista:d1145f8b,a81b6f5ca3a4f70c2cdbca1436fd138ccc84976ee981aa1726e3dff9ae4e4311,1209,84,0.00000000
be0de1ab:CWE-79:false_positive#11,harness/harness,CWE-79,FP,ollama:qwen2.5-coder:7b,especialista,seguro,DETECTADO,Semgrep FP (ruído sobre código seguro),FP,Verdadeiro Negativo (Acerto),5.00,"O código não está utilizando a função `text/template` para renderizar conteúdo gerado pelo usuário. Em vez disso, ele usa a função `fmt.Fprintf(w, ...)` para escrever diretamente no `http.ResponseWriter`, o que não exige escape HTML. Além disso, o alerta é específico para o pacote `html/template`, enquanto o código em questão utiliza `text/template`. Portanto, este é um FALSO POSITIVO.",34,especifica,especialista:d1145f8b,a81b6f5ca3a4f70c2cdbca1436fd138ccc84976ee981aa1726e3dff9ae4e4311,1220,111,0.00000000
be0de1ab:CWE-79:false_positive#12,harness/harness,CWE-79,FP,ollama:qwen2.5-coder:7b,especialista,seguro,DETECTADO,Semgrep FP (ruído sobre código seguro),FP,Verdadeiro Negativo (Acerto),4.99,"O código não está diretamente escrevendo dados de entrada do usuário em uma resposta HTTP sem escape. Em vez disso, ele usa o método `WriteToResponse` da estrutura `headers`, que provavelmente já aplica a escapação necessária para evitar XSS. Além disso, a mensagem de sucesso é formatada usando `fmt.Sprintf` e escrita diretamente em `w`, mas isso não ocorre com dados de entrada do usuário.",34,especifica,especialista:d1145f8b,a81b6f5ca3a4f70c2cdbca1436fd138ccc84976ee981aa1726e3dff9ae4e4311,1031,112,0.00000000
be0de1ab:CWE-79:false_positive#13,harness/harness,CWE-79,FP,ollama:qwen2.5-coder:7b,especialista,seguro,DETECTADO,Semgrep FP (ruído sobre código seguro),FP,Verdadeiro Negativo (Acerto),4.47,"O código não está diretamente escrevendo dados de entrada do usuário no http.ResponseWriter sem escape. Em vez disso, ele serializa os dados em JSON usando json.Marshal e depois escreve o JSON resultante no ResponseWriter. Isso garante que qualquer entrada potencialmente perigosa seja adequadamente escapada antes de ser exibida.",34,especifica,especialista:d1145f8b,a81b6f5ca3a4f70c2cdbca1436fd138ccc84976ee981aa1726e3dff9ae4e4311,1059,90,0.00000000
be0de1ab:CWE-79:false_positive#14,harness/harness,CWE-79,FP,ollama:qwen2.5-coder:7b,especialista,seguro,DETECTADO,Semgrep FP (ruído sobre código seguro),FP,Verdadeiro Negativo (Acerto),4.57,"O código não está diretamente escrevendo dados de entrada do usuário no http.ResponseWriter sem escape. Em vez disso, ele serializa os dados em JSON usando json.Marshal e depois escreve o JSON resultante. Isso evita a injeção de script XSS porque o JSON é uma representação textual segura que não pode ser executado como código JavaScript pelo navegador.",34,especifica,especialista:d1145f8b,a81b6f5ca3a4f70c2cdbca1436fd138ccc84976ee981aa1726e3dff9ae4e4311,1055,94,0.00000000
be0de1ab:CWE-79:false_positive#15,harness/harness,CWE-79,FP,ollama:qwen2.5-coder:7b,especialista,seguro,DETECTADO,Semgrep FP (ruído sobre código seguro),FP,Verdadeiro Negativo (Acerto),4.87,"O código não está diretamente escrevendo dados de entrada do usuário em um http.ResponseWriter sem escape. Em vez disso, ele usa a função fmt.Sprintf para formatar uma string que inclui o SHA256 do pacote carregado e então escreve essa string formatada no ResponseWriter. Como não há dados de entrada do usuário sendo incorporados diretamente à saída HTML, isso não constitui uma vulnerabilidade XSS.",34,especifica,especialista:d1145f8b,a81b6f5ca3a4f70c2cdbca1436fd138ccc84976ee981aa1726e3dff9ae4e4311,1086,107,0.00000000
be0de1ab:CWE-79:false_positive#16,harness/harness,CWE-79,FP,ollama:qwen2.5-coder:7b,especialista,seguro,DETECTADO,Semgrep FP (ruído sobre código seguro),FP,Verdadeiro Negativo (Acerto),4.29,"O código não está diretamente escrevendo dados de entrada do usuário em um http.ResponseWriter sem escape. Em vez disso, ele está codificando os dados XML usando xml.NewEncoder(w).Encode(response.FeedResponse), que já aplica a codificação necessária para evitar injeções de script.",34,especifica,especialista:d1145f8b,a81b6f5ca3a4f70c2cdbca1436fd138ccc84976ee981aa1726e3dff9ae4e4311,1089,79,0.00000000
be0de1ab:CWE-79:false_positive#17,harness/harness,CWE-79,FP,ollama:qwen2.5-coder:7b,especialista,seguro,DETECTADO,Semgrep FP (ruído sobre código seguro),FP,Verdadeiro Negativo (Acerto),4.29,"O código não está diretamente escrevendo dados de entrada do usuário em um http.ResponseWriter sem escape. Em vez disso, ele está codificando os dados no formato XML usando xml.NewEncoder(w).Encode(response.Count), que já aplica a codificação necessária para evitar injeções de script.",34,especifica,especialista:d1145f8b,a81b6f5ca3a4f70c2cdbca1436fd138ccc84976ee981aa1726e3dff9ae4e4311,1089,80,0.00000000
be0de1ab:CWE-79:false_positive#18,harness/harness,CWE-79,FP,ollama:qwen2.5-coder:7b,especialista,seguro,DETECTADO,Semgrep FP (ruído sobre código seguro),FP,Verdadeiro Negativo (Acerto),4.49,"O código não está diretamente escrevendo dados de entrada do usuário em um http.ResponseWriter sem escape. Em vez disso, ele está usando o pacote xml.NewEncoder para codificar a resposta em XML e enviar-a como resposta HTTP. Isso evita a necessidade de escape HTML, pois o XML já trata adequadamente os caracteres especiais.",34,especifica,especialista:d1145f8b,a81b6f5ca3a4f70c2cdbca1436fd138ccc84976ee981aa1726e3dff9ae4e4311,1092,90,0.00000000
be0de1ab:CWE-79:false_positive#19,harness/harness,CWE-79,FP,ollama:qwen2.5-coder:7b,especialista,seguro,DETECTADO,Semgrep FP (ruído sobre código seguro),FP,Verdadeiro Negativo (Acerto),4.30,"O código não está diretamente escrevendo dados de entrada do usuário em um http.ResponseWriter sem escape. Em vez disso, ele está codificando os dados no formato XML usando xml.NewEncoder(w).Encode(response.Count), que já aplica a codificação necessária para evitar injeções de script.",34,especifica,especialista:d1145f8b,a81b6f5ca3a4f70c2cdbca1436fd138ccc84976ee981aa1726e3dff9ae4e4311,1093,80,0.00000000
be0de1ab:CWE-79:false_positive#20,harness/harness,CWE-79,FP,ollama:qwen2.5-coder:7b,especialista,seguro,DETECTADO,Semgrep FP (ruído sobre código seguro),FP,Verdadeiro Negativo (Acerto),4.31,"O código não está diretamente escrevendo dados de entrada do usuário em um http.ResponseWriter sem escape. Em vez disso, ele está codificando os dados XML usando xml.NewEncoder(w).Encode(response.FeedResponse), que já aplica a codificação necessária para evitar injeções de script.",34,especifica,especialista:d1145f8b,a81b6f5ca3a4f70c2cdbca1436fd138ccc84976ee981aa1726e3dff9ae4e4311,1154,79,0.00000000
be0de1ab:CWE-79:false_positive#21,harness/harness,CWE-79,FP,ollama:qwen2.5-coder:7b,especialista,seguro,DETECTADO,Semgrep FP (ruído sobre código seguro),FP,Verdadeiro Negativo (Acerto),5.21,"O código não está diretamente escrevendo dados de entrada do usuário em um http.ResponseWriter sem escape. Em vez disso, ele está lidando com dados provenientes de uma chamada a uma função `Payload()` que provavelmente retorna dados binários ou estruturados, e esses dados são então escritos no ResponseWriter usando `w.Write(bytes)`. Como não há evidências de entrada do usuário sendo incorporada diretamente na saída HTML, este código não constitui uma vulnerabilidade XSS.",34,especifica,especialista:d1145f8b,a81b6f5ca3a4f70c2cdbca1436fd138ccc84976ee981aa1726e3dff9ae4e4311,1099,122,0.00000000
be0de1ab:CWE-79:false_positive#22,harness/harness,CWE-79,FP,ollama:qwen2.5-coder:7b,especialista,seguro,DETECTADO,Semgrep FP (ruído sobre código seguro),FP,Verdadeiro Negativo (Acerto),4.66,"O código não está diretamente escrevendo dados de entrada do usuário em uma resposta HTTP. Em vez disso, ele está formatando uma mensagem de erro que contém um valor de erro interno e escrevendo essa mensagem formatada para a resposta. Como o valor de erro é gerado internamente pelo sistema e não vem da entrada do usuário, não há risco de injeção de script XSS.",34,especifica,especialista:d1145f8b,a81b6f5ca3a4f70c2cdbca1436fd138ccc84976ee981aa1726e3dff9ae4e4311,941,102,0.00000000
be0de1ab:CWE-79:false_positive#23,harness/harness,CWE-79,FP,ollama:qwen2.5-coder:7b,especialista,seguro,DETECTADO,Semgrep FP (ruído sobre código seguro),FP,Verdadeiro Negativo (Acerto),5.04,"O código não está diretamente escrevendo dados de entrada do usuário no http.ResponseWriter sem escape. Em vez disso, ele usa a função `fmt.Sprintf` para formatar uma string que inclui o SHA256 do arquivo carregado e então escreve essa string formatada no ResponseWriter. Como não há dados de entrada do usuário sendo incorporados diretamente à saída HTML ou escritos sem escape, este código não constitui uma vulnerabilidade XSS.",34,especifica,especialista:d1145f8b,a81b6f5ca3a4f70c2cdbca1436fd138ccc84976ee981aa1726e3dff9ae4e4311,1116,113,0.00000000
be0de1ab:CWE-79:false_positive#24,harness/harness,CWE-79,FP,ollama:qwen2.5-coder:7b,especialista,seguro,DETECTADO,Semgrep FP (ruído sobre código seguro),FP,Verdadeiro Negativo (Acerto),5.01,"O código não está diretamente escrevendo dados de entrada do usuário em um http.ResponseWriter sem escape. Em vez disso, ele usa a função `fmt.Sprintf` para formatar uma string que inclui o SHA256 do arquivo carregado e então escreve essa string formatada no ResponseWriter. Como não há dados de entrada do usuário sendo incorporados diretamente à saída HTML ou escritos sem escape, isso não constitui uma vulnerabilidade XSS.",34,especifica,especialista:d1145f8b,a81b6f5ca3a4f70c2cdbca1436fd138ccc84976ee981aa1726e3dff9ae4e4311,1111,113,0.00000000
be0de1ab:CWE-79:false_positive#25,harness/harness,CWE-79,FP,ollama:qwen2.5-coder:7b,especialista,seguro,DETECTADO,Semgrep FP (ruído sobre código seguro),FP,Verdadeiro Negativo (Acerto),4.31,"O código não está incorporando dados do usuário diretamente na saída HTML. Ele está apenas servindo um JSON gerado por uma função, que é seguro devido ao uso de `json.Marshal`. Não há nenhuma entrada externa sendo escrita diretamente para o `http.ResponseWriter` sem escape adequado.",34,especifica,especialista:d1145f8b,a81b6f5ca3a4f70c2cdbca1436fd138ccc84976ee981aa1726e3dff9ae4e4311,1058,82,0.00000000
be0de1ab:CWE-89:false_positive,harness/harness,CWE-89,FP,ollama:qwen2.5-coder:7b,especialista,seguro,DETECTADO,Semgrep FP (ruído sobre código seguro),FP,Verdadeiro Negativo (Acerto),5.41,"A entrada `in.ID` e `principalID` são parâmetros de consulta passados para a função `db.ExecContext`, que usa placeholders (`$1` e `$2`) em vez de concatenar diretamente os valores na string SQL. Isso previne a injeção SQL, pois os valores não são interpretados como parte da sintaxe SQL. Além disso, o caminho é atingível em produção, já que a função `Delete` é chamada por rotas ou métodos de serviço que podem ser invocados externamente.",1,fallback,especialista:d1145f8b,a81b6f5ca3a4f70c2cdbca1436fd138ccc84976ee981aa1726e3dff9ae4e4311,996,133,0.00000000
be0de1ab:CWE-94:false_positive,harness/harness,CWE-94,FP,ollama:qwen2.5-coder:7b,especialista,seguro,DETECTADO,Semgrep FP (ruído sobre código seguro),FP,Verdadeiro Negativo (Acerto),4.16,"O texto do comando é constante e não provém de entrada externa. A função `exec.CommandContext` recebe um comando fixo ('GitExecutable') e argumentos construídos internamente, sem permitir a injeção de código.",1,especifica,especialista:d1145f8b,a81b6f5ca3a4f70c2cdbca1436fd138ccc84976ee981aa1726e3dff9ae4e4311,1168,68,0.00000000
e5c9c1fe:CWE-1004:false_positive,justinas/nosurf,CWE-1004,FP,ollama:qwen2.5-coder:7b,especialista,seguro,DETECTADO,Semgrep FP (ruído sobre código seguro),FP,Verdadeiro Negativo (Acerto),4.32,"O cookie em questão é usado para armazenar um token CSRF, que precisa ser lido pelo front-end para reenvio em uma solicitação. Como o token CSRF não é um dado de sessão sensível e deve ser acessível pelo JavaScript, a ausência do atributo HttpOnly é intencional e correta.",1,especifica,especialista:d1145f8b,a81b6f5ca3a4f70c2cdbca1436fd138ccc84976ee981aa1726e3dff9ae4e4311,894,86,0.00000000
e5c9c1fe:CWE-614:false_positive,justinas/nosurf,CWE-614,FP,ollama:qwen2.5-coder:7b,especialista,seguro,DETECTADO,Semgrep FP (ruído sobre código seguro),FP,Verdadeiro Negativo (Acerto),3.99,"O código não cria um cookie de sessão. Em vez disso, ele apenas define as propriedades básicas de um cookie sem criar ou enviar o mesmo. Portanto, a ausência do atributo 'Secure' não constitui uma vulnerabilidade nesse contexto.",1,especifica,especialista:d1145f8b,a81b6f5ca3a4f70c2cdbca1436fd138ccc84976ee981aa1726e3dff9ae4e4311,846,73,0.00000000
191ea16c:CWE-328:false_positive,kovidgoyal/kitty,CWE-328,FP,ollama:qwen2.5-coder:7b,especialista,seguro,DETECTADO,Semgrep FP (ruído sobre código seguro),FP,Verdadeiro Negativo (Acerto),4.18,"A função MD5 é usada aqui para calcular um hash de integridade de conteúdo, não para armazenar senhas ou segredos. Como a mensagem do alerta indica, MD5 não é resistente a colisão e, portanto, é adequado para esse propósito.",1,especifica,especialista:d1145f8b,a81b6f5ca3a4f70c2cdbca1436fd138ccc84976ee981aa1726e3dff9ae4e4311,944,78,0.00000000
191ea16c:CWE-338:false_positive,kovidgoyal/kitty,CWE-338,FP,ollama:qwen2.5-coder:7b,especialista,seguro,DETECTADO,Semgrep FP (ruído sobre código seguro),FP,Verdadeiro Negativo (Acerto),4.49,"O código utiliza `crypto/rand` para gerar números pseudoaleatórios, que é o uso correto e seguro nesse contexto. A função `crypto/rand` é projetada para fornecer números aleatórios criptograficamente seguros, o que é essencial para geração de tokens, chaves e nonces em aplicações de segurança.",3,especifica,especialista:d1145f8b,a81b6f5ca3a4f70c2cdbca1436fd138ccc84976ee981aa1726e3dff9ae4e4311,978,91,0.00000000
191ea16c:CWE-338:false_positive#1,kovidgoyal/kitty,CWE-338,FP,ollama:qwen2.5-coder:7b,especialista,seguro,DETECTADO,Semgrep FP (ruído sobre código seguro),FP,Verdadeiro Negativo (Acerto),4.21,"O uso de `math/rand` em `main.go` na linha 9 não constitui uma vulnerabilidade real. O contexto do código é o cálculo de um jitter de backoff, onde a imprevisibilidade temporal é mais importante do que a imprevisibilidade criptográfica.",3,especifica,especialista:d1145f8b,a81b6f5ca3a4f70c2cdbca1436fd138ccc84976ee981aa1726e3dff9ae4e4311,982,79,0.00000000
191ea16c:CWE-338:false_positive#2,kovidgoyal/kitty,CWE-338,FP,ollama:qwen2.5-coder:7b,especialista,seguro,DETECTADO,Semgrep FP (ruído sobre código seguro),FP,Verdadeiro Negativo (Acerto),3.99,"O código não está usando `math/rand`, mas sim `crypto/rand` para gerar tokens de usuário. A função `os.UserHomeDir()` usa `crypto/rand` internamente, garantindo que a saída seja imprevisível e segura.",3,especifica,especialista:d1145f8b,a81b6f5ca3a4f70c2cdbca1436fd138ccc84976ee981aa1726e3dff9ae4e4311,962,70,0.00000000
191ea16c:CWE-400:false_positive,kovidgoyal/kitty,CWE-400,FP,ollama:qwen2.5-coder:7b,especialista,seguro,DETECTADO,Semgrep FP (ruído sobre código seguro),FP,Verdadeiro Negativo (Acerto),6.31,"A entrada para a decompressão é controlada pelo sistema operacional, não pelo agente externo. O caminho de código que pode ser atingido em produção é o download do arquivo zip via HTTP e sua subsequente decompressão. No entanto, a função `io.CopyN()` está sendo usada corretamente para limitar o número de bytes lidos durante a decompressão, mitigando o risco de bomba de descompressão (zip bomb). Portanto, este código não constitui uma vulnerabilidade real.",1,fallback,especialista:d1145f8b,a81b6f5ca3a4f70c2cdbca1436fd138ccc84976ee981aa1726e3dff9ae4e4311,1640,127,0.00000000
191ea16c:CWE-470:false_positive,kovidgoyal/kitty,CWE-470,FP,ollama:qwen2.5-coder:7b,especialista,seguro,DETECTADO,Semgrep FP (ruído sobre código seguro),FP,Verdadeiro Negativo (Acerto),4.89,"O código não usa entrada externa para selecionar métodos ou campos. A função `set_payload_string_field` recebe dois parâmetros, `field` e `data`, que são usados para definir um campo específico em uma estrutura de dados. Esses valores não vêm de entrada externa, mas sim de chamadas internas dentro da função. Portanto, não há risco de reflexão insegura nesse contexto.",1,especifica,especialista:d1145f8b,a81b6f5ca3a4f70c2cdbca1436fd138ccc84976ee981aa1726e3dff9ae4e4311,969,109,0.00000000
191ea16c:CWE-665:false_positive,kovidgoyal/kitty,CWE-665,FP,ollama:qwen2.5-coder:7b,especialista,seguro,DETECTADO,Semgrep FP (ruído sobre código seguro),FP,Verdadeiro Negativo (Acerto),4.37,"O código inicializa corretamente a variável `screen_size` com valores padrão (80x24) caso ocorra um erro ao obter o tamanho da tela. Não há uso de uma variável modificada e posteriormente usada, nem dereferência nula que possa levar a um panic.",1,especifica,especialista:d1145f8b,a81b6f5ca3a4f70c2cdbca1436fd138ccc84976ee981aa1726e3dff9ae4e4311,912,85,0.00000000
191ea16c:CWE-681:false_positive,kovidgoyal/kitty,CWE-681,FP,ollama:qwen2.5-coder:7b,especialista,seguro,DETECTADO,Semgrep FP (ruído sobre código seguro),FP,Verdadeiro Negativo (Acerto),5.40,"A conversão de int32 para int32 em Go não é uma operação que possa causar overflow, truncamento ou mudança de sinal silenciosa. A função strconv.Atoi já garante que o valor retornado esteja dentro da faixa permitida para int32, portanto, a verificação adicional não é necessária e pode ser considerada um FALSO POSITIVO.",4,especifica,especialista:d1145f8b,a81b6f5ca3a4f70c2cdbca1436fd138ccc84976ee981aa1726e3dff9ae4e4311,1181,103,0.00000000
191ea16c:CWE-681:false_positive#1,kovidgoyal/kitty,CWE-681,FP,ollama:qwen2.5-coder:7b,especialista,seguro,DETECTADO,Semgrep FP (ruído sobre código seguro),FP,Verdadeiro Negativo (Acerto),3.93,A conversão de uint32 para int32 não ocorre em um contexto onde valores fora da faixa são possíveis. A função strconv.Atoi garante que o valor convertido seja sempre positivo e dentro do intervalo permitido por uint32.,4,especifica,especialista:d1145f8b,a81b6f5ca3a4f70c2cdbca1436fd138ccc84976ee981aa1726e3dff9ae4e4311,836,71,0.00000000
191ea16c:CWE-681:false_positive#2,kovidgoyal/kitty,CWE-681,FP,ollama:qwen2.5-coder:7b,especialista,seguro,DETECTADO,Semgrep FP (ruído sobre código seguro),FP,Verdadeiro Negativo (Acerto),4.57,"A conversão de `cl` (do tipo `int`) para `uint64` só ocorre após verificar se o valor está dentro da faixa válida. Se `cl` for negativo ou maior que `math.MaxInt32`, ele é limitado a `math.MaxInt32`. Portanto, não há risco de estouro ou truncamento silencioso.",4,especifica,especialista:d1145f8b,a81b6f5ca3a4f70c2cdbca1436fd138ccc84976ee981aa1726e3dff9ae4e4311,934,98,0.00000000
191ea16c:CWE-681:false_positive#3,kovidgoyal/kitty,CWE-681,FP,ollama:qwen2.5-coder:7b,especialista,seguro,DETECTADO,Semgrep FP (ruído sobre código seguro),FP,Verdadeiro Negativo (Acerto),4.64,"A conversão de int64 para int32 em Go não é uma vulnerabilidade se a origem do valor estiver garantida dentro da faixa permitida. No contexto fornecido, a função `filepath.Abs` retorna um caminho absoluto como uma string, que não pode ser negativo nem ultrapassar o limite de int32. Portanto, não há risco de overflow ou truncamento.",4,especifica,especialista:d1145f8b,a81b6f5ca3a4f70c2cdbca1436fd138ccc84976ee981aa1726e3dff9ae4e4311,823,105,0.00000000
191ea16c:CWE-94:false_positive,kovidgoyal/kitty,CWE-94,FP,ollama:qwen2.5-coder:7b,especialista,seguro,DETECTADO,Semgrep FP (ruído sobre código seguro),FP,Verdadeiro Negativo (Acerto),4.06,"O texto do comando é constante e não provém de entrada externa. A função 'lines' executa um comando fixo ('exe') com argumentos adicionais ('cmd...'), mas esses argumentos são passados como dados, não como código a ser executado.",17,especifica,especialista:d1145f8b,a81b6f5ca3a4f70c2cdbca1436fd138ccc84976ee981aa1726e3dff9ae4e4311,907,75,0.00000000
191ea16c:CWE-94:false_positive#1,kovidgoyal/kitty,CWE-94,FP,ollama:qwen2.5-coder:7b,especialista,seguro,DETECTADO,Semgrep FP (ruído sobre código seguro),FP,Verdadeiro Negativo (Acerto),4.15,O texto do comando é constante e não provém de entrada externa. A função `exec.Command` está sendo usada para executar um comando fixo (`kitty +runpy ...`) que não contém partes dinâmicas controladas por usuários.,17,especifica,especialista:d1145f8b,a81b6f5ca3a4f70c2cdbca1436fd138ccc84976ee981aa1726e3dff9ae4e4311,1056,72,0.00000000
191ea16c:CWE-94:false_positive#2,kovidgoyal/kitty,CWE-94,FP,ollama:qwen2.5-coder:7b,especialista,seguro,DETECTADO,Semgrep FP (ruído sobre código seguro),FP,Verdadeiro Negativo (Acerto),4.41,"O texto do comando é constante e não provém de entrada externa. A função `exec.Command` está sendo usada para construir um comando SSH, onde o conteúdo do comando (como 'ssh', 'tar', etc.) é fixo no código e não depende de dados fornecidos pelo usuário.",17,especifica,especialista:d1145f8b,a81b6f5ca3a4f70c2cdbca1436fd138ccc84976ee981aa1726e3dff9ae4e4311,1156,82,0.00000000
191ea16c:CWE-94:false_positive#3,kovidgoyal/kitty,CWE-94,FP,ollama:qwen2.5-coder:7b,especialista,seguro,DETECTADO,Semgrep FP (ruído sobre código seguro),FP,Verdadeiro Negativo (Acerto),3.34,"O texto do comando é constante do programa; a entrada externa é apenas dado interpolado, não código de comando.",17,especifica,especialista:d1145f8b,a81b6f5ca3a4f70c2cdbca1436fd138ccc84976ee981aa1726e3dff9ae4e4311,895,42,0.00000000
191ea16c:CWE-94:false_positive#4,kovidgoyal/kitty,CWE-94,FP,ollama:qwen2.5-coder:7b,especialista,seguro,DETECTADO,Semgrep FP (ruído sobre código seguro),FP,Verdadeiro Negativo (Acerto),5.04,"O texto do comando é constante e não provém de entrada externa. A função `exec.Command` está sendo usada para executar um script Python fixo (`kitty +runpy from kittens.hints.main import custom_marking; custom_marking()`), com a entrada externa apenas como dado (`sanitized_text`). Isso não constitui uma vulnerabilidade de injeção de código.",17,especifica,especialista:d1145f8b,a81b6f5ca3a4f70c2cdbca1436fd138ccc84976ee981aa1726e3dff9ae4e4311,1475,100,0.00000000
191ea16c:CWE-94:false_positive#5,kovidgoyal/kitty,CWE-94,FP,ollama:qwen2.5-coder:7b,especialista,seguro,DETECTADO,Semgrep FP (ruído sobre código seguro),FP,Verdadeiro Negativo (Acerto),4.75,"O texto do comando 'exec.Command' é constante e não provém de entrada externa. A função 'RgExe()' parece ser uma função interna que retorna uma string fixa, e a opção '--help' também é uma opção padrão do comando 'rg'. Portanto, não há risco de injeção de código.",17,especifica,especialista:d1145f8b,a81b6f5ca3a4f70c2cdbca1436fd138ccc84976ee981aa1726e3dff9ae4e4311,1290,91,0.00000000
191ea16c:CWE-94:false_positive#6,kovidgoyal/kitty,CWE-94,FP,ollama:qwen2.5-coder:7b,especialista,seguro,DETECTADO,Semgrep FP (ruído sobre código seguro),FP,Verdadeiro Negativo (Acerto),5.48,"O código não está utilizando entrada externa para construir comandos a serem executados. Todas as partes do comando são constantes ou derivadas de variáveis que são controladas pelo programa, não por entrada externa.",17,especifica,especialista:d1145f8b,a81b6f5ca3a4f70c2cdbca1436fd138ccc84976ee981aa1726e3dff9ae4e4311,2802,65,0.00000000
191ea16c:CWE-94:false_positive#7,kovidgoyal/kitty,CWE-94,FP,ollama:qwen2.5-coder:7b,especialista,seguro,DETECTADO,Semgrep FP (ruído sobre código seguro),FP,Verdadeiro Negativo (Acerto),5.15,"O texto do comando 'ssh' é uma string constante definida no código, não provindo de entrada externa. A função `exec.Command` está sendo usada para executar um comando fixo ('ssh'), e não para gerar ou executar comandos dinâmicos baseados em entradas do usuário.",17,especifica,especialista:d1145f8b,a81b6f5ca3a4f70c2cdbca1436fd138ccc84976ee981aa1726e3dff9ae4e4311,1308,84,0.00000000
191ea16c:CWE-94:false_positive#8,kovidgoyal/kitty,CWE-94,FP,ollama:qwen2.5-coder:7b,especialista,seguro,DETECTADO,Semgrep FP (ruído sobre código seguro),FP,Verdadeiro Negativo (Acerto),4.76,"O texto do comando 'edit-in-kitty' é uma string constante definida no código, não sendo influenciado por entrada externa. A função `exec.Command` está sendo usada para executar um comando interno e predefinido pelo desenvolvedor, não para gerar ou executar comandos dinâmicos baseados em entradas do usuário.",17,especifica,especialista:d1145f8b,a81b6f5ca3a4f70c2cdbca1436fd138ccc84976ee981aa1726e3dff9ae4e4311,1204,95,0.00000000
191ea16c:CWE-94:false_positive#9,kovidgoyal/kitty,CWE-94,FP,ollama:qwen2.5-coder:7b,especialista,seguro,DETECTADO,Semgrep FP (ruído sobre código seguro),FP,Verdadeiro Negativo (Acerto),3.96,"O texto do comando é constante e não provém de entrada externa. A função `exec.Command` está sendo usada para executar um pager (como kitty) com argumentos fixos, não com dados interpolados ou controlados por usuários.",17,especifica,especialista:d1145f8b,a81b6f5ca3a4f70c2cdbca1436fd138ccc84976ee981aa1726e3dff9ae4e4311,857,70,0.00000000
191ea16c:CWE-94:false_positive#10,kovidgoyal/kitty,CWE-94,FP,ollama:qwen2.5-coder:7b,especialista,seguro,DETECTADO,Semgrep FP (ruído sobre código seguro),FP,Verdadeiro Negativo (Acerto),4.32,"O texto do comando não provém de entrada externa. A função `exec.Command` é usada para criar um novo processo, mas o comando a ser executado ('edit-in-kitty') é uma string constante e não vem da entrada do usuário.",17,especifica,especialista:d1145f8b,a81b6f5ca3a4f70c2cdbca1436fd138ccc84976ee981aa1726e3dff9ae4e4311,1281,70,0.00000000
191ea16c:CWE-94:false_positive#11,kovidgoyal/kitty,CWE-94,FP,ollama:qwen2.5-coder:7b,especialista,seguro,DETECTADO,Semgrep FP (ruído sobre código seguro),FP,Verdadeiro Negativo (Acerto),4.61,"O texto do comando é construído a partir de uma entrada externa, mas não contém ações {{...}} que permitiriam injeção de código. O comando é executado com base em um caminho fornecido pelo usuário, mas o conteúdo do comando (como 'python' ou 'python3') é fixo no código e não vem da entrada externa.",17,especifica,especialista:d1145f8b,a81b6f5ca3a4f70c2cdbca1436fd138ccc84976ee981aa1726e3dff9ae4e4311,999,97,0.00000000
191ea16c:CWE-94:false_positive#12,kovidgoyal/kitty,CWE-94,FP,ollama:qwen2.5-coder:7b,especialista,seguro,DETECTADO,Semgrep FP (ruído sobre código seguro),FP,Verdadeiro Negativo (Acerto),5.51,"O texto do comando é construído a partir de uma entrada externa, o que pode levar à injeção de código. No entanto, no contexto fornecido, a função `ExecAndHoldTillEnter` espera um array de strings (`cmdline`) que representa os argumentos de um comando a ser executado. Esses argumentos são passados diretamente para `exec.Command`, garantindo que não haja injeção de código porque cada elemento do array é tratado como um argumento separado e não como parte da lógica do comando em si.",17,especifica,especialista:d1145f8b,a81b6f5ca3a4f70c2cdbca1436fd138ccc84976ee981aa1726e3dff9ae4e4311,989,139,0.00000000
191ea16c:CWE-94:false_positive#13,kovidgoyal/kitty,CWE-94,FP,ollama:qwen2.5-coder:7b,especialista,seguro,DETECTADO,Semgrep FP (ruído sobre código seguro),FP,Verdadeiro Negativo (Acerto),5.87,"O texto do comando é construído a partir de uma entrada externa, mas não contém código de template. A função `exec.Command` espera um slice de strings onde cada elemento é um argumento separado do comando. Neste caso, o primeiro elemento (`cmd[0]`) é o nome do executável e os elementos subsequentes (`cmd[1:]...`) são os argumentos passados para esse executável. Como não há código de template ou qualquer outra forma de injeção de código dentro da chamada a `exec.Command`, este não constitui uma vulnerabilidade de injeção de código.",17,especifica,especialista:d1145f8b,a81b6f5ca3a4f70c2cdbca1436fd138ccc84976ee981aa1726e3dff9ae4e4311,1163,145,0.00000000
191ea16c:CWE-94:false_positive#14,kovidgoyal/kitty,CWE-94,FP,ollama:qwen2.5-coder:7b,especialista,seguro,DETECTADO,Semgrep FP (ruído sobre código seguro),FP,Verdadeiro Negativo (Acerto),4.10,"O texto do comando é constante e não provém de entrada externa. A função `exec.Command` está sendo usada para executar um comando shell que sempre retorna o valor da variável de ambiente `$ZDOTDIR`, sem permitir a injeção de código malicioso.",17,especifica,especialista:d1145f8b,a81b6f5ca3a4f70c2cdbca1436fd138ccc84976ee981aa1726e3dff9ae4e4311,904,77,0.00000000
191ea16c:CWE-94:false_positive#15,kovidgoyal/kitty,CWE-94,FP,ollama:qwen2.5-coder:7b,especialista,seguro,DETECTADO,Semgrep FP (ruído sobre código seguro),FP,Verdadeiro Negativo (Acerto),4.26,"O texto do comando é constante e não provém de entrada externa. A função `tmux_command` constrói um comando para ser executado por meio da API `exec.Command`, mas o texto do comando (`TmuxExe()`) é uma constante definida no código, não uma entrada fornecida pelo usuário.",17,especifica,especialista:d1145f8b,a81b6f5ca3a4f70c2cdbca1436fd138ccc84976ee981aa1726e3dff9ae4e4311,846,86,0.00000000
191ea16c:CWE-94:false_positive#16,kovidgoyal/kitty,CWE-94,FP,ollama:qwen2.5-coder:7b,especialista,seguro,DETECTADO,Semgrep FP (ruído sobre código seguro),FP,Verdadeiro Negativo (Acerto),5.43,"O texto do comando é construído a partir de uma entrada externa, mas não contém partes que possam ser interpretadas como código. A função `exec.Command` espera um slice de strings onde cada elemento é um argumento separado do comando. Neste caso, o primeiro elemento (`cmd[0]`) é o nome do executável e os elementos subsequentes são os argumentos passados para ele. Como não há partes que possam ser interpretadas como código (como {{...}} em templates), este não constitui uma vulnerabilidade de injeção de código.",17,especifica,especialista:d1145f8b,a81b6f5ca3a4f70c2cdbca1436fd138ccc84976ee981aa1726e3dff9ae4e4311,961,137,0.00000000
7b8705a7:CWE-338:false_positive,kubewarden/kubewarden-controller,CWE-338,FP,ollama:qwen2.5-coder:7b,especialista,seguro,DETECTADO,Semgrep FP (ruído sobre código seguro),FP,Verdadeiro Negativo (Acerto),5.68,"O uso de `math/rand` neste contexto não constitui uma vulnerabilidade real. A função `rand.Intn(256)` é usada para gerar números aleatórios que serão convertidos em um valor hexadecimal, provavelmente para fins de geração de tokens ou IDs únicos. Como este código está sendo usado dentro de testes e não em produção, a imprevisibilidade dos valores gerados não é uma preocupação significativa. Além disso, o contexto do uso (geração de tokens) não requer a mesma imprevisibilidade que operações como geração de chaves criptográficas.",1,especifica,especialista:d1145f8b,a81b6f5ca3a4f70c2cdbca1436fd138ccc84976ee981aa1726e3dff9ae4e4311,988,147,0.00000000
53d08d80:CWE-319:false_positive,kyverno/kyverno,CWE-319,FP,ollama:qwen2.5-coder:7b,especialista,seguro,DETECTADO,Semgrep FP (ruído sobre código seguro),FP,Verdadeiro Negativo (Acerto),4.74,"O código desabilita a verificação de certificados TLS/SSL apenas para fins de depuração, conforme indicado no comentário 'nolint:gosec'. Isso não constitui uma vulnerabilidade real porque é um comportamento intencional e controlado. A desativação da verificação de certificados só deve ser usada em ambientes de desenvolvimento ou teste, onde a segurança não é um problema crítico.",1,especifica,especialista:d1145f8b,a81b6f5ca3a4f70c2cdbca1436fd138ccc84976ee981aa1726e3dff9ae4e4311,873,108,0.00000000
53d08d80:CWE-327:false_positive,kyverno/kyverno,CWE-327,FP,ollama:qwen2.5-coder:7b,especialista,seguro,DETECTADO,Semgrep FP (ruído sobre código seguro),FP,Verdadeiro Negativo (Acerto),5.29,"O código em questão configura uma conexão TLS com a opção `InsecureSkipVerify: true`, o que desativa a verificação de certificados SSL/TLS. No entanto, isso não é relacionado diretamente à utilização de algoritmos criptográficos como MD5 ou SHA1. O alerta menciona a falta da configuração mínima de versão TLS (`MinVersion`), mas o código em questão não está utilizando esses algoritmos. Portanto, este alerta é um FALSO POSITIVO.",1,especifica,especialista:d1145f8b,a81b6f5ca3a4f70c2cdbca1436fd138ccc84976ee981aa1726e3dff9ae4e4311,879,133,0.00000000
53d08d80:CWE-328:false_positive,kyverno/kyverno,CWE-328,FP,ollama:qwen2.5-coder:7b,especialista,seguro,DETECTADO,Semgrep FP (ruído sobre código seguro),FP,Verdadeiro Negativo (Acerto),4.36,"A função SHA-1 é usada em um contexto que não requer segurança criptográfica, mas sim uma operação de hash para identificação ou verificação de conteúdo. Como a ferramenta de análise estática não considera o contexto do uso da API, ela classifica incorretamente esta implementação como uma fraqueza.",3,especifica,especialista:d1145f8b,a81b6f5ca3a4f70c2cdbca1436fd138ccc84976ee981aa1726e3dff9ae4e4311,970,87,0.00000000
53d08d80:CWE-328:false_positive#1,kyverno/kyverno,CWE-328,FP,ollama:qwen2.5-coder:7b,especialista,seguro,DETECTADO,Semgrep FP (ruído sobre código seguro),FP,Verdadeiro Negativo (Acerto),4.68,"A função MD5 é usada aqui para calcular um hash de recurso, não para armazenar senhas ou outros dados sensíveis. O contexto desta utilização é para integridade e identificação de conteúdo, onde a resistência a colisão é o requisito principal. MD5, embora considerado inseguro para uso em senhas, ainda é adequado nesta situação.",3,especifica,especialista:d1145f8b,a81b6f5ca3a4f70c2cdbca1436fd138ccc84976ee981aa1726e3dff9ae4e4311,999,99,0.00000000
53d08d80:CWE-328:false_positive#2,kyverno/kyverno,CWE-328,FP,ollama:qwen2.5-coder:7b,especialista,seguro,DETECTADO,Semgrep FP (ruído sobre código seguro),FP,Verdadeiro Negativo (Acerto),5.49,"O uso do algoritmo MD5 neste contexto não constitui uma vulnerabilidade real. O código está sendo usado para gerar hashes de regras, que são então armazenados em conjuntos (sets) para fins de comparação e verificação. Não há evidências de que esses hashes sejam usados como senhas ou segredos que exigiriam KDF com sal e custo. Além disso, o uso do MD5 aqui não está relacionado à integridade de arquivo, endereçamento de conteúdo ou checksum.",3,especifica,especialista:d1145f8b,a81b6f5ca3a4f70c2cdbca1436fd138ccc84976ee981aa1726e3dff9ae4e4311,1113,133,0.00000000
53d08d80:CWE-665:false_positive,kyverno/kyverno,CWE-665,FP,ollama:qwen2.5-coder:7b,especialista,seguro,DETECTADO,Semgrep FP (ruído sobre código seguro),FP,Verdadeiro Negativo (Acerto),5.36,"O código não apresenta uma vulnerabilidade real. A variável `new` é usada apenas para armazenar o resultado da chamada à função de atualização do status, que retorna um objeto atualizado e um erro. O valor de `new` é verificado no bloco `if err != nil`, garantindo que não haja uma referência nula (nil dereference). Além disso, a variável `new` não é usada em qualquer outra parte do código após essa verificação.",3,especifica,especialista:d1145f8b,a81b6f5ca3a4f70c2cdbca1436fd138ccc84976ee981aa1726e3dff9ae4e4311,1110,123,0.00000000
53d08d80:CWE-665:false_positive#1,kyverno/kyverno,CWE-665,FP,ollama:qwen2.5-coder:7b,especialista,seguro,DETECTADO,Semgrep FP (ruído sobre código seguro),FP,Verdadeiro Negativo (Acerto),5.17,"A variável `preprocessedYaml` é inicializada corretamente antes de ser usada. Ela é preenchida pelo resultado da função `preProcessStrategicMergePatch`, que deve garantir a sua inicialização adequada. O uso posterior de `preprocessedYaml.UnmarshalJSON([]byte(`{}`))` em caso de erro não constitui uma vulnerabilidade, pois o valor zero de um struct literal (neste caso, `{}`) é seguro e previsível.",3,especifica,especialista:d1145f8b,a81b6f5ca3a4f70c2cdbca1436fd138ccc84976ee981aa1726e3dff9ae4e4311,1014,119,0.00000000
53d08d80:CWE-665:false_positive#2,kyverno/kyverno,CWE-665,FP,ollama:qwen2.5-coder:7b,especialista,seguro,DETECTADO,Semgrep FP (ruído sobre código seguro),FP,Verdadeiro Negativo (Acerto),5.96,"O alerta indica que a variável `targetDesc` pode ser modificada e usada posteriormente em caso de erro, o que poderia resultar em um desreferenciamento nulo. No entanto, no contexto fornecido, isso não constitui uma vulnerabilidade real porque `targetDesc` é inicializado corretamente antes de ser usado. A função `verifyAttestators` retorna um valor válido para `targetDesc`, e a verificação de erros subsequente garante que o código continue apenas se `targetDesc` for válido.",3,especifica,especialista:d1145f8b,a81b6f5ca3a4f70c2cdbca1436fd138ccc84976ee981aa1726e3dff9ae4e4311,1498,133,0.00000000
53d08d80:CWE-79:false_positive,kyverno/kyverno,CWE-79,FP,ollama:qwen2.5-coder:7b,especialista,seguro,DETECTADO,Semgrep FP (ruído sobre código seguro),FP,Verdadeiro Negativo (Acerto),4.26,"O código não está incorporando dados do usuário diretamente na saída HTML sem escape apropriado. Em vez disso, ele usa o pacote `text/template` para renderizar conteúdo de texto, que não é sujeito à injeção de script XSS.",7,especifica,especialista:d1145f8b,a81b6f5ca3a4f70c2cdbca1436fd138ccc84976ee981aa1726e3dff9ae4e4311,1165,73,0.00000000
53d08d80:CWE-79:false_positive#1,kyverno/kyverno,CWE-79,FP,ollama:qwen2.5-coder:7b,especialista,seguro,DETECTADO,Semgrep FP (ruído sobre código seguro),FP,Verdadeiro Negativo (Acerto),3.85,"O código não está incorporando dados do usuário diretamente na saída HTML sem escape apropriado. Em vez disso, ele usa o pacote `html/template` para renderizar conteúdo HTML de forma segura.",7,especifica,especialista:d1145f8b,a81b6f5ca3a4f70c2cdbca1436fd138ccc84976ee981aa1726e3dff9ae4e4311,1108,62,0.00000000
53d08d80:CWE-79:false_positive#2,kyverno/kyverno,CWE-79,FP,ollama:qwen2.5-coder:7b,especialista,seguro,DETECTADO,Semgrep FP (ruído sobre código seguro),FP,Verdadeiro Negativo (Acerto),3.80,"O código não está incorporando dados do usuário diretamente na saída HTML sem escape apropriado. Em vez disso, ele usa o pacote `text/template` para gerar conteúdo HTML seguro.",7,especifica,especialista:d1145f8b,a81b6f5ca3a4f70c2cdbca1436fd138ccc84976ee981aa1726e3dff9ae4e4311,1117,59,0.00000000
53d08d80:CWE-79:false_positive#3,kyverno/kyverno,CWE-79,FP,ollama:qwen2.5-coder:7b,especialista,seguro,DETECTADO,Semgrep FP (ruído sobre código seguro),FP,Verdadeiro Negativo (Acerto),4.18,"O código não está incorporando dados do usuário diretamente na saída HTML sem escape apropriado. Em vez disso, ele usa o pacote `text/template` para renderizar um template de texto, que não é sujeito à injeção de script XSS.",7,especifica,especialista:d1145f8b,a81b6f5ca3a4f70c2cdbca1436fd138ccc84976ee981aa1726e3dff9ae4e4311,1192,74,0.00000000
53d08d80:CWE-79:false_positive#4,kyverno/kyverno,CWE-79,FP,ollama:qwen2.5-coder:7b,especialista,seguro,DETECTADO,Semgrep FP (ruído sobre código seguro),FP,Verdadeiro Negativo (Acerto),4.83,"O código não está incorporando dados do usuário diretamente na saída HTML sem escape apropriado. A variável `templates.ValuesTemplate` é uma constante estática definida no pacote `templates`, e não contém entrada externa que possa ser controlada pelo usuário. Portanto, o uso de `text/template` neste contexto não constitui vulnerabilidade para Cross-Site Scripting (XSS).",7,especifica,especialista:d1145f8b,a81b6f5ca3a4f70c2cdbca1436fd138ccc84976ee981aa1726e3dff9ae4e4311,1195,104,0.00000000
53d08d80:CWE-79:false_positive#5,kyverno/kyverno,CWE-79,FP,ollama:qwen2.5-coder:7b,especialista,seguro,DETECTADO,Semgrep FP (ruído sobre código seguro),FP,Verdadeiro Negativo (Acerto),4.18,"O código não envolve a renderização de conteúdo gerado pelo usuário, então não há risco de injeção de script. A constante `resourceTpl` é usada apenas para definir uma string de template e não é incorporada em nenhuma saída HTML.",7,especifica,especialista:d1145f8b,a81b6f5ca3a4f70c2cdbca1436fd138ccc84976ee981aa1726e3dff9ae4e4311,1163,75,0.00000000
53d08d80:CWE-79:false_positive#6,kyverno/kyverno,CWE-79,FP,ollama:qwen2.5-coder:7b,especialista,seguro,DETECTADO,Semgrep FP (ruído sobre código seguro),FP,Verdadeiro Negativo (Acerto),4.49,"O código não está diretamente escrevendo dados de entrada do usuário em um http.ResponseWriter sem escape. Em vez disso, ele serializa a resposta JSON usando json.Marshal e depois escreve essa representação JSON no writer. O json.Marshal já realiza o escape necessário para evitar XSS.",7,especifica,especialista:d1145f8b,a81b6f5ca3a4f70c2cdbca1436fd138ccc84976ee981aa1726e3dff9ae4e4311,1329,75,0.00000000
5f42a0ba:CWE-319:false_positive,kyverno/kyverno,CWE-319,FP,ollama:qwen2.5-coder:7b,especialista,seguro,DETECTADO,Semgrep FP (ruído sobre código seguro),FP,Verdadeiro Negativo (Acerto),4.38,"O código desabilita a verificação de certificados TLS/SSL apenas para fins de depuração, conforme indicado no comentário 'nolint:gosec'. Isso não constitui uma vulnerabilidade real porque o objetivo é permitir conexões seguras em ambientes de desenvolvimento ou teste. A desativação da verificação de certificados deve ser revertida em produção.",1,especifica,especialista:d1145f8b,a81b6f5ca3a4f70c2cdbca1436fd138ccc84976ee981aa1726e3dff9ae4e4311,873,97,0.00000000
5f42a0ba:CWE-327:false_positive,kyverno/kyverno,CWE-327,FP,ollama:qwen2.5-coder:7b,especialista,seguro,DETECTADO,Semgrep FP (ruído sobre código seguro),FP,Verdadeiro Negativo (Acerto),5.09,"O código em questão configura uma conexão TLS com a opção `InsecureSkipVerify: true`, o que desativa a verificação de certificados SSL/TLS. No entanto, isso não é relacionado diretamente à utilização de algoritmos criptográficos como MD5 ou SHA1, e sim à segurança da comunicação em geral. A falta de configuração do `MinVersion` para TLS 1.3 neste contexto não constitui uma vulnerabilidade específica relacionada a algoritmos criptográficos fracos.",1,especifica,especialista:d1145f8b,a81b6f5ca3a4f70c2cdbca1436fd138ccc84976ee981aa1726e3dff9ae4e4311,879,131,0.00000000
5f42a0ba:CWE-328:false_positive,kyverno/kyverno,CWE-328,FP,ollama:qwen2.5-coder:7b,especialista,seguro,DETECTADO,Semgrep FP (ruído sobre código seguro),FP,Verdadeiro Negativo (Acerto),4.35,"A função SHA-1 é usada em um contexto que não requer segurança criptográfica, mas sim uma operação de hash para identificação ou verificação de conteúdo. Como a ferramenta de análise estática não considera o contexto do uso da API, ela classifica incorretamente esta implementação como uma fraqueza.",3,especifica,especialista:d1145f8b,a81b6f5ca3a4f70c2cdbca1436fd138ccc84976ee981aa1726e3dff9ae4e4311,970,87,0.00000000
5f42a0ba:CWE-328:false_positive#1,kyverno/kyverno,CWE-328,FP,ollama:qwen2.5-coder:7b,especialista,seguro,DETECTADO,Semgrep FP (ruído sobre código seguro),FP,Verdadeiro Negativo (Acerto),4.65,"A função MD5 é usada aqui para calcular um hash de recurso, não para armazenar senhas ou outros dados sensíveis. O contexto desta utilização é para integridade e identificação de conteúdo, onde a resistência a colisão é o requisito principal. MD5, embora considerado inseguro para uso em senhas, ainda é adequado nesta situação.",3,especifica,especialista:d1145f8b,a81b6f5ca3a4f70c2cdbca1436fd138ccc84976ee981aa1726e3dff9ae4e4311,999,99,0.00000000
5f42a0ba:CWE-328:false_positive#2,kyverno/kyverno,CWE-328,FP,ollama:qwen2.5-coder:7b,especialista,seguro,DETECTADO,Semgrep FP (ruído sobre código seguro),FP,Verdadeiro Negativo (Acerto),5.18,"O uso do algoritmo MD5 neste contexto não constitui uma vulnerabilidade real. O código está sendo usado para gerar hashes de regras, que são então armazenadas em conjuntos (sets) para fins de comparação e verificação. A fragilidade do algoritmo MD5 não é relevante nesta situação porque os hashes estão sendo usados como chaves em um conjunto, onde a principal preocupação é a unicidade dos valores, não sua resistência à colisão.",3,especifica,especialista:d1145f8b,a81b6f5ca3a4f70c2cdbca1436fd138ccc84976ee981aa1726e3dff9ae4e4311,1098,122,0.00000000
5f42a0ba:CWE-665:false_positive,kyverno/kyverno,CWE-665,FP,ollama:qwen2.5-coder:7b,especialista,seguro,DETECTADO,Semgrep FP (ruído sobre código seguro),FP,Verdadeiro Negativo (Acerto),5.15,"A variável `preprocessedYaml` é inicializada corretamente antes de ser usada. Ela é preenchida pelo resultado da função `preProcessStrategicMergePatch`, que deve garantir a sua inicialização adequada. O uso posterior de `preprocessedYaml.UnmarshalJSON([]byte(`{}`))` em caso de erro não constitui uma vulnerabilidade, pois o valor zero de um struct literal (neste caso, `{}`) é seguro e previsível.",2,especifica,especialista:d1145f8b,a81b6f5ca3a4f70c2cdbca1436fd138ccc84976ee981aa1726e3dff9ae4e4311,1014,119,0.00000000
5f42a0ba:CWE-665:false_positive#1,kyverno/kyverno,CWE-665,FP,ollama:qwen2.5-coder:7b,especialista,seguro,DETECTADO,Semgrep FP (ruído sobre código seguro),FP,Verdadeiro Negativo (Acerto),5.88,"O alerta indica que a variável `targetDesc` pode ser modificada e usada posteriormente em caso de erro, o que poderia resultar em um desreferenciamento nulo. No entanto, no contexto fornecido, isso não constitui uma vulnerabilidade real porque `targetDesc` é inicializado corretamente antes de ser usado. A função `verifyAttestators` retorna um valor válido para `targetDesc`, e a verificação de erros subsequente garante que o código continue apenas se `targetDesc` for válido.",2,especifica,especialista:d1145f8b,a81b6f5ca3a4f70c2cdbca1436fd138ccc84976ee981aa1726e3dff9ae4e4311,1498,133,0.00000000
5f42a0ba:CWE-79:false_positive,kyverno/kyverno,CWE-79,FP,ollama:qwen2.5-coder:7b,especialista,seguro,DETECTADO,Semgrep FP (ruído sobre código seguro),FP,Verdadeiro Negativo (Acerto),4.25,"O código não está incorporando dados do usuário diretamente na saída HTML sem escape apropriado. Em vez disso, ele usa o pacote `text/template` para renderizar conteúdo de texto, que não é sujeito à injeção de script XSS.",7,especifica,especialista:d1145f8b,a81b6f5ca3a4f70c2cdbca1436fd138ccc84976ee981aa1726e3dff9ae4e4311,1165,73,0.00000000
5f42a0ba:CWE-79:false_positive#1,kyverno/kyverno,CWE-79,FP,ollama:qwen2.5-coder:7b,especialista,seguro,DETECTADO,Semgrep FP (ruído sobre código seguro),FP,Verdadeiro Negativo (Acerto),3.84,"O código não está incorporando dados do usuário diretamente na saída HTML sem escape apropriado. Em vez disso, ele usa o pacote `html/template` para renderizar conteúdo HTML de forma segura.",7,especifica,especialista:d1145f8b,a81b6f5ca3a4f70c2cdbca1436fd138ccc84976ee981aa1726e3dff9ae4e4311,1108,62,0.00000000
5f42a0ba:CWE-79:false_positive#2,kyverno/kyverno,CWE-79,FP,ollama:qwen2.5-coder:7b,especialista,seguro,DETECTADO,Semgrep FP (ruído sobre código seguro),FP,Verdadeiro Negativo (Acerto),3.79,"O código não está incorporando dados do usuário diretamente na saída HTML sem escape apropriado. Em vez disso, ele usa o pacote `text/template` para gerar conteúdo HTML seguro.",7,especifica,especialista:d1145f8b,a81b6f5ca3a4f70c2cdbca1436fd138ccc84976ee981aa1726e3dff9ae4e4311,1117,59,0.00000000
5f42a0ba:CWE-79:false_positive#3,kyverno/kyverno,CWE-79,FP,ollama:qwen2.5-coder:7b,especialista,seguro,DETECTADO,Semgrep FP (ruído sobre código seguro),FP,Verdadeiro Negativo (Acerto),4.20,"O código não está incorporando dados do usuário diretamente na saída HTML sem escape apropriado. Em vez disso, ele usa o pacote `text/template` para renderizar um template de texto, que não é sujeito à injeção de script XSS.",7,especifica,especialista:d1145f8b,a81b6f5ca3a4f70c2cdbca1436fd138ccc84976ee981aa1726e3dff9ae4e4311,1192,74,0.00000000
5f42a0ba:CWE-79:false_positive#4,kyverno/kyverno,CWE-79,FP,ollama:qwen2.5-coder:7b,especialista,seguro,DETECTADO,Semgrep FP (ruído sobre código seguro),FP,Verdadeiro Negativo (Acerto),4.82,"O código não está incorporando dados do usuário diretamente na saída HTML sem escape apropriado. A variável `templates.ValuesTemplate` é uma constante estática definida no pacote `templates`, e não contém entrada externa que possa ser controlada pelo usuário. Portanto, o uso de `text/template` neste contexto não constitui vulnerabilidade para Cross-Site Scripting (XSS).",7,especifica,especialista:d1145f8b,a81b6f5ca3a4f70c2cdbca1436fd138ccc84976ee981aa1726e3dff9ae4e4311,1195,104,0.00000000
5f42a0ba:CWE-79:false_positive#5,kyverno/kyverno,CWE-79,FP,ollama:qwen2.5-coder:7b,especialista,seguro,DETECTADO,Semgrep FP (ruído sobre código seguro),FP,Verdadeiro Negativo (Acerto),4.19,"O código não envolve a renderização de conteúdo gerado pelo usuário, então não há risco de injeção de script. A constante `resourceTpl` é usada apenas para definir uma string de template e não é incorporada em nenhuma saída HTML.",7,especifica,especialista:d1145f8b,a81b6f5ca3a4f70c2cdbca1436fd138ccc84976ee981aa1726e3dff9ae4e4311,1163,75,0.00000000
5f42a0ba:CWE-79:false_positive#6,kyverno/kyverno,CWE-79,FP,ollama:qwen2.5-coder:7b,especialista,seguro,DETECTADO,Semgrep FP (ruído sobre código seguro),FP,Verdadeiro Negativo (Acerto),4.40,"O código não está diretamente escrevendo dados de entrada do usuário em um http.ResponseWriter sem escape. Em vez disso, ele serializa a resposta JSON usando json.Marshal e depois escreve essa representação JSON no writer. O json.Marshal já realiza o escape necessário para evitar XSS.",7,especifica,especialista:d1145f8b,a81b6f5ca3a4f70c2cdbca1436fd138ccc84976ee981aa1726e3dff9ae4e4311,1329,75,0.00000000
c2b310d3:CWE-1004:false_positive,lxc/incus,CWE-1004,FP,ollama:qwen2.5-coder:7b,especialista,seguro,DETECTADO,Semgrep FP (ruído sobre código seguro),FP,Verdadeiro Negativo (Acerto),4.55,"O cookie 'oidc_access' é usado para armazenar o token de acesso do OIDC, que não precisa ser acessível a scripts do lado do cliente. O uso de HttpOnly=false neste contexto é intencional e correta.",1,especifica,especialista:d1145f8b,a81b6f5ca3a4f70c2cdbca1436fd138ccc84976ee981aa1726e3dff9ae4e4311,1661,67,0.00000000
c2b310d3:CWE-115:false_positive,lxc/incus,CWE-115,FP,ollama:qwen2.5-coder:7b,especialista,seguro,DETECTADO,Semgrep FP (ruído sobre código seguro),FP,Verdadeiro Negativo (Acerto),4.98,"O código não está utilizando a função `ReverseProxy.Director` de forma que possa remover cabeçalhos adicionados por outra função. A função `Director` é usada para modificar o pedido antes de ser encaminhado, mas neste caso, ela não está sendo chamada com uma função que remova cabeçalhos. Portanto, este código não constitui uma vulnerabilidade.",2,especifica,especialista:d1145f8b,a81b6f5ca3a4f70c2cdbca1436fd138ccc84976ee981aa1726e3dff9ae4e4311,1375,99,0.00000000
c2b310d3:CWE-115:false_positive#1,lxc/incus,CWE-115,FP,ollama:qwen2.5-coder:7b,especialista,seguro,DETECTADO,Semgrep FP (ruído sobre código seguro),FP,Verdadeiro Negativo (Acerto),5.03,"O código não apresenta uma vulnerabilidade devido à interpretação incorreta de entrada. A função `Director` do `httputil.ReverseProxy` está sendo usada corretamente para reescrever a URL da solicitação, adicionando o esquema 'http' e o host 'incus-os'. Não há evidências de que esta abordagem possa levar à interpretação incorreta de entrada ou a qualquer outra vulnerabilidade relacionada.",2,especifica,especialista:d1145f8b,a81b6f5ca3a4f70c2cdbca1436fd138ccc84976ee981aa1726e3dff9ae4e4311,1007,116,0.00000000
c2b310d3:CWE-319:false_positive,lxc/incus,CWE-319,FP,ollama:qwen2.5-coder:7b,especialista,seguro,DETECTADO,Semgrep FP (ruído sobre código seguro),FP,Verdadeiro Negativo (Acerto),3.81,"O código utiliza 'wss://' quando o esquema da URL base é 'https', garantindo que a conexão WebSocket seja segura. Portanto, não há transmissão de informações sensíveis em texto claro.",7,especifica,especialista:d1145f8b,a81b6f5ca3a4f70c2cdbca1436fd138ccc84976ee981aa1726e3dff9ae4e4311,896,62,0.00000000
c2b310d3:CWE-319:false_positive#1,lxc/incus,CWE-319,FP,ollama:qwen2.5-coder:7b,especialista,seguro,DETECTADO,Semgrep FP (ruído sobre código seguro),FP,Verdadeiro Negativo (Acerto),4.28,"O código desabilita a verificação de certificados TLS (`InsecureSkipVerify: true`) apenas para fins de depuração, conforme indicado no alerta. No entanto, o uso do protocolo `https` em `uri.Scheme ==",7,especifica,especialista:d1145f8b,a81b6f5ca3a4f70c2cdbca1436fd138ccc84976ee981aa1726e3dff9ae4e4311,1117,72,0.00000000
c2b310d3:CWE-319:false_positive#2,lxc/incus,CWE-319,FP,ollama:qwen2.5-coder:7b,especialista,seguro,DETECTADO,Semgrep FP (ruído sobre código seguro),FP,Verdadeiro Negativo (Acerto),4.88,"O código não desabilita a verificação de certificados TLS/SSL. Em vez disso, ele configura uma verificação de certificado personalizada usando `tls.Config` com `InsecureSkipVerify: true`. Isso é feito para fins de depuração e não constitui uma vulnerabilidade real.",7,especifica,especialista:d1145f8b,a81b6f5ca3a4f70c2cdbca1436fd138ccc84976ee981aa1726e3dff9ae4e4311,1704,83,0.00000000
c2b310d3:CWE-319:false_positive#3,lxc/incus,CWE-319,FP,ollama:qwen2.5-coder:7b,especialista,seguro,DETECTADO,Semgrep FP (ruído sobre código seguro),FP,Verdadeiro Negativo (Acerto),5.73,"O código não desabilita a verificação de certificados TLS/SSL. Em vez disso, ele configura uma verificação de certificado personalizada que inclui a verificação do certificado do servidor e o uso de um pool de certificados CA. A linha em questão (linha 67) faz referência à função `InsecureSkipVerify`, mas isso é configurado como `false` no código fornecido, indicando que a verificação de certificado está ativada.",7,especifica,especialista:d1145f8b,a81b6f5ca3a4f70c2cdbca1436fd138ccc84976ee981aa1726e3dff9ae4e4311,1751,120,0.00000000
c2b310d3:CWE-319:false_positive#4,lxc/incus,CWE-319,FP,ollama:qwen2.5-coder:7b,especialista,seguro,DETECTADO,Semgrep FP (ruído sobre código seguro),FP,Verdadeiro Negativo (Acerto),5.67,"O código não desabilita a verificação de certificados TLS/SSL. Em vez disso, ele configura uma verificação personalizada dos certificados do servidor usando `tls.Config` com `VerifyPeerCertificate`. Isso garante que o cliente verifique os certificados do servidor contra um conjunto de certificados de autoridade confiáveis (`clientCAPool`). Portanto, a transmissão não ocorre em texto claro e não constitui uma vulnerabilidade.",7,especifica,especialista:d1145f8b,a81b6f5ca3a4f70c2cdbca1436fd138ccc84976ee981aa1726e3dff9ae4e4311,1832,113,0.00000000
c2b310d3:CWE-319:false_positive#5,lxc/incus,CWE-319,FP,ollama:qwen2.5-coder:7b,especialista,seguro,DETECTADO,Semgrep FP (ruído sobre código seguro),FP,Verdadeiro Negativo (Acerto),5.66,"O código não está desabilitando a verificação de certificados TLS/SSL. Em vez disso, ele configura uma verificação de certificado personalizada usando `tls.Config` com `VerifyPeerCertificate`. Isso garante que o cliente verifique os certificados do servidor contra um conjunto de certificados de autoridade fornecido (`sslCACert`). Portanto, esta não é uma vulnerabilidade real.",7,especifica,especialista:d1145f8b,a81b6f5ca3a4f70c2cdbca1436fd138ccc84976ee981aa1726e3dff9ae4e4311,2073,103,0.00000000
c2b310d3:CWE-319:false_positive#6,lxc/incus,CWE-319,FP,ollama:qwen2.5-coder:7b,especialista,seguro,DETECTADO,Semgrep FP (ruído sobre código seguro),FP,Verdadeiro Negativo (Acerto),4.12,"O código desabilita a verificação de certificados TLS/SSL apenas para fins de depuração, conforme indicado na mensagem do alerta. Isso não constitui uma vulnerabilidade real porque o código ainda usa TLS para cifrar o tráfego em trânsito.",7,especifica,especialista:d1145f8b,a81b6f5ca3a4f70c2cdbca1436fd138ccc84976ee981aa1726e3dff9ae4e4311,896,76,0.00000000
c2b310d3:CWE-327:false_positive,lxc/incus,CWE-327,FP,ollama:qwen2.5-coder:7b,especialista,seguro,DETECTADO,Semgrep FP (ruído sobre código seguro),FP,Verdadeiro Negativo (Acerto),5.49,"O código não está utilizando o algoritmo MD5 nem SHA1, que são considerados inseguros. Em vez disso, ele configura uma conexão TLS com um `tls.Config` que inclui a verificação de certificados e a opção `InsecureSkipVerify` definida como `false`. Isso significa que o código está utilizando uma configuração segura para TLS 1.2 ou superior, conforme recomendado.",7,especifica,especialista:d1145f8b,a81b6f5ca3a4f70c2cdbca1436fd138ccc84976ee981aa1726e3dff9ae4e4311,1710,110,0.00000000
c2b310d3:CWE-327:false_positive#1,lxc/incus,CWE-327,FP,ollama:qwen2.5-coder:7b,especialista,seguro,DETECTADO,Semgrep FP (ruído sobre código seguro),FP,Verdadeiro Negativo (Acerto),6.56,"O alerta é um FALSO POSITIVO porque o código está configurando uma conexão TLS com a opção `InsecureSkipVerify` definida como `true`. Isso significa que a verificação do certificado do servidor não será realizada, o que pode ser considerado inseguro em ambientes de produção. No entanto, no contexto fornecido, onde o código está configurando uma conexão TLS com um cliente e um servidor, a ausência de `MinVersion` não constitui uma vulnerabilidade direta, pois o padrão é TLS 1.2, que já é considerado seguro para uso em aplicativos web gerais.",7,especifica,especialista:d1145f8b,a81b6f5ca3a4f70c2cdbca1436fd138ccc84976ee981aa1726e3dff9ae4e4311,1757,156,0.00000000
c2b310d3:CWE-327:false_positive#2,lxc/incus,CWE-327,FP,ollama:qwen2.5-coder:7b,especialista,seguro,DETECTADO,Semgrep FP (ruído sobre código seguro),FP,Verdadeiro Negativo (Acerto),7.01,"O alerta é um FALSO POSITIVO porque o código está configurando uma conexão TLS com a opção `InsecureSkipVerify` definida como `true`. Isso significa que a verificação do certificado do servidor não será realizada, o que pode ser considerado inseguro em ambientes de produção. No entanto, no contexto fornecido, parece que isso é intencional e necessário para estabelecer uma conexão segura com um servidor OVN que requer SSL/TLS. A função `VerifyPeerCertificate` também está presente, o que sugere que a verificação do certificado foi implementada de outra forma. Portanto, não há evidências suficientes para considerar isso como uma vulnerabilidade.",7,especifica,especialista:d1145f8b,a81b6f5ca3a4f70c2cdbca1436fd138ccc84976ee981aa1726e3dff9ae4e4311,1838,174,0.00000000
c2b310d3:CWE-327:false_positive#3,lxc/incus,CWE-327,FP,ollama:qwen2.5-coder:7b,especialista,seguro,DETECTADO,Semgrep FP (ruído sobre código seguro),FP,Verdadeiro Negativo (Acerto),7.34,"O alerta é um FALSO POSITIVO porque o código está configurando uma conexão TLS com a opção `InsecureSkipVerify` definida como `true`. Isso significa que a verificação do certificado do servidor não será realizada, o que pode ser considerado inseguro em ambientes de produção. No entanto, no contexto fornecido, onde o código está configurando uma conexão TLS para um cliente OVSDB, a ausência da configuração `MinVersion` não constitui uma vulnerabilidade real. A ausência de `MinVersion` apenas significa que a versão mínima do protocolo TLS será a padrão (TLS 1.2), o que é considerado seguro e recomendado para aplicativos de propósito geral.",7,especifica,especialista:d1145f8b,a81b6f5ca3a4f70c2cdbca1436fd138ccc84976ee981aa1726e3dff9ae4e4311,2079,179,0.00000000
c2b310d3:CWE-327:false_positive#4,lxc/incus,CWE-327,FP,ollama:qwen2.5-coder:7b,especialista,seguro,DETECTADO,Semgrep FP (ruído sobre código seguro),FP,Verdadeiro Negativo (Acerto),4.70,"O uso de TLS 1.2 como padrão em Go 1.22 é seguro para a maioria dos casos, especialmente para aplicações web genéricas que não precisam suportar clientes legados com navegadores inseguros. A configuração atual do código não apresenta vulnerabilidades conhecidas relacionadas à versão mínima do TLS.",7,especifica,especialista:d1145f8b,a81b6f5ca3a4f70c2cdbca1436fd138ccc84976ee981aa1726e3dff9ae4e4311,1155,95,0.00000000
c2b310d3:CWE-327:false_positive#5,lxc/incus,CWE-327,FP,ollama:qwen2.5-coder:7b,especialista,seguro,DETECTADO,Semgrep FP (ruído sobre código seguro),FP,Verdadeiro Negativo (Acerto),5.61,"O alerta é um FALSO POSITIVO porque o código está configurando uma conexão TLS com a versão mínima padrão do Go (TLS 1.2), que é considerada segura para aplicativos de propósito geral. O código não desativa outras versões de TLS, então não há necessidade de definir explicitamente `MinVersion: tls.VersionTLS13`. Além disso, o contexto deste código é a configuração de uma conexão TLS para um cliente Linstor, onde a segurança da comunicação é crucial.",7,especifica,especialista:d1145f8b,a81b6f5ca3a4f70c2cdbca1436fd138ccc84976ee981aa1726e3dff9ae4e4311,1293,133,0.00000000
c2b310d3:CWE-327:false_positive#6,lxc/incus,CWE-327,FP,ollama:qwen2.5-coder:7b,especialista,seguro,DETECTADO,Semgrep FP (ruído sobre código seguro),VP,Falso Positivo (Ruído Mantido),4.38,"O código configura a versão mínima do TLS para TLS 1.3 a menos que uma variável de ambiente indique o contrário. Isso é considerado uma prática recomendada para garantir a segurança das conexões, pois desativa protocolos mais antigos e vulneráveis como TLS 1.2 e TLS 1.0.",7,especifica,especialista:d1145f8b,a81b6f5ca3a4f70c2cdbca1436fd138ccc84976ee981aa1726e3dff9ae4e4311,899,90,0.00000000
c2b310d3:CWE-338:false_positive,lxc/incus,CWE-338,FP,ollama:qwen2.5-coder:7b,especialista,seguro,DETECTADO,Semgrep FP (ruído sobre código seguro),FP,Verdadeiro Negativo (Acerto),6.43,"O uso de `math/rand` neste contexto não constitui uma vulnerabilidade real. A função `rand.Intn(256)` é usada para gerar um número aleatório entre 0 e 255, que é então convertido em um byte. Este valor é usado para preencher um slice de bytes, que é então codificado em hexadecimal para formar o token de sessão. O contexto aqui não requer imprevisibilidade criptográfica, mas sim uma distribuição uniforme dos valores possíveis. Como `math/rand` é suficiente para este propósito e não há indicação de uso em um contexto onde a imprevisibilidade criptográfica seja necessária (como geração de tokens de segurança), este é considerado um FALSO POSITIVO.",11,especifica,especialista:d1145f8b,a81b6f5ca3a4f70c2cdbca1436fd138ccc84976ee981aa1726e3dff9ae4e4311,997,183,0.00000000
c2b310d3:CWE-338:false_positive#1,lxc/incus,CWE-338,FP,ollama:qwen2.5-coder:7b,especialista,seguro,DETECTADO,Semgrep FP (ruído sobre código seguro),FP,Verdadeiro Negativo (Acerto),6.06,"O uso de `math/rand` neste contexto não constitui uma vulnerabilidade real. A função `rand.Intn(256)` é usada para gerar um número aleatório entre 0 e 255, que é então convertido em um byte. Este valor é usado para preencher um slice de bytes, que é então codificado em hexadecimal para formar uma string. O contexto deste código não requer imprevisibilidade criptográfica, pois está sendo usado para gerar um identificador único (UUID) para uma instância do Incus. A sequência gerada por `math/rand` neste caso não é previsível e, portanto, não constitui uma vulnerabilidade.",11,especifica,especialista:d1145f8b,a81b6f5ca3a4f70c2cdbca1436fd138ccc84976ee981aa1726e3dff9ae4e4311,997,165,0.00000000
c2b310d3:CWE-338:false_positive#2,lxc/incus,CWE-338,FP,ollama:qwen2.5-coder:7b,especialista,seguro,DETECTADO,Semgrep FP (ruído sobre código seguro),FP,Verdadeiro Negativo (Acerto),4.05,"O uso de `math/rand` neste contexto não constitui uma vulnerabilidade real. A função `math/rand` é usada para gerar um jitter de backoff, que requer dispersão temporal em vez de imprevisibilidade criptográfica.",11,especifica,especialista:d1145f8b,a81b6f5ca3a4f70c2cdbca1436fd138ccc84976ee981aa1726e3dff9ae4e4311,1014,69,0.00000000
c2b310d3:CWE-338:false_positive#3,lxc/incus,CWE-338,FP,ollama:qwen2.5-coder:7b,especialista,seguro,DETECTADO,Semgrep FP (ruído sobre código seguro),FP,Verdadeiro Negativo (Acerto),5.91,"O uso de `math/rand` neste contexto não constitui uma vulnerabilidade real. A função `rand.Intn(256)` é usada para gerar um número aleatório entre 0 e 255, que é então convertido em um byte. Este valor é usado para preencher um slice de bytes, que é depois codificado em hexadecimal para formar o token de sessão. O contexto aqui não requer imprevisibilidade criptográfica, pois os tokens são usados internamente pelo sistema e não expostos diretamente aos usuários ou a terceiros. Portanto, o uso de `math/rand` neste caso é seguro.",11,especifica,especialista:d1145f8b,a81b6f5ca3a4f70c2cdbca1436fd138ccc84976ee981aa1726e3dff9ae4e4311,988,157,0.00000000
c2b310d3:CWE-338:false_positive#4,lxc/incus,CWE-338,FP,ollama:qwen2.5-coder:7b,especialista,seguro,DETECTADO,Semgrep FP (ruído sobre código seguro),FP,Verdadeiro Negativo (Acerto),4.82,"O uso de `math/rand` neste contexto não constitui uma vulnerabilidade real. A função `NotifyUpgradeCompleted` não gera tokens, senhas, IDs de sessão, nonces ou chaves que exigem imprevisibilidade criptográfica. Em vez disso, ela é usada para calcular um atraso com jitter, o que requer apenas dispersão temporal e não imprevisibilidade contra adversário.",11,especifica,especialista:d1145f8b,a81b6f5ca3a4f70c2cdbca1436fd138ccc84976ee981aa1726e3dff9ae4e4311,1024,106,0.00000000
c2b310d3:CWE-338:false_positive#5,lxc/incus,CWE-338,FP,ollama:qwen2.5-coder:7b,especialista,seguro,DETECTADO,Semgrep FP (ruído sobre código seguro),FP,Verdadeiro Negativo (Acerto),3.93,"O uso de `math/rand` neste contexto não constitui uma vulnerabilidade real. O código está sendo usado para calcular um jitter de backoff, que requer dispersão temporal em vez de imprevisibilidade criptográfica.",11,especifica,especialista:d1145f8b,a81b6f5ca3a4f70c2cdbca1436fd138ccc84976ee981aa1726e3dff9ae4e4311,975,64,0.00000000
c2b310d3:CWE-338:false_positive#6,lxc/incus,CWE-338,FP,ollama:qwen2.5-coder:7b,especialista,seguro,DETECTADO,Semgrep FP (ruído sobre código seguro),FP,Verdadeiro Negativo (Acerto),5.25,"O uso de `math/rand` neste contexto não constitui uma vulnerabilidade real. A função é usada para gerar um número aleatório entre 0 e 1, que é então multiplicado por 256 e convertido em um byte. Este valor é usado para preencher um slice de bytes, que é então codificado em hexadecimal para formar o token de sessão. O contexto aqui não requer imprevisibilidade criptográfica, apenas uma distribuição uniforme dos valores possíveis.",11,especifica,especialista:d1145f8b,a81b6f5ca3a4f70c2cdbca1436fd138ccc84976ee981aa1726e3dff9ae4e4311,1084,124,0.00000000
c2b310d3:CWE-338:false_positive#7,lxc/incus,CWE-338,FP,ollama:qwen2.5-coder:7b,especialista,seguro,DETECTADO,Semgrep FP (ruído sobre código seguro),FP,Verdadeiro Negativo (Acerto),6.36,"O uso de `math/rand` neste contexto não constitui uma vulnerabilidade real. A função `rand.Int31n(math.MaxUint16-1024)` está sendo usada para gerar um número aleatório entre 1024 e 65535, que é usado como o número de porta para um ouvinte vsock. Este uso não requer imprevisibilidade criptográfica, pois a função `math/rand` neste caso está sendo utilizada apenas para distribuir os portos aleatoriamente entre uma faixa específica e evitar conflitos com portas reservadas. O alerta é um FALSO POSITIVO porque o contexto em que a API é usada não exige imprevisibilidade criptográfica.",11,especifica,especialista:d1145f8b,a81b6f5ca3a4f70c2cdbca1436fd138ccc84976ee981aa1726e3dff9ae4e4311,1015,178,0.00000000
c2b310d3:CWE-338:false_positive#8,lxc/incus,CWE-338,FP,ollama:qwen2.5-coder:7b,especialista,seguro,DETECTADO,Semgrep FP (ruído sobre código seguro),FP,Verdadeiro Negativo (Acerto),4.65,"O uso de `math/rand` neste contexto não constitui uma vulnerabilidade real. O código está sendo usado para gerar um token de sessão, que requer imprevisibilidade e pede crypto/rand. No entanto, o alerta foi emitido por uma ferramenta de análise estática que não considerou o contexto específico em que a API é usada.",11,especifica,especialista:d1145f8b,a81b6f5ca3a4f70c2cdbca1436fd138ccc84976ee981aa1726e3dff9ae4e4311,1085,94,0.00000000
c2b310d3:CWE-338:false_positive#9,lxc/incus,CWE-338,FP,ollama:qwen2.5-coder:7b,especialista,seguro,DETECTADO,Semgrep FP (ruído sobre código seguro),FP,Verdadeiro Negativo (Acerto),3.98,"O uso de `math/rand` neste contexto não constitui uma vulnerabilidade real. A função `math/rand` é usada para calcular um jitter de backoff, que requer dispersão temporal em vez de imprevisibilidade criptográfica.",11,especifica,especialista:d1145f8b,a81b6f5ca3a4f70c2cdbca1436fd138ccc84976ee981aa1726e3dff9ae4e4311,1004,68,0.00000000
c2b310d3:CWE-338:false_positive#10,lxc/incus,CWE-338,FP,ollama:qwen2.5-coder:7b,especialista,seguro,DETECTADO,Semgrep FP (ruído sobre código seguro),FP,Verdadeiro Negativo (Acerto),4.45,"O uso de `math/rand` em `GetStableRandomGenerator` não constitui uma vulnerabilidade real porque o contexto do código não requer imprevisibilidade criptográfica. O gerador de números pseudoaleatórios usado aqui é estável e previsível, mas isso não compromete a segurança no caso específico deste código.",11,especifica,especialista:d1145f8b,a81b6f5ca3a4f70c2cdbca1436fd138ccc84976ee981aa1726e3dff9ae4e4311,1047,87,0.00000000
c2b310d3:CWE-352:false_positive,lxc/incus,CWE-352,FP,ollama:qwen2.5-coder:7b,especialista,seguro,DETECTADO,Semgrep FP (ruído sobre código seguro),FP,Verdadeiro Negativo (Acerto),5.45,"O código não está exposto a uma vulnerabilidade de Cross-Site Request Forgery (CSRF) porque ele não envia cookies de sessão com SameSite=NoneMode nem executa operações que alteram estado sem validar um token anti-CSRF. Além disso, o código verifica a origem da requisição através do cabeçalho 'Origin', conforme recomendado pela documentação do pacote gorilla/websocket.",5,especifica,especialista:d1145f8b,a81b6f5ca3a4f70c2cdbca1436fd138ccc84976ee981aa1726e3dff9ae4e4311,1152,106,0.00000000
c2b310d3:CWE-352:false_positive#1,lxc/incus,CWE-352,FP,ollama:qwen2.5-coder:7b,especialista,seguro,DETECTADO,Semgrep FP (ruído sobre código seguro),FP,Verdadeiro Negativo (Acerto),4.99,"O código não está vulnerável a CSRF porque ele não altera estado em resposta a uma requisição HTTP. Em vez disso, o código estabelece uma conexão WebSocket com base em um token de segredo fornecido pelo cliente. A verificação do cabeçalho 'Origin' é realizada pela biblioteca 'gorilla/websocket', que garante que a conexão WebSocket seja originada de um domínio confiável.",5,especifica,especialista:d1145f8b,a81b6f5ca3a4f70c2cdbca1436fd138ccc84976ee981aa1726e3dff9ae4e4311,1127,112,0.00000000
c2b310d3:CWE-352:false_positive#2,lxc/incus,CWE-352,FP,ollama:qwen2.5-coder:7b,especialista,seguro,DETECTADO,Semgrep FP (ruído sobre código seguro),FP,Verdadeiro Negativo (Acerto),4.92,O código não está exposto a Cross-Site Request Forgery (CSRF) porque ele não envia cookies de sessão com SameSite=NoneMode nem executa operações que alteram estado sem validar um token anti-CSRF. O alerta é uma falsa positiva porque o código em questão não contém as condições necessárias para a vulnerabilidade CSRF.,5,especifica,especialista:d1145f8b,a81b6f5ca3a4f70c2cdbca1436fd138ccc84976ee981aa1726e3dff9ae4e4311,1472,93,0.00000000
c2b310d3:CWE-352:false_positive#3,lxc/incus,CWE-352,FP,ollama:qwen2.5-coder:7b,especialista,seguro,DETECTADO,Semgrep FP (ruído sobre código seguro),FP,Verdadeiro Negativo (Acerto),4.58,"O código não está alterando estado em resposta a uma requisição HTTP, então não há risco de Cross-Site Request Forgery (CSRF). A verificação do cabeçalho 'Origin' é realizada apenas durante o upgrade da conexão WebSocket, que não envolve alterações no estado do servidor. Portanto, este código não constitui uma vulnerabilidade.",5,especifica,especialista:d1145f8b,a81b6f5ca3a4f70c2cdbca1436fd138ccc84976ee981aa1726e3dff9ae4e4311,1072,95,0.00000000
c2b310d3:CWE-352:false_positive#4,lxc/incus,CWE-352,FP,ollama:qwen2.5-coder:7b,especialista,seguro,DETECTADO,Semgrep FP (ruído sobre código seguro),FP,Verdadeiro Negativo (Acerto),4.37,"O código não está alterando estado no servidor e, portanto, não é vulnerável a Cross-Site Request Forgery (CSRF). A função `Render` apenas atualiza a conexão para WebSocket e inicia a proxyção entre os sockets. Não há nenhuma operação que possa ser comprometida por um ataque CSRF.",5,especifica,especialista:d1145f8b,a81b6f5ca3a4f70c2cdbca1436fd138ccc84976ee981aa1726e3dff9ae4e4311,969,89,0.00000000
c2b310d3:CWE-400:false_positive,lxc/incus,CWE-400,FP,ollama:qwen2.5-coder:7b,especialista,seguro,DETECTADO,Semgrep FP (ruído sobre código seguro),FP,Verdadeiro Negativo (Acerto),4.09,"A entrada para a operação de descompactação não é controlada pelo usuário externo. O caminho de execução do código é alcançável em produção, mas o conteúdo do arquivo .ova é determinado pela aplicação e não por um agente externo.",1,fallback,especialista:d1145f8b,a81b6f5ca3a4f70c2cdbca1436fd138ccc84976ee981aa1726e3dff9ae4e4311,1000,72,0.00000000
c2b310d3:CWE-470:false_positive,lxc/incus,CWE-470,FP,ollama:qwen2.5-coder:7b,especialista,seguro,DETECTADO,Semgrep FP (ruído sobre código seguro),FP,Verdadeiro Negativo (Acerto),4.32,"O código não está utilizando reflexão insegura porque o nome do método a ser invocado é limitado a um conjunto fixo de valores permitidos. A entrada externa só indexa uma lista fixa de métodos permitidos, garantindo que apenas métodos específicos sejam chamados.",2,especifica,especialista:d1145f8b,a81b6f5ca3a4f70c2cdbca1436fd138ccc84976ee981aa1726e3dff9ae4e4311,1212,79,0.00000000
c2b310d3:CWE-470:false_positive#1,lxc/incus,CWE-470,FP,ollama:qwen2.5-coder:7b,especialista,seguro,DETECTADO,Semgrep FP (ruído sobre código seguro),FP,Verdadeiro Negativo (Acerto),4.60,"O código não está utilizando reflexão para selecionar métodos ou campos com base em entrada externa. Em vez disso, ele está iterando sobre os campos de um objeto e buscando o campo cujo nome corresponde a uma tag JSON específica. O valor da tag é definido no momento do desenvolvimento e não vem de uma fonte externa controlada pelo atacante.",2,especifica,especialista:d1145f8b,a81b6f5ca3a4f70c2cdbca1436fd138ccc84976ee981aa1726e3dff9ae4e4311,1029,97,0.00000000
c2b310d3:CWE-614:false_positive,lxc/incus,CWE-614,FP,ollama:qwen2.5-coder:7b,especialista,seguro,DETECTADO,Semgrep FP (ruído sobre código seguro),FP,Verdadeiro Negativo (Acerto),4.64,"O cookie 'auth_token' não é um cookie de sessão, autenticação ou token sensível. É um cookie de preferência que armazena o token de autenticação do usuário. Como ele não contém informações confidenciais, a ausência do atributo Secure não constitui uma vulnerabilidade.",1,especifica,especialista:d1145f8b,a81b6f5ca3a4f70c2cdbca1436fd138ccc84976ee981aa1726e3dff9ae4e4311,1348,83,0.00000000
c2b310d3:CWE-665:false_positive,lxc/incus,CWE-665,FP,ollama:qwen2.5-coder:7b,especialista,seguro,DETECTADO,Semgrep FP (ruído sobre código seguro),FP,Verdadeiro Negativo (Acerto),5.96,"O alerta indica que a variável `dev` pode ser modificada e usada posteriormente em caso de erro, o que poderia resultar em um panic devido a uma derreferência nula. No entanto, no contexto fornecido, a variável `dev` é inicializada corretamente antes de ser usada. A função `d.deviceLoad` retorna um objeto `dev` e um erro. Se ocorrer um erro, o código registra um aviso e retorna 'stop', mas não há uso direto da variável `dev` em caso de erro. Portanto, este é um FALSO POSITIVO.",2,especifica,especialista:d1145f8b,a81b6f5ca3a4f70c2cdbca1436fd138ccc84976ee981aa1726e3dff9ae4e4311,1081,154,0.00000000
c2b310d3:CWE-665:false_positive#1,lxc/incus,CWE-665,FP,ollama:qwen2.5-coder:7b,especialista,seguro,DETECTADO,Semgrep FP (ruído sobre código seguro),FP,Verdadeiro Negativo (Acerto),7.45,"O código não inicializa uma estrutura de dados vazia. Em vez disso, ele itera sobre um mapa chamado `referencedACLs`, que é preenchido dentro do bloco de código onde o alerta foi emitido. O mapa é populado com chaves representando nomes de ACLs e valores vazios (structs anônimos). Portanto, não há a necessidade de inicializar um recurso em estado inesperado ou previsível.",2,especifica,especialista:d1145f8b,a81b6f5ca3a4f70c2cdbca1436fd138ccc84976ee981aa1726e3dff9ae4e4311,3667,118,0.00000000
c2b310d3:CWE-667:false_positive,lxc/incus,CWE-667,FP,ollama:qwen2.5-coder:7b,especialista,seguro,DETECTADO,Semgrep FP (ruído sobre código seguro),FP,Verdadeiro Negativo (Acerto),4.77,"O uso de defer c.mu.Unlock() logo após o Lock garante a liberação em todos os retornos, inclusive o de erro. Não há trava residual que possa levar a um deadlock.",2,especifica,especialista:d1145f8b,a81b6f5ca3a4f70c2cdbca1436fd138ccc84976ee981aa1726e3dff9ae4e4311,2094,58,0.00000000
c2b310d3:CWE-667:false_positive#1,lxc/incus,CWE-667,FP,ollama:qwen2.5-coder:7b,especialista,seguro,DETECTADO,Semgrep FP (ruído sobre código seguro),FP,Verdadeiro Negativo (Acerto),3.81,"O uso de defer para o unlock garante que o mutex seja liberado em todos os caminhos de retorno, incluindo o de erro. A função retorna sem um deadlock.",2,especifica,especialista:d1145f8b,a81b6f5ca3a4f70c2cdbca1436fd138ccc84976ee981aa1726e3dff9ae4e4311,1056,55,0.00000000
c2b310d3:CWE-681:false_positive,lxc/incus,CWE-681,FP,ollama:qwen2.5-coder:7b,especialista,seguro,DETECTADO,Semgrep FP (ruído sobre código seguro),FP,Verdadeiro Negativo (Acerto),4.23,"A conversão de int32 para int32 não constitui uma vulnerabilidade, pois a função já garante que o valor está dentro da faixa permitida antes da conversão.",2,especifica,especialista:d1145f8b,a81b6f5ca3a4f70c2cdbca1436fd138ccc84976ee981aa1726e3dff9ae4e4311,1570,56,0.00000000
c2b310d3:CWE-681:false_positive#1,lxc/incus,CWE-681,FP,ollama:qwen2.5-coder:7b,especialista,seguro,DETECTADO,Semgrep FP (ruído sobre código seguro),FP,Verdadeiro Negativo (Acerto),4.73,"A conversão de int para int32 é segura neste contexto porque o valor de placeCount é obtido a partir de uma configuração que deve estar dentro da faixa válida para um int32. A função strconv.Atoi já garante que o valor esteja dentro dos limites de um int32, evitando qualquer overflow ou underflow.",2,especifica,especialista:d1145f8b,a81b6f5ca3a4f70c2cdbca1436fd138ccc84976ee981aa1726e3dff9ae4e4311,1184,93,0.00000000
c2b310d3:CWE-79:false_positive,lxc/incus,CWE-79,FP,ollama:qwen2.5-coder:7b,especialista,seguro,DETECTADO,Semgrep FP (ruído sobre código seguro),FP,Verdadeiro Negativo (Acerto),4.26,"O código não está utilizando a função `fmt.Fprintf` diretamente para escrever na resposta HTTP. Em vez disso, ele chama uma função chamada `localUtil.WriteJSON`, que provavelmente utiliza o pacote `html/template` para renderizar os dados de forma segura.",14,especifica,especialista:d1145f8b,a81b6f5ca3a4f70c2cdbca1436fd138ccc84976ee981aa1726e3dff9ae4e4311,1056,77,0.00000000
c2b310d3:CWE-79:false_positive#1,lxc/incus,CWE-79,FP,ollama:qwen2.5-coder:7b,especialista,seguro,DETECTADO,Semgrep FP (ruído sobre código seguro),FP,Verdadeiro Negativo (Acerto),4.82,"O código não está diretamente escrevendo dados de entrada do usuário em um http.ResponseWriter sem escape. Em vez disso, ele está serializando estruturas de dados Go para JSON e enviando como resposta. O JSON é uma forma segura de transmitir dados entre sistemas, pois não permite a execução de scripts no navegador dos usuários.",14,especifica,especialista:d1145f8b,a81b6f5ca3a4f70c2cdbca1436fd138ccc84976ee981aa1726e3dff9ae4e4311,1424,89,0.00000000
c2b310d3:CWE-79:false_positive#2,lxc/incus,CWE-79,FP,ollama:qwen2.5-coder:7b,especialista,seguro,DETECTADO,Semgrep FP (ruído sobre código seguro),FP,Verdadeiro Negativo (Acerto),4.61,"O código não está diretamente escrevendo dados de entrada do usuário em um http.ResponseWriter sem escape. Em vez disso, ele lê a resposta de uma solicitação HTTP externa e a retorna como texto simples. Não há nenhuma entrada controlável por terceiros sendo incorporada à saída HTML sem escape apropriado.",14,especifica,especialista:d1145f8b,a81b6f5ca3a4f70c2cdbca1436fd138ccc84976ee981aa1726e3dff9ae4e4311,1279,88,0.00000000
c2b310d3:CWE-79:false_positive#3,lxc/incus,CWE-79,FP,ollama:qwen2.5-coder:7b,especialista,seguro,DETECTADO,Semgrep FP (ruído sobre código seguro),FP,Verdadeiro Negativo (Acerto),5.19,"O código não envolve a renderização de conteúdo gerado pelo usuário em uma página web. Em vez disso, ele usa o pacote `text/template` para processar um modelo de perfil de arquivos (archiveProfileTpl) que contém caminhos e permissões definidos no código do programa. Como esses dados não são provenientes da entrada do usuário, não há risco de injeção de script e, portanto, não constitui uma vulnerabilidade XSS.",14,especifica,especialista:d1145f8b,a81b6f5ca3a4f70c2cdbca1436fd138ccc84976ee981aa1726e3dff9ae4e4311,1097,118,0.00000000
c2b310d3:CWE-79:false_positive#4,lxc/incus,CWE-79,FP,ollama:qwen2.5-coder:7b,especialista,seguro,DETECTADO,Semgrep FP (ruído sobre código seguro),FP,Verdadeiro Negativo (Acerto),4.04,"O código não envolve a renderização de conteúdo gerado pelo usuário. A variável `forkproxyProfileTpl` é uma string constante que contém um modelo de perfil AppArmor, não há entrada do usuário sendo incorporada ou manipulada nesse contexto.",14,especifica,especialista:d1145f8b,a81b6f5ca3a4f70c2cdbca1436fd138ccc84976ee981aa1726e3dff9ae4e4311,1091,72,0.00000000
c2b310d3:CWE-79:false_positive#5,lxc/incus,CWE-79,FP,ollama:qwen2.5-coder:7b,especialista,seguro,DETECTADO,Semgrep FP (ruído sobre código seguro),FP,Verdadeiro Negativo (Acerto),4.69,"O código não envolve a renderização de conteúdo gerado pelo usuário em uma página web. Em vez disso, ele é usado para criar um perfil AppArmor, que é um mecanismo de segurança do Linux. O conteúdo gerado por este código não é incorporado à saída HTML e, portanto, não está sujeito a ataques de Cross-site Scripting (XSS).",14,especifica,especialista:d1145f8b,a81b6f5ca3a4f70c2cdbca1436fd138ccc84976ee981aa1726e3dff9ae4e4311,1098,100,0.00000000
c2b310d3:CWE-79:false_positive#6,lxc/incus,CWE-79,FP,ollama:qwen2.5-coder:7b,especialista,seguro,DETECTADO,Semgrep FP (ruído sobre código seguro),FP,Verdadeiro Negativo (Acerto),5.02,"O código não envolve a renderização de conteúdo gerado pelo usuário em uma página web. Em vez disso, ele usa o pacote `text/template` para criar um modelo de perfil AppArmor, que é usado para definir permissões e restrições em sistemas Linux. Como não há entrada do usuário sendo incorporada diretamente na saída HTML ou qualquer outra forma de renderização potencialmente vulnerável a XSS, este código não constitui uma vulnerabilidade real.",14,especifica,especialista:d1145f8b,a81b6f5ca3a4f70c2cdbca1436fd138ccc84976ee981aa1726e3dff9ae4e4311,1119,116,0.00000000
c2b310d3:CWE-79:false_positive#7,lxc/incus,CWE-79,FP,ollama:qwen2.5-coder:7b,especialista,seguro,DETECTADO,Semgrep FP (ruído sobre código seguro),FP,Verdadeiro Negativo (Acerto),3.85,"O código não envolve a renderização de conteúdo gerado pelo usuário em uma página web, então não constitui vulnerabilidade XSS. O uso do pacote `text/template` é adequado para o contexto fornecido.",14,especifica,especialista:d1145f8b,a81b6f5ca3a4f70c2cdbca1436fd138ccc84976ee981aa1726e3dff9ae4e4311,1111,63,0.00000000
c2b310d3:CWE-79:false_positive#8,lxc/incus,CWE-79,FP,ollama:qwen2.5-coder:7b,especialista,seguro,DETECTADO,Semgrep FP (ruído sobre código seguro),FP,Verdadeiro Negativo (Acerto),4.27,"O código não está incorporando dados do usuário diretamente na saída HTML, nem aplicando conversões para template.HTML. Em vez disso, ele usa o pacote `text/template`, que já aplica escape automático a qualquer conteúdo inserido. Portanto, este código não constitui uma vulnerabilidade XSS.",14,especifica,especialista:d1145f8b,a81b6f5ca3a4f70c2cdbca1436fd138ccc84976ee981aa1726e3dff9ae4e4311,1118,82,0.00000000
c2b310d3:CWE-79:false_positive#9,lxc/incus,CWE-79,FP,ollama:qwen2.5-coder:7b,especialista,seguro,DETECTADO,Semgrep FP (ruído sobre código seguro),FP,Verdadeiro Negativo (Acerto),4.05,"O código não está incorporando dados do usuário diretamente na saída HTML, nem aplicando conversões para template.HTML. O uso de `text/template` é adequado neste contexto, pois os valores são constantes e não provenientes da entrada do usuário.",14,especifica,especialista:d1145f8b,a81b6f5ca3a4f70c2cdbca1436fd138ccc84976ee981aa1726e3dff9ae4e4311,1136,70,0.00000000
c2b310d3:CWE-79:false_positive#10,lxc/incus,CWE-79,FP,ollama:qwen2.5-coder:7b,especialista,seguro,DETECTADO,Semgrep FP (ruído sobre código seguro),FP,Verdadeiro Negativo (Acerto),4.18,"O código não está incorporando dados do usuário diretamente na saída HTML sem escape apropriado. Em vez disso, ele usa o pacote `text/template` para renderizar conteúdo de texto, que não é sujeito à injeção de script XSS.",14,especifica,especialista:d1145f8b,a81b6f5ca3a4f70c2cdbca1436fd138ccc84976ee981aa1726e3dff9ae4e4311,1200,73,0.00000000
c2b310d3:CWE-79:false_positive#11,lxc/incus,CWE-79,FP,ollama:qwen2.5-coder:7b,especialista,seguro,DETECTADO,Semgrep FP (ruído sobre código seguro),FP,Verdadeiro Negativo (Acerto),4.37,"O código não está incorporando dados do usuário diretamente na saída HTML. Em vez disso, ele usa um template definido em tempo de compilação com valores fixos. O uso de `text/template` neste contexto não constitui uma vulnerabilidade XSS porque não há entrada externa que possa ser injetada.",14,especifica,especialista:d1145f8b,a81b6f5ca3a4f70c2cdbca1436fd138ccc84976ee981aa1726e3dff9ae4e4311,1121,85,0.00000000
c2b310d3:CWE-79:false_positive#12,lxc/incus,CWE-79,FP,ollama:qwen2.5-coder:7b,especialista,seguro,DETECTADO,Semgrep FP (ruído sobre código seguro),FP,Verdadeiro Negativo (Acerto),4.79,"O código não está utilizando a função `fmt.Fprintf` diretamente para escrever na resposta HTTP. Em vez disso, ele chama a função `localUtil.WriteJSON`, que provavelmente utiliza o pacote `html/template` para renderizar os dados de forma segura. Além disso, quando o conteúdo é uma string simples e não contém dados do usuário controláveis, não há necessidade de escape HTML.",14,especifica,especialista:d1145f8b,a81b6f5ca3a4f70c2cdbca1436fd138ccc84976ee981aa1726e3dff9ae4e4311,1018,104,0.00000000
c2b310d3:CWE-79:false_positive#13,lxc/incus,CWE-79,FP,ollama:qwen2.5-coder:7b,especialista,seguro,DETECTADO,Semgrep FP (ruído sobre código seguro),FP,Verdadeiro Negativo (Acerto),4.17,"O código não está diretamente escrevendo dados de entrada do usuário no http.ResponseWriter. Em vez disso, ele serializa um objeto Go em XML e o envia como resposta. Não há nenhuma entrada externa sendo incorporada à saída HTML sem escape apropriado.",14,especifica,especialista:d1145f8b,a81b6f5ca3a4f70c2cdbca1436fd138ccc84976ee981aa1726e3dff9ae4e4311,976,76,0.00000000
c2b310d3:CWE-798:false_positive,lxc/incus,CWE-798,FP,ollama:qwen2.5-coder:7b,especialista,seguro,DETECTADO,Semgrep FP (ruído sobre código seguro),FP,Verdadeiro Negativo (Acerto),5.58,"A chave privada é detectada como uma credencial sensível que não deve ser codificada em texto bruto. No entanto, neste contexto específico, a chave privada está sendo usada para testes unitários e não é exposta ou acessível de forma externa. A função `TestingAltKeyPair` é provavelmente parte de um conjunto de testes que simula certificados e chaves privadas para fins de teste, e não há risco real de uso desta chave em produção.",1,fallback,especialista:d1145f8b,a81b6f5ca3a4f70c2cdbca1436fd138ccc84976ee981aa1726e3dff9ae4e4311,871,123,0.00000000
c2b310d3:CWE-918:false_positive,lxc/incus,CWE-918,FP,ollama:qwen2.5-coder:7b,especialista,seguro,DETECTADO,Semgrep FP (ruído sobre código seguro),FP,Verdadeiro Negativo (Acerto),5.14,"A entrada `r.URL.String()` é usada como parte do caminho da URL para a qual uma solicitação HTTP é feita, não como o host ou o esquema. Como essa entrada é parte do caminho e não controla diretamente o host, ela não constitui uma vulnerabilidade de SSRF nesse contexto.",1,fallback,especialista:d1145f8b,a81b6f5ca3a4f70c2cdbca1436fd138ccc84976ee981aa1726e3dff9ae4e4311,1291,87,0.00000000
c2b310d3:CWE-94:false_positive,lxc/incus,CWE-94,FP,ollama:qwen2.5-coder:7b,especialista,seguro,DETECTADO,Semgrep FP (ruído sobre código seguro),FP,Verdadeiro Negativo (Acerto),6.07,"O código não está utilizando entrada externa para construir comandos a serem executados. A função `exec.CommandContext` recebe um comando fixo (`s.command[0]`) e seus argumentos (`s.command[1:]...`). Não há evidências de que a entrada do usuário esteja sendo usada para alterar o comando ou seus parâmetros, portanto, não constitui uma vulnerabilidade de injeção de código.",14,especifica,especialista:d1145f8b,a81b6f5ca3a4f70c2cdbca1436fd138ccc84976ee981aa1726e3dff9ae4e4311,2397,110,0.00000000
c2b310d3:CWE-94:false_positive#1,lxc/incus,CWE-94,FP,ollama:qwen2.5-coder:7b,especialista,seguro,DETECTADO,Semgrep FP (ruído sobre código seguro),FP,Verdadeiro Negativo (Acerto),4.68,"O código não está utilizando a função `exec.Command` de forma que possa ser injeção de código. A entrada externa (`convCmd`) é usada apenas como argumentos para o comando, e não como parte do comando em si.",14,especifica,especialista:d1145f8b,a81b6f5ca3a4f70c2cdbca1436fd138ccc84976ee981aa1726e3dff9ae4e4311,1832,68,0.00000000
c2b310d3:CWE-94:false_positive#2,lxc/incus,CWE-94,FP,ollama:qwen2.5-coder:7b,especialista,seguro,DETECTADO,Semgrep FP (ruído sobre código seguro),FP,Verdadeiro Negativo (Acerto),5.75,"O código não está utilizando entrada externa para gerar comandos. A variável `remoteViewer` e `spicy` são resultados de uma busca por comandos disponíveis no sistema, mas esses valores não estão sendo usados diretamente como parte do comando a ser executado. O comando é construído usando constantes (`remoteViewer`, `spicy`) e parâmetros fixos (`socket`), garantindo que não haja injeção de código.",14,especifica,especialista:d1145f8b,a81b6f5ca3a4f70c2cdbca1436fd138ccc84976ee981aa1726e3dff9ae4e4311,1846,116,0.00000000
c2b310d3:CWE-94:false_positive#3,lxc/incus,CWE-94,FP,ollama:qwen2.5-coder:7b,especialista,seguro,DETECTADO,Semgrep FP (ruído sobre código seguro),FP,Verdadeiro Negativo (Acerto),4.59,"O texto do comando é determinado pelo valor da variável de ambiente EDITOR, que é uma entrada externa. No entanto, o código não permite a injeção de comandos maliciosos porque apenas usa o valor da variável como parte do comando final, sem modificar ou interpretar essa entrada como código.",14,especifica,especialista:d1145f8b,a81b6f5ca3a4f70c2cdbca1436fd138ccc84976ee981aa1726e3dff9ae4e4311,1288,84,0.00000000
c2b310d3:CWE-94:false_positive#4,lxc/incus,CWE-94,FP,ollama:qwen2.5-coder:7b,especialista,seguro,DETECTADO,Semgrep FP (ruído sobre código seguro),FP,Verdadeiro Negativo (Acerto),4.28,"O texto do comando é construído a partir de uma entrada externa, mas não permite injeção de código. A função `shellquote.Split` garante que qualquer entrada seja tratada como dados e não como parte da lógica do comando.",14,especifica,especialista:d1145f8b,a81b6f5ca3a4f70c2cdbca1436fd138ccc84976ee981aa1726e3dff9ae4e4311,1265,70,0.00000000
c2b310d3:CWE-94:false_positive#5,lxc/incus,CWE-94,FP,ollama:qwen2.5-coder:7b,especialista,seguro,DETECTADO,Semgrep FP (ruído sobre código seguro),FP,Verdadeiro Negativo (Acerto),4.58,"O texto do comando é determinado pelo valor da variável de ambiente EDITOR, que é uma entrada externa. No entanto, o código não permite a injeção de comandos maliciosos porque apenas usa o valor da variável como parte do comando final, sem modificar ou interpretar essa entrada como código.",14,especifica,especialista:d1145f8b,a81b6f5ca3a4f70c2cdbca1436fd138ccc84976ee981aa1726e3dff9ae4e4311,1284,84,0.00000000
c2b310d3:CWE-94:false_positive#6,lxc/incus,CWE-94,FP,ollama:qwen2.5-coder:7b,especialista,seguro,DETECTADO,Semgrep FP (ruído sobre código seguro),FP,Verdadeiro Negativo (Acerto),4.48,"O texto do comando é uma entrada externa, mas ele não contém ações {{...}} que podem ser injetadas pelo usuário. O comando 'iptablesCmd' é passado como um argumento para o comando 'exec.Command', e não é usado diretamente no template ou em qualquer contexto que permitisse injeção de código.",14,especifica,especialista:d1145f8b,a81b6f5ca3a4f70c2cdbca1436fd138ccc84976ee981aa1726e3dff9ae4e4311,1074,87,0.00000000
c2b310d3:CWE-94:false_positive#7,lxc/incus,CWE-94,FP,ollama:qwen2.5-coder:7b,especialista,seguro,DETECTADO,Semgrep FP (ruído sobre código seguro),FP,Verdadeiro Negativo (Acerto),4.47,O texto do comando é constante e não provém de entrada externa. A função `exec.CommandContext` recebe um comando estático (`c.binaryName`) e argumentos que são construídos a partir de variáveis locais (`args`). Não há evidências de injeção de código ou manipulação da lógica do programa através desta chamada.,14,especifica,especialista:d1145f8b,a81b6f5ca3a4f70c2cdbca1436fd138ccc84976ee981aa1726e3dff9ae4e4311,939,93,0.00000000
c2b310d3:CWE-94:false_positive#8,lxc/incus,CWE-94,FP,ollama:qwen2.5-coder:7b,especialista,seguro,DETECTADO,Semgrep FP (ruído sobre código seguro),FP,Verdadeiro Negativo (Acerto),4.52,"O texto do comando é constante e não vem de entrada externa. A função `exec.Command` está sendo usada para verificar a versão de diferentes binários possíveis, mas o nome do binário é determinado por uma lista fixa de opções dentro da função. Não há nenhuma injeção de código potencial aqui.",14,especifica,especialista:d1145f8b,a81b6f5ca3a4f70c2cdbca1436fd138ccc84976ee981aa1726e3dff9ae4e4311,1109,89,0.00000000
c2b310d3:CWE-94:false_positive#9,lxc/incus,CWE-94,FP,ollama:qwen2.5-coder:7b,especialista,seguro,DETECTADO,Semgrep FP (ruído sobre código seguro),FP,Verdadeiro Negativo (Acerto),4.03,"O texto do comando é uma string constante definida no código, não provém de entrada externa. A função `exec.Command` está sendo usada para executar um comando pré-definido e não baseado em dados fornecidos pelo usuário.",14,especifica,especialista:d1145f8b,a81b6f5ca3a4f70c2cdbca1436fd138ccc84976ee981aa1726e3dff9ae4e4311,987,70,0.00000000
c2b310d3:CWE-94:false_positive#10,lxc/incus,CWE-94,FP,ollama:qwen2.5-coder:7b,especialista,seguro,DETECTADO,Semgrep FP (ruído sobre código seguro),FP,Verdadeiro Negativo (Acerto),4.78,"O texto do comando é gerado a partir de uma variável (`tmpfile.Name()`), mas não contém código injetável. A função `os.CreateTemp` garante que o nome do arquivo seja único e seguro, e a chamada `exec.Command(tmpfile.Name())` executa apenas esse nome de arquivo como um comando externo. Não há evidências de injeção de código nesse contexto.",14,especifica,especialista:d1145f8b,a81b6f5ca3a4f70c2cdbca1436fd138ccc84976ee981aa1726e3dff9ae4e4311,1007,103,0.00000000
c2b310d3:CWE-94:false_positive#11,lxc/incus,CWE-94,FP,ollama:qwen2.5-coder:7b,especialista,seguro,DETECTADO,Semgrep FP (ruído sobre código seguro),FP,Verdadeiro Negativo (Acerto),4.19,"O texto do comando é constante e não provém de entrada externa. A função `exec.CommandContext` recebe um nome de comando e argumentos fixos, sem a possibilidade de injeção de código malicioso.",14,especifica,especialista:d1145f8b,a81b6f5ca3a4f70c2cdbca1436fd138ccc84976ee981aa1726e3dff9ae4e4311,1300,65,0.00000000
c2b310d3:CWE-94:false_positive#12,lxc/incus,CWE-94,FP,ollama:qwen2.5-coder:7b,especialista,seguro,DETECTADO,Semgrep FP (ruído sobre código seguro),FP,Verdadeiro Negativo (Acerto),4.10,"O texto do comando é constante e não provém de entrada externa. A função `RunCommandSplit` recebe parâmetros fixos para o nome do comando e os argumentos, que são definidos no código-fonte e não são influenciados por dados externos.",14,especifica,especialista:d1145f8b,a81b6f5ca3a4f70c2cdbca1436fd138ccc84976ee981aa1726e3dff9ae4e4311,940,75,0.00000000
c2b310d3:CWE-94:false_positive#13,lxc/incus,CWE-94,FP,ollama:qwen2.5-coder:7b,especialista,seguro,DETECTADO,Semgrep FP (ruído sobre código seguro),FP,Verdadeiro Negativo (Acerto),4.13,"O texto do comando é constante e não vem de entrada externa. A função `exec.Command` está sendo usada para iniciar um navegador web com uma URL fornecida pelo usuário, mas a URL é apenas um argumento passado para o comando, não parte do comando em si.",14,especifica,especialista:d1145f8b,a81b6f5ca3a4f70c2cdbca1436fd138ccc84976ee981aa1726e3dff9ae4e4311,949,77,0.00000000
d137a063:CWE-1004:false_positive,lxc/incus,CWE-1004,FP,ollama:qwen2.5-coder:7b,especialista,seguro,DETECTADO,Semgrep FP (ruído sobre código seguro),FP,Verdadeiro Negativo (Acerto),4.56,"O cookie 'oidc_access' é usado para armazenar o token de acesso do OIDC, que não precisa ser acessível a scripts do lado do cliente. O uso de HttpOnly=false neste contexto é intencional e correta.",1,especifica,especialista:d1145f8b,a81b6f5ca3a4f70c2cdbca1436fd138ccc84976ee981aa1726e3dff9ae4e4311,1661,67,0.00000000
d137a063:CWE-115:false_positive,lxc/incus,CWE-115,FP,ollama:qwen2.5-coder:7b,especialista,seguro,DETECTADO,Semgrep FP (ruído sobre código seguro),FP,Verdadeiro Negativo (Acerto),5.26,"O alerta é um FALSO POSITIVO porque a chamada para `httputil.ReverseProxy` não está usando a função `Director`. A função `Director` foi definida como uma função vazia (`func(*http.Request) {}`), o que significa que ela não modifica a solicitação de entrada. Portanto, não há interpretação incorreta de entrada ou reinterpretação de prefixos octal/hexadecimal.",2,especifica,especialista:d1145f8b,a81b6f5ca3a4f70c2cdbca1436fd138ccc84976ee981aa1726e3dff9ae4e4311,1375,111,0.00000000
d137a063:CWE-115:false_positive#1,lxc/incus,CWE-115,FP,ollama:qwen2.5-coder:7b,especialista,seguro,DETECTADO,Semgrep FP (ruído sobre código seguro),FP,Verdadeiro Negativo (Acerto),5.02,"O código não apresenta uma vulnerabilidade devido à interpretação incorreta de entrada. A função `Director` do `httputil.ReverseProxy` está sendo usada corretamente para reescrever a URL da solicitação, adicionando o esquema 'http' e o host 'incus-os'. Não há evidências de que esta abordagem possa levar à interpretação incorreta de entrada ou a qualquer outra vulnerabilidade relacionada.",2,especifica,especialista:d1145f8b,a81b6f5ca3a4f70c2cdbca1436fd138ccc84976ee981aa1726e3dff9ae4e4311,1012,116,0.00000000
d137a063:CWE-319:false_positive,lxc/incus,CWE-319,FP,ollama:qwen2.5-coder:7b,especialista,seguro,DETECTADO,Semgrep FP (ruído sobre código seguro),FP,Verdadeiro Negativo (Acerto),3.86,"O código utiliza 'wss://' quando o esquema da URL base é 'https', garantindo que a conexão WebSocket seja segura. Portanto, não há transmissão de informações sensíveis em texto claro.",6,especifica,especialista:d1145f8b,a81b6f5ca3a4f70c2cdbca1436fd138ccc84976ee981aa1726e3dff9ae4e4311,896,62,0.00000000
d137a063:CWE-319:false_positive#1,lxc/incus,CWE-319,FP,ollama:qwen2.5-coder:7b,especialista,seguro,DETECTADO,Semgrep FP (ruído sobre código seguro),FP,Verdadeiro Negativo (Acerto),4.91,"O código não desabilita a verificação de certificados TLS/SSL. Em vez disso, ele configura uma verificação de certificado personalizada usando `tls.Config` com `InsecureSkipVerify: true`. Isso é feito para fins de depuração e não constitui uma vulnerabilidade real.",6,especifica,especialista:d1145f8b,a81b6f5ca3a4f70c2cdbca1436fd138ccc84976ee981aa1726e3dff9ae4e4311,1704,83,0.00000000
d137a063:CWE-319:false_positive#2,lxc/incus,CWE-319,FP,ollama:qwen2.5-coder:7b,especialista,seguro,DETECTADO,Semgrep FP (ruído sobre código seguro),FP,Verdadeiro Negativo (Acerto),5.29,"O código não desabilita a verificação de certificados TLS/SSL. Em vez disso, ele configura uma verificação de certificado personalizada que inclui a verificação do certificado do servidor e o uso de um pool de certificados CA. Isso garante que a comunicação seja segura e protegida contra ataques de man-in-the-middle (MTM).",6,especifica,especialista:d1145f8b,a81b6f5ca3a4f70c2cdbca1436fd138ccc84976ee981aa1726e3dff9ae4e4311,1751,99,0.00000000
d137a063:CWE-319:false_positive#3,lxc/incus,CWE-319,FP,ollama:qwen2.5-coder:7b,especialista,seguro,DETECTADO,Semgrep FP (ruído sobre código seguro),FP,Verdadeiro Negativo (Acerto),5.94,"O código não desabilita a verificação de certificados TLS/SSL. Em vez disso, ele configura uma verificação personalizada dos certificados do servidor usando `tls.Config` com `VerifyPeerCertificate`. Isso garante que o cliente verifique os certificados do servidor contra um conjunto de certificados de autoridade (CA) fornecido, evitando a vulnerabilidade a ataques de man-in-the-middle (MTM). Portanto, este código não constitui uma fraqueza.",6,especifica,especialista:d1145f8b,a81b6f5ca3a4f70c2cdbca1436fd138ccc84976ee981aa1726e3dff9ae4e4311,1832,123,0.00000000
d137a063:CWE-319:false_positive#4,lxc/incus,CWE-319,FP,ollama:qwen2.5-coder:7b,especialista,seguro,DETECTADO,Semgrep FP (ruído sobre código seguro),FP,Verdadeiro Negativo (Acerto),5.65,"O código não desabilita a verificação de certificados TLS/SSL. Em vez disso, ele configura uma verificação de certificado personalizada usando `tls.Config` com `VerifyPeerCertificate`. Isso garante que o cliente verifique os certificados do servidor contra um conjunto de certificados de autoridade fornecido (`sslCACert`). Portanto, esta não é uma vulnerabilidade real.",6,especifica,especialista:d1145f8b,a81b6f5ca3a4f70c2cdbca1436fd138ccc84976ee981aa1726e3dff9ae4e4311,2073,102,0.00000000
d137a063:CWE-319:false_positive#5,lxc/incus,CWE-319,FP,ollama:qwen2.5-coder:7b,especialista,seguro,DETECTADO,Semgrep FP (ruído sobre código seguro),FP,Verdadeiro Negativo (Acerto),4.15,"O código desabilita a verificação de certificados TLS/SSL apenas para fins de depuração, conforme indicado na mensagem do alerta. Isso não constitui uma vulnerabilidade real porque o código ainda usa TLS para criptografar o tráfego em trânsito.",6,especifica,especialista:d1145f8b,a81b6f5ca3a4f70c2cdbca1436fd138ccc84976ee981aa1726e3dff9ae4e4311,896,78,0.00000000
d137a063:CWE-327:false_positive,lxc/incus,CWE-327,FP,ollama:qwen2.5-coder:7b,especialista,seguro,DETECTADO,Semgrep FP (ruído sobre código seguro),FP,Verdadeiro Negativo (Acerto),5.97,"O alerta é um FALSO POSITIVO porque o código está configurando uma conexão TLS com a versão mínima definida como TLS 1.3, conforme recomendação do Go 1.22. A linha 61 mencionada no alerta não contém a configuração de `MinVersion`, mas isso é desnecessário porque o padrão atual do Go é usar TLS 1.3 por padrão. O código está configurado corretamente para usar a versão mais segura da TLS disponível.",7,especifica,especialista:d1145f8b,a81b6f5ca3a4f70c2cdbca1436fd138ccc84976ee981aa1726e3dff9ae4e4311,1710,132,0.00000000
d137a063:CWE-327:false_positive#1,lxc/incus,CWE-327,FP,ollama:qwen2.5-coder:7b,especialista,seguro,DETECTADO,Semgrep FP (ruído sobre código seguro),FP,Verdadeiro Negativo (Acerto),5.13,"O alerta é um FALSO POSITIVO porque o código não está usando a função md5.Sum ou outras funções de hash inseguras. Em vez disso, ele configura uma conexão TLS com uma versão mínima definida como TLS 1.3, que é considerada segura e recomendada para aplicações web.",7,especifica,especialista:d1145f8b,a81b6f5ca3a4f70c2cdbca1436fd138ccc84976ee981aa1726e3dff9ae4e4311,1757,91,0.00000000
d137a063:CWE-327:false_positive#2,lxc/incus,CWE-327,FP,ollama:qwen2.5-coder:7b,especialista,seguro,DETECTADO,Semgrep FP (ruído sobre código seguro),FP,Verdadeiro Negativo (Acerto),6.18,"O uso de TLS 1.2 como padrão em Go 1.22 é considerado seguro para a maioria dos casos, especialmente em aplicações web genéricas. A configuração atual do código não desativa completamente os protocolos mais antigos, o que significa que ainda há suporte para TLS 1.0 e TLS 1.1. No entanto, isso é considerado aceitável em muitos cenários de produção modernos, onde a compatibilidade com navegadores ou clientes muito antigos não é uma preocupação.",7,especifica,especialista:d1145f8b,a81b6f5ca3a4f70c2cdbca1436fd138ccc84976ee981aa1726e3dff9ae4e4311,1838,134,0.00000000
d137a063:CWE-327:false_positive#3,lxc/incus,CWE-327,FP,ollama:qwen2.5-coder:7b,especialista,seguro,DETECTADO,Semgrep FP (ruído sobre código seguro),FP,Verdadeiro Negativo (Acerto),7.33,"O alerta é um FALSO POSITIVO porque o código está configurando uma conexão TLS com a opção `InsecureSkipVerify` definida como `true`. Isso significa que a verificação do certificado do servidor não será realizada, o que pode ser considerado inseguro em ambientes de produção. No entanto, no contexto fornecido, onde o código está configurando uma conexão TLS para um cliente OVSDB, a ausência da configuração `MinVersion` não constitui uma vulnerabilidade real. A ausência de `MinVersion` apenas significa que a versão mínima do protocolo TLS será a padrão (TLS 1.2), o que é considerado seguro e recomendado para aplicativos de propósito geral.",7,especifica,especialista:d1145f8b,a81b6f5ca3a4f70c2cdbca1436fd138ccc84976ee981aa1726e3dff9ae4e4311,2079,179,0.00000000
d137a063:CWE-327:false_positive#4,lxc/incus,CWE-327,FP,ollama:qwen2.5-coder:7b,especialista,seguro,DETECTADO,Semgrep FP (ruído sobre código seguro),FP,Verdadeiro Negativo (Acerto),4.71,"O uso de TLS 1.2 como padrão em Go 1.22 é seguro para a maioria dos casos, especialmente para aplicações web genéricas que não precisam suportar clientes legados com navegadores inseguros. A configuração atual do código não apresenta vulnerabilidades conhecidas relacionadas à versão mínima do TLS.",7,especifica,especialista:d1145f8b,a81b6f5ca3a4f70c2cdbca1436fd138ccc84976ee981aa1726e3dff9ae4e4311,1155,95,0.00000000
d137a063:CWE-327:false_positive#5,lxc/incus,CWE-327,FP,ollama:qwen2.5-coder:7b,especialista,seguro,DETECTADO,Semgrep FP (ruído sobre código seguro),FP,Verdadeiro Negativo (Acerto),5.16,"O alerta é um FALSO POSITIVO porque o código está configurando uma conexão TLS com a versão mínima padrão do Go (TLS 1.2), que é considerada segura para aplicativos de propósito geral. O código não desativa outras versões de protocolo TLS, nem habilita TLS 1.0 ou 1.1, o que significa que ele segue as recomendações de segurança atuais.",7,especifica,especialista:d1145f8b,a81b6f5ca3a4f70c2cdbca1436fd138ccc84976ee981aa1726e3dff9ae4e4311,1293,111,0.00000000
d137a063:CWE-327:false_positive#6,lxc/incus,CWE-327,FP,ollama:qwen2.5-coder:7b,especialista,seguro,DETECTADO,Semgrep FP (ruído sobre código seguro),FP,Verdadeiro Negativo (Acerto),4.81,"O código configura a versão mínima do TLS com base em uma variável de ambiente. Se a variável estiver vazia ou falsa, o código define a versão mínima como TLS 1.2. Caso contrário, ele usa TLS 1.3. Isso é um comportamento seguro e conforme recomendação da Go 1.22. Não há evidências de que isso seja uma vulnerabilidade.",7,especifica,especialista:d1145f8b,a81b6f5ca3a4f70c2cdbca1436fd138ccc84976ee981aa1726e3dff9ae4e4311,899,109,0.00000000
d137a063:CWE-338:false_positive,lxc/incus,CWE-338,FP,ollama:qwen2.5-coder:7b,especialista,seguro,DETECTADO,Semgrep FP (ruído sobre código seguro),FP,Verdadeiro Negativo (Acerto),6.53,"O uso de `math/rand` neste contexto não constitui uma vulnerabilidade real. A função `rand.Intn(256)` é usada para gerar um número aleatório entre 0 e 255, que é então convertido em um byte. Este valor é usado para preencher um slice de bytes, que é então codificado em hexadecimal para formar o token de sessão. O contexto aqui não requer imprevisibilidade criptográfica, mas sim uma distribuição uniforme dos valores possíveis. Como `math/rand` é suficiente para este propósito e não há indicação de uso em um contexto onde a imprevisibilidade criptográfica seja necessária (como geração de tokens de sessão), este é considerado um FALSO POSITIVO.",9,especifica,especialista:d1145f8b,a81b6f5ca3a4f70c2cdbca1436fd138ccc84976ee981aa1726e3dff9ae4e4311,1012,184,0.00000000
d137a063:CWE-338:false_positive#1,lxc/incus,CWE-338,FP,ollama:qwen2.5-coder:7b,especialista,seguro,DETECTADO,Semgrep FP (ruído sobre código seguro),FP,Verdadeiro Negativo (Acerto),5.65,"O uso de `math/rand` em contexto de geração de tokens, chaves ou nonces não constitui vulnerabilidade neste caso. A função `rand.Intn(256)` é usada para gerar valores aleatórios que serão codificados em hexadecimal e utilizados como parte de um token de sessão. Embora o gerador de números pseudoaleatórios (PRNG) seja criptograficamente fraco, neste contexto específico a imprevisibilidade não é uma preocupação, pois os tokens são usados para fins de autenticação e não para segurança criptográfica.",9,especifica,especialista:d1145f8b,a81b6f5ca3a4f70c2cdbca1436fd138ccc84976ee981aa1726e3dff9ae4e4311,1010,142,0.00000000
d137a063:CWE-338:false_positive#2,lxc/incus,CWE-338,FP,ollama:qwen2.5-coder:7b,especialista,seguro,DETECTADO,Semgrep FP (ruído sobre código seguro),FP,Verdadeiro Negativo (Acerto),5.91,"O uso de `math/rand` neste contexto não constitui uma vulnerabilidade real. A função `rand.Intn(256)` é usada para gerar um número aleatório entre 0 e 255, que é então convertido em um byte. Este valor é usado para preencher um slice de bytes, que é depois codificado em hexadecimal para formar o token de sessão. O contexto aqui não requer imprevisibilidade criptográfica, pois os tokens são usados internamente pelo sistema e não expostos diretamente aos usuários ou a terceiros. Portanto, o uso de `math/rand` neste caso é seguro.",9,especifica,especialista:d1145f8b,a81b6f5ca3a4f70c2cdbca1436fd138ccc84976ee981aa1726e3dff9ae4e4311,988,157,0.00000000
d137a063:CWE-338:false_positive#3,lxc/incus,CWE-338,FP,ollama:qwen2.5-coder:7b,especialista,seguro,DETECTADO,Semgrep FP (ruído sobre código seguro),FP,Verdadeiro Negativo (Acerto),4.89,"O uso de `math/rand` neste contexto não constitui uma vulnerabilidade real. A função `NotifyUpgradeCompleted` não gera tokens, senhas, IDs de sessão, nonces ou chaves que exigem imprevisibilidade criptográfica. Em vez disso, ela é usada para calcular um atraso com jitter, o que requer apenas dispersão temporal e não imprevisibilidade contra adversário.",9,especifica,especialista:d1145f8b,a81b6f5ca3a4f70c2cdbca1436fd138ccc84976ee981aa1726e3dff9ae4e4311,1021,106,0.00000000
d137a063:CWE-338:false_positive#4,lxc/incus,CWE-338,FP,ollama:qwen2.5-coder:7b,especialista,seguro,DETECTADO,Semgrep FP (ruído sobre código seguro),FP,Verdadeiro Negativo (Acerto),5.32,"O uso de `math/rand` neste contexto não constitui uma vulnerabilidade real. A função é usada para gerar um número aleatório entre 0 e 1, que é então multiplicado por 256 e convertido em um byte. Este valor é usado para preencher um slice de bytes, que é então codificado em hexadecimal para formar o token de sessão. O contexto aqui não requer imprevisibilidade criptográfica, apenas uma distribuição uniforme dos valores possíveis.",9,especifica,especialista:d1145f8b,a81b6f5ca3a4f70c2cdbca1436fd138ccc84976ee981aa1726e3dff9ae4e4311,1084,124,0.00000000
d137a063:CWE-338:false_positive#5,lxc/incus,CWE-338,FP,ollama:qwen2.5-coder:7b,especialista,seguro,DETECTADO,Semgrep FP (ruído sobre código seguro),FP,Verdadeiro Negativo (Acerto),5.49,"O uso de `math/rand` neste contexto não constitui uma vulnerabilidade real. A função `rand.Int31n(math.MaxUint16-1024)` está sendo usada para gerar um número aleatório entre 1024 e 65535, que é o intervalo padrão de portas TCP/IP disponíveis. Este uso não requer imprevisibilidade criptográfica, pois os valores gerados são apenas utilizados para selecionar uma porta disponível. O alerta foi acionado incorretamente neste caso.",9,especifica,especialista:d1145f8b,a81b6f5ca3a4f70c2cdbca1436fd138ccc84976ee981aa1726e3dff9ae4e4311,1027,134,0.00000000
d137a063:CWE-338:false_positive#6,lxc/incus,CWE-338,FP,ollama:qwen2.5-coder:7b,especialista,seguro,DETECTADO,Semgrep FP (ruído sobre código seguro),FP,Verdadeiro Negativo (Acerto),4.64,"O uso de `math/rand` em contexto de geração de tokens, chaves ou nonces não constitui vulnerabilidade, pois a propriedade exigida é dispersão temporal, não imprevisibilidade contra adversário. O código fornecido parece estar sendo usado para gerar um token de sessão, que requer imprevisibilidade e pede crypto/rand.",9,especifica,especialista:d1145f8b,a81b6f5ca3a4f70c2cdbca1436fd138ccc84976ee981aa1726e3dff9ae4e4311,1092,94,0.00000000
d137a063:CWE-338:false_positive#7,lxc/incus,CWE-338,FP,ollama:qwen2.5-coder:7b,especialista,seguro,DETECTADO,Semgrep FP (ruído sobre código seguro),FP,Verdadeiro Negativo (Acerto),5.58,"O uso de `math/rand` neste contexto não constitui uma vulnerabilidade real. A função `rand.Intn(256)` é usada para gerar um número aleatório entre 0 e 255, que é então convertido em um byte. Este valor é usado para preencher um slice de bytes, que é depois codificado em hexadecimal para formar o token de sessão. O contexto aqui não requer imprevisibilidade criptográfica, pois os tokens são usados internamente pelo sistema e não expostos a usuários ou atacantes externos.",9,especifica,especialista:d1145f8b,a81b6f5ca3a4f70c2cdbca1436fd138ccc84976ee981aa1726e3dff9ae4e4311,997,141,0.00000000
d137a063:CWE-338:false_positive#8,lxc/incus,CWE-338,FP,ollama:qwen2.5-coder:7b,especialista,seguro,DETECTADO,Semgrep FP (ruído sobre código seguro),FP,Verdadeiro Negativo (Acerto),5.19,"O uso de `math/rand` em `GetStableRandomGenerator` não constitui uma vulnerabilidade porque a função está sendo usada para gerar um gerador de números pseudoaleatórios estabilizado com base em uma semente. O contexto aqui é o de geração de valores aleatórios consistentes e previsíveis, que é adequado para cenários como seleção de itens de uma lista ou outras operações que requerem imprevisibilidade dentro de um determinado contexto.",9,especifica,especialista:d1145f8b,a81b6f5ca3a4f70c2cdbca1436fd138ccc84976ee981aa1726e3dff9ae4e4311,1047,120,0.00000000
d137a063:CWE-352:false_positive,lxc/incus,CWE-352,FP,ollama:qwen2.5-coder:7b,especialista,seguro,DETECTADO,Semgrep FP (ruído sobre código seguro),FP,Verdadeiro Negativo (Acerto),4.94,"O código não está exposto a uma vulnerabilidade de Cross-Site Request Forgery (CSRF) porque ele não envia cookies de sessão com SameSite=NoneMode nem executa operações que alteram estado sem validar um token anti-CSRF. Além disso, o código verifica a origem da requisição através do cabeçalho 'Origin', conforme recomendado pela documentação do pacote gorilla/websocket.",6,especifica,especialista:d1145f8b,a81b6f5ca3a4f70c2cdbca1436fd138ccc84976ee981aa1726e3dff9ae4e4311,1152,106,0.00000000
d137a063:CWE-352:false_positive#1,lxc/incus,CWE-352,FP,ollama:qwen2.5-coder:7b,especialista,seguro,DETECTADO,Semgrep FP (ruído sobre código seguro),FP,Verdadeiro Negativo (Acerto),4.69,"O código não está lidando com WebSocket, então o alerta é um FALSO POSITIVO. O alerta foi emitido por uma ferramenta que verifica a presença de um token anti-CSRF em handlers que alteram estado, mas neste contexto específico, a função `connectConsole` não está alterando nenhum estado do servidor e sim estabelecendo uma conexão WebSocket.",6,especifica,especialista:d1145f8b,a81b6f5ca3a4f70c2cdbca1436fd138ccc84976ee981aa1726e3dff9ae4e4311,1132,98,0.00000000
d137a063:CWE-352:false_positive#2,lxc/incus,CWE-352,FP,ollama:qwen2.5-coder:7b,especialista,seguro,DETECTADO,Semgrep FP (ruído sobre código seguro),FP,Verdadeiro Negativo (Acerto),4.81,O código não está exposto a Cross-Site Request Forgery (CSRF) porque ele não envia cookies de sessão com SameSite=NoneMode nem manipula estado sem validar um token anti-CSRF. O alerta é uma falsa positiva porque o código em questão não contém as condições necessárias para uma vulnerabilidade CSRF.,6,especifica,especialista:d1145f8b,a81b6f5ca3a4f70c2cdbca1436fd138ccc84976ee981aa1726e3dff9ae4e4311,1472,88,0.00000000
d137a063:CWE-352:false_positive#3,lxc/incus,CWE-352,FP,ollama:qwen2.5-coder:7b,especialista,seguro,DETECTADO,Semgrep FP (ruído sobre código seguro),FP,Verdadeiro Negativo (Acerto),4.62,"O código não está alterando estado em resposta a uma requisição HTTP, então não há risco de Cross-Site Request Forgery (CSRF). A verificação do cabeçalho 'Origin' é realizada apenas durante o upgrade da conexão WebSocket, que não envolve alterações no estado do servidor. Portanto, este código não constitui uma vulnerabilidade.",6,especifica,especialista:d1145f8b,a81b6f5ca3a4f70c2cdbca1436fd138ccc84976ee981aa1726e3dff9ae4e4311,1072,95,0.00000000
d137a063:CWE-352:false_positive#4,lxc/incus,CWE-352,FP,ollama:qwen2.5-coder:7b,especialista,seguro,DETECTADO,Semgrep FP (ruído sobre código seguro),FP,Verdadeiro Negativo (Acerto),7.84,"O código fornecido não envolve a manipulação de cookies de sessão ou handlers que alteram estado sem validar token anti-CSRF. Além disso, o código não está relacionado a WebSocket, então não há necessidade de verificar a origem da requisição. Portanto, este alerta é um FALSO POSITIVO.",6,especifica,especialista:d1145f8b,a81b6f5ca3a4f70c2cdbca1436fd138ccc84976ee981aa1726e3dff9ae4e4311,4980,89,0.00000000
d137a063:CWE-352:false_positive#5,lxc/incus,CWE-352,FP,ollama:qwen2.5-coder:7b,especialista,seguro,DETECTADO,Semgrep FP (ruído sobre código seguro),FP,Verdadeiro Negativo (Acerto),4.96,"O código não está alterando estado no servidor e, portanto, não é vulnerável a Cross-Site Request Forgery (CSRF). A função `Render` apenas atualiza a conexão para WebSocket e inicia a proxyção entre os sockets. Não há nenhuma operação que possa ser comprometida por um ataque CSRF.",6,especifica,especialista:d1145f8b,a81b6f5ca3a4f70c2cdbca1436fd138ccc84976ee981aa1726e3dff9ae4e4311,969,89,0.00000000
d137a063:CWE-470:false_positive,lxc/incus,CWE-470,FP,ollama:qwen2.5-coder:7b,especialista,seguro,DETECTADO,Semgrep FP (ruído sobre código seguro),FP,Verdadeiro Negativo (Acerto),4.36,"O código não está utilizando reflexão insegura porque o nome do método a ser invocado é limitado a um conjunto fixo de valores permitidos. A entrada externa só indexa uma lista fixa de métodos permitidos, garantindo que apenas métodos específicos sejam chamados.",2,especifica,especialista:d1145f8b,a81b6f5ca3a4f70c2cdbca1436fd138ccc84976ee981aa1726e3dff9ae4e4311,1212,79,0.00000000
d137a063:CWE-470:false_positive#1,lxc/incus,CWE-470,FP,ollama:qwen2.5-coder:7b,especialista,seguro,DETECTADO,Semgrep FP (ruído sobre código seguro),FP,Verdadeiro Negativo (Acerto),4.60,"O código não está utilizando reflexão para selecionar métodos ou campos com base em entrada externa. Em vez disso, ele está iterando sobre os campos de um objeto e buscando o campo cujo nome corresponde a uma tag JSON específica. O valor da tag é definido no momento do desenvolvimento e não vem de uma fonte externa controlada pelo atacante.",2,especifica,especialista:d1145f8b,a81b6f5ca3a4f70c2cdbca1436fd138ccc84976ee981aa1726e3dff9ae4e4311,1035,97,0.00000000
d137a063:CWE-614:false_positive,lxc/incus,CWE-614,FP,ollama:qwen2.5-coder:7b,especialista,seguro,DETECTADO,Semgrep FP (ruído sobre código seguro),FP,Verdadeiro Negativo (Acerto),4.12,"O cookie 'auth_token' não é um cookie de sessão, autenticação ou token sensível. É um cookie de preferência que armazena o token de autenticação do usuário. Como ele não contém informações confidenciais, a ausência do atributo Secure não constitui uma vulnerabilidade.",1,especifica,especialista:d1145f8b,a81b6f5ca3a4f70c2cdbca1436fd138ccc84976ee981aa1726e3dff9ae4e4311,1348,83,0.00000000
d137a063:CWE-665:false_positive,lxc/incus,CWE-665,FP,ollama:qwen2.5-coder:7b,especialista,seguro,DETECTADO,Semgrep FP (ruído sobre código seguro),FP,Verdadeiro Negativo (Acerto),6.41,"O alerta indica que a variável `dev` pode ser modificada e usada posteriormente em caso de erro, o que poderia resultar em um panic devido a uma derreferência nula. No entanto, no contexto fornecido, a variável `dev` é inicializada corretamente antes de ser usada. A função `d.deviceLoad` retorna um objeto `dev` e um erro. Se ocorrer um erro, o código registra um aviso e retorna 'stop', mas não há uso direto da variável `dev` em caso de erro. Portanto, este é um FALSO POSITIVO.",2,especifica,especialista:d1145f8b,a81b6f5ca3a4f70c2cdbca1436fd138ccc84976ee981aa1726e3dff9ae4e4311,1081,154,0.00000000
d137a063:CWE-665:false_positive#1,lxc/incus,CWE-665,FP,ollama:qwen2.5-coder:7b,especialista,seguro,DETECTADO,Semgrep FP (ruído sobre código seguro),FP,Verdadeiro Negativo (Acerto),10.62,"O alerta é um FALSO POSITIVO. A função `Update` não está iterando sobre uma estrutura de dados vazia, mas sim sobre a variável `oldExpandedConfig`, que é inicializada como um mapa vazio (`map[string]string{}`). Esta é uma abordagem comum em Go para garantir que todas as chaves necessárias estejam presentes antes de serem usadas. O código verifica se cada chave está presente no mapa e, se não estiver, a adiciona com um valor padrão. Portanto, o alerta não indica uma vulnerabilidade real.",2,especifica,especialista:d1145f8b,a81b6f5ca3a4f70c2cdbca1436fd138ccc84976ee981aa1726e3dff9ae4e4311,6476,144,0.00000000
d137a063:CWE-667:false_positive,lxc/incus,CWE-667,FP,ollama:qwen2.5-coder:7b,especialista,seguro,DETECTADO,Semgrep FP (ruído sobre código seguro),FP,Verdadeiro Negativo (Acerto),4.71,"O uso de defer c.mu.Unlock() logo após o Lock garante a liberação em todos os retornos, inclusive o de erro. Não há trava residual que possa levar a um deadlock.",2,especifica,especialista:d1145f8b,a81b6f5ca3a4f70c2cdbca1436fd138ccc84976ee981aa1726e3dff9ae4e4311,2094,58,0.00000000
d137a063:CWE-667:false_positive#1,lxc/incus,CWE-667,FP,ollama:qwen2.5-coder:7b,especialista,seguro,DETECTADO,Semgrep FP (ruído sobre código seguro),FP,Verdadeiro Negativo (Acerto),3.79,"O uso de defer para o unlock garante que o mutex seja liberado em todos os caminhos de retorno, incluindo o de erro. A função retorna sem um deadlock.",2,especifica,especialista:d1145f8b,a81b6f5ca3a4f70c2cdbca1436fd138ccc84976ee981aa1726e3dff9ae4e4311,1056,55,0.00000000
d137a063:CWE-681:false_positive,lxc/incus,CWE-681,FP,ollama:qwen2.5-coder:7b,especialista,seguro,DETECTADO,Semgrep FP (ruído sobre código seguro),FP,Verdadeiro Negativo (Acerto),4.24,"A conversão de int32 para int32 não constitui uma vulnerabilidade, pois a função já garante que o valor está dentro da faixa permitida antes da conversão.",2,especifica,especialista:d1145f8b,a81b6f5ca3a4f70c2cdbca1436fd138ccc84976ee981aa1726e3dff9ae4e4311,1570,56,0.00000000
d137a063:CWE-681:false_positive#1,lxc/incus,CWE-681,FP,ollama:qwen2.5-coder:7b,especialista,seguro,DETECTADO,Semgrep FP (ruído sobre código seguro),FP,Verdadeiro Negativo (Acerto),4.72,"A conversão de int para int32 é segura neste contexto porque o valor de placeCount é obtido a partir de uma configuração que deve estar dentro da faixa válida para um int32. A função strconv.Atoi já garante que o valor esteja dentro dos limites permitidos para um int32, evitando qualquer overflow ou underflow.",2,especifica,especialista:d1145f8b,a81b6f5ca3a4f70c2cdbca1436fd138ccc84976ee981aa1726e3dff9ae4e4311,1184,95,0.00000000
d137a063:CWE-79:false_positive,lxc/incus,CWE-79,FP,ollama:qwen2.5-coder:7b,especialista,seguro,DETECTADO,Semgrep FP (ruído sobre código seguro),FP,Verdadeiro Negativo (Acerto),4.24,"O código não está utilizando a função `fmt.Fprintf` diretamente para escrever na resposta HTTP. Em vez disso, ele chama uma função chamada `localUtil.WriteJSON`, que provavelmente utiliza o pacote `html/template` para renderizar os dados de forma segura.",14,especifica,especialista:d1145f8b,a81b6f5ca3a4f70c2cdbca1436fd138ccc84976ee981aa1726e3dff9ae4e4311,1056,77,0.00000000
d137a063:CWE-79:false_positive#1,lxc/incus,CWE-79,FP,ollama:qwen2.5-coder:7b,especialista,seguro,DETECTADO,Semgrep FP (ruído sobre código seguro),FP,Verdadeiro Negativo (Acerto),4.82,"O código não está diretamente escrevendo dados de entrada do usuário em um http.ResponseWriter sem escape. Em vez disso, ele está serializando estruturas de dados Go para JSON e enviando como resposta. O JSON é uma forma segura de transmitir dados entre sistemas, pois não permite a execução de scripts no navegador dos usuários.",14,especifica,especialista:d1145f8b,a81b6f5ca3a4f70c2cdbca1436fd138ccc84976ee981aa1726e3dff9ae4e4311,1424,89,0.00000000
d137a063:CWE-79:false_positive#2,lxc/incus,CWE-79,FP,ollama:qwen2.5-coder:7b,especialista,seguro,DETECTADO,Semgrep FP (ruído sobre código seguro),FP,Verdadeiro Negativo (Acerto),4.59,"O código não está diretamente escrevendo dados de entrada do usuário em um http.ResponseWriter sem escape. Em vez disso, ele lê a resposta de uma solicitação HTTP externa e a retorna como texto simples. Não há nenhuma entrada controlável por terceiros sendo incorporada à saída HTML sem escape apropriado.",14,especifica,especialista:d1145f8b,a81b6f5ca3a4f70c2cdbca1436fd138ccc84976ee981aa1726e3dff9ae4e4311,1279,88,0.00000000
d137a063:CWE-79:false_positive#3,lxc/incus,CWE-79,FP,ollama:qwen2.5-coder:7b,especialista,seguro,DETECTADO,Semgrep FP (ruído sobre código seguro),FP,Verdadeiro Negativo (Acerto),5.06,"O código não envolve a renderização de conteúdo gerado pelo usuário em uma página web. Em vez disso, ele está sendo usado para criar um perfil de política de segurança (AppArmor) que define permissões e restrições para processos específicos. Como não há entrada do usuário sendo incorporada diretamente na saída HTML ou qualquer outra forma de renderização potencialmente vulnerável a XSS, este código não constitui uma vulnerabilidade real.",14,especifica,especialista:d1145f8b,a81b6f5ca3a4f70c2cdbca1436fd138ccc84976ee981aa1726e3dff9ae4e4311,1097,112,0.00000000
d137a063:CWE-79:false_positive#4,lxc/incus,CWE-79,FP,ollama:qwen2.5-coder:7b,especialista,seguro,DETECTADO,Semgrep FP (ruído sobre código seguro),FP,Verdadeiro Negativo (Acerto),4.02,"O código não envolve a renderização de conteúdo gerado pelo usuário. A variável `forkproxyProfileTpl` é uma string constante que contém um modelo de perfil AppArmor, não há entrada do usuário sendo incorporada ou manipulada nesse contexto.",14,especifica,especialista:d1145f8b,a81b6f5ca3a4f70c2cdbca1436fd138ccc84976ee981aa1726e3dff9ae4e4311,1091,72,0.00000000
d137a063:CWE-79:false_positive#5,lxc/incus,CWE-79,FP,ollama:qwen2.5-coder:7b,especialista,seguro,DETECTADO,Semgrep FP (ruído sobre código seguro),FP,Verdadeiro Negativo (Acerto),4.61,"O código não envolve a renderização de conteúdo gerado pelo usuário em uma página web. Em vez disso, ele é usado para criar um perfil AppArmor, que é um mecanismo de segurança do Linux. O conteúdo gerado por este código não é incorporado à saída HTML e, portanto, não está sujeito a ataques de Cross-site Scripting (XSS).",14,especifica,especialista:d1145f8b,a81b6f5ca3a4f70c2cdbca1436fd138ccc84976ee981aa1726e3dff9ae4e4311,1098,100,0.00000000
d137a063:CWE-79:false_positive#6,lxc/incus,CWE-79,FP,ollama:qwen2.5-coder:7b,especialista,seguro,DETECTADO,Semgrep FP (ruído sobre código seguro),FP,Verdadeiro Negativo (Acerto),4.99,"O código não envolve a renderização de conteúdo gerado pelo usuário em uma página web. Em vez disso, ele usa o pacote `text/template` para criar um modelo de perfil AppArmor, que é usado para definir permissões e restrições em sistemas Linux. Como não há entrada do usuário sendo incorporada diretamente na saída HTML ou qualquer outra forma de renderização potencialmente vulnerável a XSS, este código não constitui uma vulnerabilidade real.",14,especifica,especialista:d1145f8b,a81b6f5ca3a4f70c2cdbca1436fd138ccc84976ee981aa1726e3dff9ae4e4311,1119,116,0.00000000
d137a063:CWE-79:false_positive#7,lxc/incus,CWE-79,FP,ollama:qwen2.5-coder:7b,especialista,seguro,DETECTADO,Semgrep FP (ruído sobre código seguro),FP,Verdadeiro Negativo (Acerto),3.84,"O código não envolve a renderização de conteúdo gerado pelo usuário em uma página web, então não constitui vulnerabilidade XSS. O uso do pacote `text/template` é adequado para o contexto fornecido.",14,especifica,especialista:d1145f8b,a81b6f5ca3a4f70c2cdbca1436fd138ccc84976ee981aa1726e3dff9ae4e4311,1111,63,0.00000000
d137a063:CWE-79:false_positive#8,lxc/incus,CWE-79,FP,ollama:qwen2.5-coder:7b,especialista,seguro,DETECTADO,Semgrep FP (ruído sobre código seguro),FP,Verdadeiro Negativo (Acerto),4.27,"O código não está incorporando dados do usuário diretamente na saída HTML, nem aplicando conversões para template.HTML. Em vez disso, ele usa o pacote `text/template`, que já aplica escape automático a qualquer conteúdo inserido. Portanto, este código não constitui uma vulnerabilidade XSS.",14,especifica,especialista:d1145f8b,a81b6f5ca3a4f70c2cdbca1436fd138ccc84976ee981aa1726e3dff9ae4e4311,1118,82,0.00000000
d137a063:CWE-79:false_positive#9,lxc/incus,CWE-79,FP,ollama:qwen2.5-coder:7b,especialista,seguro,DETECTADO,Semgrep FP (ruído sobre código seguro),FP,Verdadeiro Negativo (Acerto),4.04,"O código não está incorporando dados do usuário diretamente na saída HTML, nem aplicando conversões para template.HTML. O uso de `text/template` é adequado neste contexto, pois os valores são constantes e não provenientes da entrada do usuário.",14,especifica,especialista:d1145f8b,a81b6f5ca3a4f70c2cdbca1436fd138ccc84976ee981aa1726e3dff9ae4e4311,1136,70,0.00000000
d137a063:CWE-79:false_positive#10,lxc/incus,CWE-79,FP,ollama:qwen2.5-coder:7b,especialista,seguro,DETECTADO,Semgrep FP (ruído sobre código seguro),FP,Verdadeiro Negativo (Acerto),4.25,"O código não está incorporando dados do usuário diretamente na saída HTML sem escape apropriado. Em vez disso, ele usa o pacote `text/template` para renderizar conteúdo de texto, que não é sujeito à injeção de script XSS.",14,especifica,especialista:d1145f8b,a81b6f5ca3a4f70c2cdbca1436fd138ccc84976ee981aa1726e3dff9ae4e4311,1197,73,0.00000000
d137a063:CWE-79:false_positive#11,lxc/incus,CWE-79,FP,ollama:qwen2.5-coder:7b,especialista,seguro,DETECTADO,Semgrep FP (ruído sobre código seguro),FP,Verdadeiro Negativo (Acerto),4.37,"O código não está incorporando dados do usuário diretamente na saída HTML. Em vez disso, ele usa um template definido em tempo de compilação com valores fixos. O uso de `text/template` neste contexto não constitui uma vulnerabilidade XSS porque não há entrada externa que possa ser injetada.",14,especifica,especialista:d1145f8b,a81b6f5ca3a4f70c2cdbca1436fd138ccc84976ee981aa1726e3dff9ae4e4311,1121,85,0.00000000
d137a063:CWE-79:false_positive#12,lxc/incus,CWE-79,FP,ollama:qwen2.5-coder:7b,especialista,seguro,DETECTADO,Semgrep FP (ruído sobre código seguro),FP,Verdadeiro Negativo (Acerto),4.50,"O código não está utilizando a função `fmt.Fprintf` diretamente para escrever na resposta HTTP. Em vez disso, ele usa a função `fmt.Fprint`, que aplica escape automático ao contexto HTML. Além disso, o conteúdo sendo escrito é do tipo `string`, e não há evidências de entrada externa controlável pelo usuário.",14,especifica,especialista:d1145f8b,a81b6f5ca3a4f70c2cdbca1436fd138ccc84976ee981aa1726e3dff9ae4e4311,1018,90,0.00000000
d137a063:CWE-79:false_positive#13,lxc/incus,CWE-79,FP,ollama:qwen2.5-coder:7b,especialista,seguro,DETECTADO,Semgrep FP (ruído sobre código seguro),FP,Verdadeiro Negativo (Acerto),4.18,"O código não está diretamente escrevendo dados de entrada do usuário no http.ResponseWriter. Em vez disso, ele serializa um objeto Go em XML e o envia como resposta. Não há nenhuma entrada externa sendo incorporada à saída HTML sem escape apropriado.",14,especifica,especialista:d1145f8b,a81b6f5ca3a4f70c2cdbca1436fd138ccc84976ee981aa1726e3dff9ae4e4311,976,76,0.00000000
d137a063:CWE-798:false_positive,lxc/incus,CWE-798,FP,ollama:qwen2.5-coder:7b,especialista,seguro,DETECTADO,Semgrep FP (ruído sobre código seguro),FP,Verdadeiro Negativo (Acerto),4.86,"A chave privada não é usada diretamente no código fornecido. O alerta de segurança está relacionado à detecção de uma chave privada, mas o contexto do código não envolve a manipulação ou uso de chaves privadas. Em vez disso, o código gera um certificado de confiança usando informações públicas (chave pública e nome). Portanto, este é um FALSO POSITIVO.",1,fallback,especialista:d1145f8b,a81b6f5ca3a4f70c2cdbca1436fd138ccc84976ee981aa1726e3dff9ae4e4311,969,110,0.00000000
d137a063:CWE-918:false_positive,lxc/incus,CWE-918,FP,ollama:qwen2.5-coder:7b,especialista,seguro,DETECTADO,Semgrep FP (ruído sobre código seguro),FP,Verdadeiro Negativo (Acerto),4.21,"A entrada `r.URL.String()` é usada como parte do caminho da URL para a qual uma solicitação HTTP é feita, não como o host ou o esquema. Como essa entrada é parte do caminho e não controla diretamente o host, ela não constitui uma vulnerabilidade de SSRF nesse contexto.",1,fallback,especialista:d1145f8b,a81b6f5ca3a4f70c2cdbca1436fd138ccc84976ee981aa1726e3dff9ae4e4311,1291,87,0.00000000
d137a063:CWE-94:false_positive,lxc/incus,CWE-94,FP,ollama:qwen2.5-coder:7b,especialista,seguro,DETECTADO,Semgrep FP (ruído sobre código seguro),FP,Verdadeiro Negativo (Acerto),5.70,"O código não está utilizando entrada externa para construir comandos a serem executados. A variável `s.command` é definida dentro da função e não recebe dados de entrada do usuário. Portanto, não há risco de injeção de código.",16,especifica,especialista:d1145f8b,a81b6f5ca3a4f70c2cdbca1436fd138ccc84976ee981aa1726e3dff9ae4e4311,2864,73,0.00000000
d137a063:CWE-94:false_positive#1,lxc/incus,CWE-94,FP,ollama:qwen2.5-coder:7b,especialista,seguro,DETECTADO,Semgrep FP (ruído sobre código seguro),FP,Verdadeiro Negativo (Acerto),6.23,"O código não está executando comandos dinâmicos construídos a partir de entrada externa. O comando 'convCmd' é uma variável que contém um array de strings fixas, e o comando final é criado concatenando esses elementos com argumentos específicos. Não há evidências de injeção de código ou controle inadequado da geração de código.",16,especifica,especialista:d1145f8b,a81b6f5ca3a4f70c2cdbca1436fd138ccc84976ee981aa1726e3dff9ae4e4311,2314,98,0.00000000
d137a063:CWE-94:false_positive#2,lxc/incus,CWE-94,FP,ollama:qwen2.5-coder:7b,especialista,seguro,DETECTADO,Semgrep FP (ruído sobre código seguro),FP,Verdadeiro Negativo (Acerto),6.02,"O código não está utilizando entrada externa para gerar comandos. A variável `remoteViewer` e `spicy` são resultados da função `c.findCommand`, que provavelmente verifica o caminho do executável no sistema, mas não é usada diretamente como parte de um comando a ser executado. O comando final é construído usando constantes (`remote-viewer` ou `spicy`) e uma string formatada com o valor da variável `socket`, que é gerada internamente pelo código.",16,especifica,especialista:d1145f8b,a81b6f5ca3a4f70c2cdbca1436fd138ccc84976ee981aa1726e3dff9ae4e4311,1846,127,0.00000000
d137a063:CWE-94:false_positive#3,lxc/incus,CWE-94,FP,ollama:qwen2.5-coder:7b,especialista,seguro,DETECTADO,Semgrep FP (ruído sobre código seguro),FP,Verdadeiro Negativo (Acerto),4.30,"O texto do comando 'sshfs' é constante no código; a entrada externa entra apenas como dado. A função exec.Command constrói o comando com argumentos fixos, não baseados em entradas de usuários.",16,especifica,especialista:d1145f8b,a81b6f5ca3a4f70c2cdbca1436fd138ccc84976ee981aa1726e3dff9ae4e4311,1429,64,0.00000000
d137a063:CWE-94:false_positive#4,lxc/incus,CWE-94,FP,ollama:qwen2.5-coder:7b,especialista,seguro,DETECTADO,Semgrep FP (ruído sobre código seguro),FP,Verdadeiro Negativo (Acerto),4.63,"O texto do comando é determinado pelo valor da variável de ambiente EDITOR, que é uma entrada externa. No entanto, o código não permite a injeção de comandos maliciosos porque apenas usa o valor da variável como parte do comando final, sem modificar ou interpretar essa entrada como código.",16,especifica,especialista:d1145f8b,a81b6f5ca3a4f70c2cdbca1436fd138ccc84976ee981aa1726e3dff9ae4e4311,1288,84,0.00000000
d137a063:CWE-94:false_positive#5,lxc/incus,CWE-94,FP,ollama:qwen2.5-coder:7b,especialista,seguro,DETECTADO,Semgrep FP (ruído sobre código seguro),FP,Verdadeiro Negativo (Acerto),4.28,"O texto do comando é construído a partir de uma entrada externa, mas não permite injeção de código. A função `shellquote.Split` garante que qualquer entrada seja tratada como dados e não como parte da lógica do comando.",16,especifica,especialista:d1145f8b,a81b6f5ca3a4f70c2cdbca1436fd138ccc84976ee981aa1726e3dff9ae4e4311,1265,70,0.00000000
d137a063:CWE-94:false_positive#6,lxc/incus,CWE-94,FP,ollama:qwen2.5-coder:7b,especialista,seguro,DETECTADO,Semgrep FP (ruído sobre código seguro),FP,Verdadeiro Negativo (Acerto),4.58,"O texto do comando é determinado pelo valor da variável de ambiente EDITOR, que é uma entrada externa. No entanto, o código não permite a injeção de comandos maliciosos porque apenas usa o nome do editor e caminho do arquivo como argumentos fixos para o comando exec.Command.",16,especifica,especialista:d1145f8b,a81b6f5ca3a4f70c2cdbca1436fd138ccc84976ee981aa1726e3dff9ae4e4311,1283,83,0.00000000
d137a063:CWE-94:false_positive#7,lxc/incus,CWE-94,FP,ollama:qwen2.5-coder:7b,especialista,seguro,DETECTADO,Semgrep FP (ruído sobre código seguro),FP,Verdadeiro Negativo (Acerto),4.92,"O texto do comando é constante e não vem de entrada externa. A função `iptablesInUse` recebe um parâmetro `iptablesCmd`, mas este parâmetro é usado apenas para especificar o comando a ser executado, não como parte da lógica ou dos dados processados dentro do comando. O texto do comando (`-S -t`) é fixo no código e não é influenciado por entrada externa.",16,especifica,especialista:d1145f8b,a81b6f5ca3a4f70c2cdbca1436fd138ccc84976ee981aa1726e3dff9ae4e4311,1092,108,0.00000000
d137a063:CWE-94:false_positive#8,lxc/incus,CWE-94,FP,ollama:qwen2.5-coder:7b,especialista,seguro,DETECTADO,Semgrep FP (ruído sobre código seguro),FP,Verdadeiro Negativo (Acerto),5.74,"O código não está executando comandos externos diretamente. Em vez disso, ele cria um comando `exec.Cmd` com argumentos fixos e arquivos adicionais que são abertos a partir de caminhos calculados internamente pelo programa. Não há evidências de injeção de código ou controle inadequado da geração de código.",16,especifica,especialista:d1145f8b,a81b6f5ca3a4f70c2cdbca1436fd138ccc84976ee981aa1726e3dff9ae4e4311,2352,92,0.00000000
d137a063:CWE-94:false_positive#9,lxc/incus,CWE-94,FP,ollama:qwen2.5-coder:7b,especialista,seguro,DETECTADO,Semgrep FP (ruído sobre código seguro),FP,Verdadeiro Negativo (Acerto),4.54,O texto do comando é constante e não provém de entrada externa. A função `exec.CommandContext` recebe um comando estático (`c.binaryName`) e argumentos que são construídos a partir de variáveis locais (`args`). Não há evidências de injeção de código ou manipulação da lógica do programa através desta chamada.,16,especifica,especialista:d1145f8b,a81b6f5ca3a4f70c2cdbca1436fd138ccc84976ee981aa1726e3dff9ae4e4311,939,93,0.00000000
d137a063:CWE-94:false_positive#10,lxc/incus,CWE-94,FP,ollama:qwen2.5-coder:7b,especialista,seguro,DETECTADO,Semgrep FP (ruído sobre código seguro),FP,Verdadeiro Negativo (Acerto),3.94,"O texto do comando 'exec.Command' é constante do programa. A entrada externa ('p.bucketName') é apenas usada como argumento, não como parte da lógica de execução do comando.",16,especifica,especialista:d1145f8b,a81b6f5ca3a4f70c2cdbca1436fd138ccc84976ee981aa1726e3dff9ae4e4311,1109,61,0.00000000
d137a063:CWE-94:false_positive#11,lxc/incus,CWE-94,FP,ollama:qwen2.5-coder:7b,especialista,seguro,DETECTADO,Semgrep FP (ruído sobre código seguro),FP,Verdadeiro Negativo (Acerto),3.98,"O texto do comando é uma string estática definida no código, não provém de entrada externa. A função `exec.Command` recebe apenas argumentos fixos, sem a possibilidade de injeção de comandos maliciosos.",16,especifica,especialista:d1145f8b,a81b6f5ca3a4f70c2cdbca1436fd138ccc84976ee981aa1726e3dff9ae4e4311,987,68,0.00000000
d137a063:CWE-94:false_positive#12,lxc/incus,CWE-94,FP,ollama:qwen2.5-coder:7b,especialista,seguro,DETECTADO,Semgrep FP (ruído sobre código seguro),FP,Verdadeiro Negativo (Acerto),4.50,"O texto do comando é gerado a partir de uma operação interna do sistema (criação de um arquivo temporário), não de entrada externa. O caminho do arquivo criado é passado para o comando, mas este caminho é controlado pelo próprio programa e não por dados fornecidos por usuários ou outras fontes externas.",16,especifica,especialista:d1145f8b,a81b6f5ca3a4f70c2cdbca1436fd138ccc84976ee981aa1726e3dff9ae4e4311,1007,90,0.00000000
d137a063:CWE-94:false_positive#13,lxc/incus,CWE-94,FP,ollama:qwen2.5-coder:7b,especialista,seguro,DETECTADO,Semgrep FP (ruído sobre código seguro),FP,Verdadeiro Negativo (Acerto),4.21,"O texto do comando é constante e não provém de entrada externa. A função `exec.CommandContext` recebe um nome de comando e argumentos fixos, sem a possibilidade de injeção de código malicioso.",16,especifica,especialista:d1145f8b,a81b6f5ca3a4f70c2cdbca1436fd138ccc84976ee981aa1726e3dff9ae4e4311,1300,65,0.00000000
d137a063:CWE-94:false_positive#14,lxc/incus,CWE-94,FP,ollama:qwen2.5-coder:7b,especialista,seguro,DETECTADO,Semgrep FP (ruído sobre código seguro),FP,Verdadeiro Negativo (Acerto),4.09,"O texto do comando é constante e não provém de entrada externa. A função `RunCommandSplit` recebe parâmetros fixos para o nome do comando e os argumentos, que são definidos no código-fonte e não são influenciados por dados externos.",16,especifica,especialista:d1145f8b,a81b6f5ca3a4f70c2cdbca1436fd138ccc84976ee981aa1726e3dff9ae4e4311,940,75,0.00000000
d137a063:CWE-94:false_positive#15,lxc/incus,CWE-94,FP,ollama:qwen2.5-coder:7b,especialista,seguro,DETECTADO,Semgrep FP (ruído sobre código seguro),FP,Verdadeiro Negativo (Acerto),4.12,"O texto do comando é constante e não vem de entrada externa. A função `exec.Command` está sendo usada para iniciar um navegador web com uma URL fornecida pelo usuário, mas a URL é apenas um argumento passado para o comando, não parte do comando em si.",16,especifica,especialista:d1145f8b,a81b6f5ca3a4f70c2cdbca1436fd138ccc84976ee981aa1726e3dff9ae4e4311,949,77,0.00000000
175964b1:CWE-328:false_positive,navidrome/navidrome,CWE-328,FP,ollama:qwen2.5-coder:7b,especialista,seguro,DETECTADO,Semgrep FP (ruído sobre código seguro),FP,Verdadeiro Negativo (Acerto),4.77,"A função MD5 é usada aqui para calcular um hash de assinatura, não para armazenar senhas. O contexto desta utilização é a criação de uma assinatura digital para garantir a integridade e autenticidade dos parâmetros da requisição HTTP. Como MD5 é adequado para esses fins em termos de resistência a colisão, este uso não constitui uma vulnerabilidade.",12,especifica,especialista:d1145f8b,a81b6f5ca3a4f70c2cdbca1436fd138ccc84976ee981aa1726e3dff9ae4e4311,992,108,0.00000000
175964b1:CWE-328:false_positive#1,navidrome/navidrome,CWE-328,FP,ollama:qwen2.5-coder:7b,especialista,seguro,DETECTADO,Semgrep FP (ruído sobre código seguro),FP,Verdadeiro Negativo (Acerto),4.81,"A função MD5 é usada aqui para gerar um hash de chave única, não para armazenamento de senhas nem para integridade de dados. O contexto desta utilização não exige a resistência a colisões ou a fragilidade do algoritmo, mas sim uma forma rápida e confiável de criar um identificador único. Portanto, o uso de MD5 neste caso não constitui uma vulnerabilidade.",12,especifica,especialista:d1145f8b,a81b6f5ca3a4f70c2cdbca1436fd138ccc84976ee981aa1726e3dff9ae4e4311,940,108,0.00000000
175964b1:CWE-328:false_positive#2,navidrome/navidrome,CWE-328,FP,ollama:qwen2.5-coder:7b,especialista,seguro,DETECTADO,Semgrep FP (ruído sobre código seguro),FP,Verdadeiro Negativo (Acerto),4.45,"A função MD5 é usada aqui para gerar um hash de uma chave única que não é exposta como parte da API ou armazenado em lugar algum. É apenas usado internamente para criar uma string única que inclui informações sobre o estado do sistema, sem ser diretamente utilizado para senhas ou dados sensíveis. Portanto, não constitui uma vulnerabilidade.",12,especifica,especialista:d1145f8b,a81b6f5ca3a4f70c2cdbca1436fd138ccc84976ee981aa1726e3dff9ae4e4311,921,94,0.00000000
175964b1:CWE-328:false_positive#3,navidrome/navidrome,CWE-328,FP,ollama:qwen2.5-coder:7b,especialista,seguro,DETECTADO,Semgrep FP (ruído sobre código seguro),FP,Verdadeiro Negativo (Acerto),4.14,"A função `md5.New()` é usada aqui para gerar um hash de conteúdo, não para armazenamento de senhas. O contexto da função indica que ela está sendo utilizada para criar um identificador único ou hash de dados, o que é adequado e seguro para essa finalidade.",12,especifica,especialista:d1145f8b,a81b6f5ca3a4f70c2cdbca1436fd138ccc84976ee981aa1726e3dff9ae4e4311,943,79,0.00000000
175964b1:CWE-328:false_positive#4,navidrome/navidrome,CWE-328,FP,ollama:qwen2.5-coder:7b,especialista,seguro,DETECTADO,Semgrep FP (ruído sobre código seguro),FP,Verdadeiro Negativo (Acerto),5.18,"A função MD5 é usada aqui para calcular um hash de uma estrutura complexa que inclui informações como o valor do hash, tags, e participantes. Este uso não é diretamente relacionado à armazenamento de senhas ou a operações de integridade/identificação de conteúdo. Em vez disso, parece ser uma forma de gerar um identificador único para um arquivo multimídia com base em suas propriedades. Como tal, o uso de MD5 neste contexto não constitui uma vulnerabilidade.",12,especifica,especialista:d1145f8b,a81b6f5ca3a4f70c2cdbca1436fd138ccc84976ee981aa1726e3dff9ae4e4311,953,127,0.00000000
175964b1:CWE-328:false_positive#5,navidrome/navidrome,CWE-328,FP,ollama:qwen2.5-coder:7b,especialista,seguro,DETECTADO,Semgrep FP (ruído sobre código seguro),FP,Verdadeiro Negativo (Acerto),4.61,"A função md5.Sum é usada para gerar um identificador único baseado no caminho de um arquivo, não para armazenamento de senhas ou outras informações sensíveis. MD5 é adequado neste contexto porque a propriedade exigida é resistência a colisão, plenamente atendida por MD5. A função está sendo usada corretamente para o propósito em que foi projetada.",12,especifica,especialista:d1145f8b,a81b6f5ca3a4f70c2cdbca1436fd138ccc84976ee981aa1726e3dff9ae4e4311,887,105,0.00000000
175964b1:CWE-328:false_positive#6,navidrome/navidrome,CWE-328,FP,ollama:qwen2.5-coder:7b,especialista,seguro,DETECTADO,Semgrep FP (ruído sobre código seguro),FP,Verdadeiro Negativo (Acerto),4.69,"A função MD5 é usada aqui para gerar um hash de uma lista de participantes, não para armazenamento de senhas ou outras informações sensíveis. O contexto desta utilização é para integridade e identificação de conteúdo, onde a resistência a colisão é o requisito principal. MD5, embora considerado inseguro para uso em senhas, ainda é adequado nesta situação.",12,especifica,especialista:d1145f8b,a81b6f5ca3a4f70c2cdbca1436fd138ccc84976ee981aa1726e3dff9ae4e4311,980,104,0.00000000
175964b1:CWE-328:false_positive#7,navidrome/navidrome,CWE-328,FP,ollama:qwen2.5-coder:7b,especialista,seguro,DETECTADO,Semgrep FP (ruído sobre código seguro),FP,Verdadeiro Negativo (Acerto),4.30,"A função md5.New() é usada em um contexto que não requer segurança criptográfica, mas sim uma forma simples de gerar um hash único para identificação ou agrupamento. O uso do MD5 neste caso não constitui uma vulnerabilidade porque não está sendo aplicado a dados sensíveis como senhas ou segredos.",12,especifica,especialista:d1145f8b,a81b6f5ca3a4f70c2cdbca1436fd138ccc84976ee981aa1726e3dff9ae4e4311,919,88,0.00000000
175964b1:CWE-328:false_positive#8,navidrome/navidrome,CWE-328,FP,ollama:qwen2.5-coder:7b,especialista,seguro,DETECTADO,Semgrep FP (ruído sobre código seguro),FP,Verdadeiro Negativo (Acerto),5.05,"A função MD5 é usada aqui para gerar uma chave de semente que será convertida em uma string hexadecimal. Esta chave não é usada como um hash de senha ou qualquer outro tipo de dado sensível que exija segurança adicional. Em vez disso, ela está sendo usada para garantir que a chave de semente seja consistente e única para cada usuário, independentemente do formato da ID do usuário. Portanto, o uso de MD5 neste contexto não constitui uma vulnerabilidade.",12,especifica,especialista:d1145f8b,a81b6f5ca3a4f70c2cdbca1436fd138ccc84976ee981aa1726e3dff9ae4e4311,951,122,0.00000000
175964b1:CWE-328:false_positive#9,navidrome/navidrome,CWE-328,FP,ollama:qwen2.5-coder:7b,especialista,seguro,DETECTADO,Semgrep FP (ruído sobre código seguro),FP,Verdadeiro Negativo (Acerto),5.36,"O uso do algoritmo MD5 neste contexto não constitui uma vulnerabilidade real. O MD5 é usado aqui para gerar um token subsonic, que é então codificado em hexadecimal e armazenado no payload de autenticação. Este uso específico do MD5 está limitado à geração de um token temporário e não é utilizado diretamente como parte de um processo de armazenamento seguro de senhas ou como uma função de hash para integridade de dados. Portanto, o alerta é um FALSO POSITIVO.",12,especifica,especialista:d1145f8b,a81b6f5ca3a4f70c2cdbca1436fd138ccc84976ee981aa1726e3dff9ae4e4311,1054,132,0.00000000
175964b1:CWE-328:false_positive#10,navidrome/navidrome,CWE-328,FP,ollama:qwen2.5-coder:7b,especialista,seguro,DETECTADO,Semgrep FP (ruído sobre código seguro),FP,Verdadeiro Negativo (Acerto),4.23,"A função MD5 é usada em um contexto específico de autenticação, onde a verificação da senha é realizada com uma sal. Embora MD5 seja considerado inseguro para uso geral, neste caso específico, ele está sendo usado corretamente para fins de autenticação segura.",12,especifica,especialista:d1145f8b,a81b6f5ca3a4f70c2cdbca1436fd138ccc84976ee981aa1726e3dff9ae4e4311,1017,80,0.00000000
175964b1:CWE-328:false_positive#11,navidrome/navidrome,CWE-328,FP,ollama:qwen2.5-coder:7b,especialista,seguro,DETECTADO,Semgrep FP (ruído sobre código seguro),FP,Verdadeiro Negativo (Acerto),5.20,"A função SHA-1 é usada aqui para gerar um hash de chave, não para fins de autenticação ou integridade. Em vez disso, ela está sendo usada como parte de uma estratégia de mapeamento de chaves que envolve a criação de um caminho de arquivo baseado no hash da chave. Como essa função não é usada diretamente para senhas ou dados sensíveis, e sim para gerar um identificador único para arquivos, ela não constitui uma vulnerabilidade.",12,especifica,especialista:d1145f8b,a81b6f5ca3a4f70c2cdbca1436fd138ccc84976ee981aa1726e3dff9ae4e4311,998,125,0.00000000
175964b1:CWE-338:false_positive,navidrome/navidrome,CWE-338,FP,ollama:qwen2.5-coder:7b,especialista,seguro,DETECTADO,Semgrep FP (ruído sobre código seguro),FP,Verdadeiro Negativo (Acerto),5.32,"O uso de `math/rand` neste contexto não constitui uma vulnerabilidade. A função `rand.Intn(256)` é usada para gerar índices aleatórios para acessar itens em uma lista (`model.MediaFiles`). Este uso não requer imprevisibilidade criptográfica, pois os índices são apenas usados para navegar entre elementos de uma coleção conhecida. O contexto aqui é a manipulação de uma fila de reprodução de mídia, onde a imprevisibilidade dos índices não é necessária.",1,especifica,especialista:d1145f8b,a81b6f5ca3a4f70c2cdbca1436fd138ccc84976ee981aa1726e3dff9ae4e4311,941,131,0.00000000
175964b1:CWE-614:false_positive,navidrome/navidrome,CWE-614,FP,ollama:qwen2.5-coder:7b,especialista,seguro,DETECTADO,Semgrep FP (ruído sobre código seguro),FP,Verdadeiro Negativo (Acerto),4.37,"O cookie 'playerIDCookieName(userName)' não é um cookie de sessão, autenticação ou token. É um cookie que armazena a ID do jogador, que não é considerado sensível no contexto fornecido. A ausência do atributo Secure neste caso não constitui uma vulnerabilidade.",1,especifica,especialista:d1145f8b,a81b6f5ca3a4f70c2cdbca1436fd138ccc84976ee981aa1726e3dff9ae4e4311,1077,81,0.00000000
175964b1:CWE-665:false_positive,navidrome/navidrome,CWE-665,FP,ollama:qwen2.5-coder:7b,especialista,seguro,DETECTADO,Semgrep FP (ruído sobre código seguro),FP,Verdadeiro Negativo (Acerto),6.20,"O alerta indica que a variável `req` pode ser modificada e usada posteriormente em caso de erro, o que poderia resultar em um panic devido a uma desreferência nula. No entanto, no contexto fornecido, a variável `req` é passada para várias funções e métodos sem ser modificada. A função `c.deserializeReq(key)` pode retornar um erro, mas isso não significa que `req` seja modificado. O erro é então registrado e o fluxo de controle continua normalmente. Portanto, este alerta não constitui uma vulnerabilidade real.",1,especifica,especialista:d1145f8b,a81b6f5ca3a4f70c2cdbca1436fd138ccc84976ee981aa1726e3dff9ae4e4311,1023,147,0.00000000
175964b1:CWE-79:false_positive,navidrome/navidrome,CWE-79,FP,ollama:qwen2.5-coder:7b,especialista,seguro,DETECTADO,Semgrep FP (ruído sobre código seguro),FP,Verdadeiro Negativo (Acerto),4.35,"O código não está diretamente escrevendo dados de entrada do usuário em um http.ResponseWriter sem escape. Em vez disso, ele usa a função http.ServeContent para servir um arquivo estático chamado 'response', que é uma página HTML pré-definida e não contém dados dinâmicos do usuário.",12,especifica,especialista:d1145f8b,a81b6f5ca3a4f70c2cdbca1436fd138ccc84976ee981aa1726e3dff9ae4e4311,1105,83,0.00000000
175964b1:CWE-79:false_positive#1,navidrome/navidrome,CWE-79,FP,ollama:qwen2.5-coder:7b,especialista,seguro,DETECTADO,Semgrep FP (ruído sobre código seguro),FP,Verdadeiro Negativo (Acerto),4.50,"O código não está incorporando dados do usuário diretamente na saída HTML. Ele está apenas escrevendo uma imagem PNG codificada em base64 para o `http.ResponseWriter`. Não há nenhuma entrada controlável por terceiros sendo inserida ou renderizada como parte da resposta, então isso não constitui uma vulnerabilidade de Cross-site Scripting (XSS).",12,especifica,especialista:d1145f8b,a81b6f5ca3a4f70c2cdbca1436fd138ccc84976ee981aa1726e3dff9ae4e4311,915,96,0.00000000
175964b1:CWE-79:false_positive#2,navidrome/navidrome,CWE-79,FP,ollama:qwen2.5-coder:7b,especialista,seguro,DETECTADO,Semgrep FP (ruído sobre código seguro),FP,Verdadeiro Negativo (Acerto),4.34,"O código não está diretamente escrevendo dados de entrada do usuário em um http.ResponseWriter sem escape. Em vez disso, ele serializa os dados para JSON usando json.Marshal e depois envia a resposta como conteúdo tipo 'application/json'. Isso evita a injeção de script XSS.",12,especifica,especialista:d1145f8b,a81b6f5ca3a4f70c2cdbca1436fd138ccc84976ee981aa1726e3dff9ae4e4311,1162,78,0.00000000
175964b1:CWE-79:false_positive#3,navidrome/navidrome,CWE-79,FP,ollama:qwen2.5-coder:7b,especialista,seguro,DETECTADO,Semgrep FP (ruído sobre código seguro),FP,Verdadeiro Negativo (Acerto),4.06,"O código não está incorporando dados de entrada do usuário diretamente na saída HTTP. Em vez disso, ele está escrevendo uma resposta JSON simples que não contém entradas externas.",12,especifica,especialista:d1145f8b,a81b6f5ca3a4f70c2cdbca1436fd138ccc84976ee981aa1726e3dff9ae4e4311,1342,58,0.00000000
175964b1:CWE-79:false_positive#4,navidrome/navidrome,CWE-79,FP,ollama:qwen2.5-coder:7b,especialista,seguro,DETECTADO,Semgrep FP (ruído sobre código seguro),FP,Verdadeiro Negativo (Acerto),4.52,"O código não está diretamente escrevendo dados de entrada do usuário no http.ResponseWriter. Em vez disso, ele está convertendo os dados em uma string M3U8 e enviando essa string como resposta. Como a string é gerada internamente pelo sistema e não contém dados diretos do usuário, ela não apresenta risco de injeção de script.",12,especifica,especialista:d1145f8b,a81b6f5ca3a4f70c2cdbca1436fd138ccc84976ee981aa1726e3dff9ae4e4311,1024,94,0.00000000
175964b1:CWE-79:false_positive#5,navidrome/navidrome,CWE-79,FP,ollama:qwen2.5-coder:7b,especialista,seguro,DETECTADO,Semgrep FP (ruído sobre código seguro),FP,Verdadeiro Negativo (Acerto),12.49,"O código não está diretamente escrevendo dados de entrada do usuário no http.ResponseWriter. Em vez disso, ele está convertendo o objeto M3U em uma string e escrevendo essa string binária no ResponseWriter. Como a conversão para M3U8 já garante que qualquer conteúdo potencialmente perigoso seja adequadamente escapado, este código não constitui uma vulnerabilidade XSS.",12,especifica,especialista:d1145f8b,a81b6f5ca3a4f70c2cdbca1436fd138ccc84976ee981aa1726e3dff9ae4e4311,1011,102,0.00000000
175964b1:CWE-79:false_positive#6,navidrome/navidrome,CWE-79,FP,ollama:qwen2.5-coder:7b,especialista,seguro,DETECTADO,Semgrep FP (ruído sobre código seguro),FP,Verdadeiro Negativo (Acerto),4.87,"O código não está diretamente escrevendo dados de entrada do usuário em um http.ResponseWriter sem escape. Em vez disso, ele está serializando os dados para diferentes formatos (JSON, JSONP, XML) e então escrevendo esses bytes brutos no ResponseWriter. O escape HTML é aplicado durante a serialização desses formatos, o que previne injeções de script.",12,especifica,especialista:d1145f8b,a81b6f5ca3a4f70c2cdbca1436fd138ccc84976ee981aa1726e3dff9ae4e4311,1263,100,0.00000000
175964b1:CWE-94:false_positive,navidrome/navidrome,CWE-94,FP,ollama:qwen2.5-coder:7b,especialista,seguro,DETECTADO,Semgrep FP (ruído sobre código seguro),FP,Verdadeiro Negativo (Acerto),4.57,"O texto do comando é gerado internamente pela função `createProbeCommand`, que provavelmente contém uma lista de argumentos fixos. A entrada externa (`files`) não está sendo usada para alterar o comando em si, mas sim como um parâmetro para a execução do comando. Portanto, este código não constitui uma vulnerabilidade de injeção de código.",3,especifica,especialista:d1145f8b,a81b6f5ca3a4f70c2cdbca1436fd138ccc84976ee981aa1726e3dff9ae4e4311,899,99,0.00000000
175964b1:CWE-94:false_positive#1,navidrome/navidrome,CWE-94,FP,ollama:qwen2.5-coder:7b,especialista,seguro,DETECTADO,Semgrep FP (ruído sobre código seguro),FP,Verdadeiro Negativo (Acerto),3.38,"O texto do comando é constante do programa; a entrada externa é apenas dado interpolado, não código de comando.",3,especifica,especialista:d1145f8b,a81b6f5ca3a4f70c2cdbca1436fd138ccc84976ee981aa1726e3dff9ae4e4311,906,42,0.00000000
175964b1:CWE-94:false_positive#2,navidrome/navidrome,CWE-94,FP,ollama:qwen2.5-coder:7b,especialista,seguro,DETECTADO,Semgrep FP (ruído sobre código seguro),FP,Verdadeiro Negativo (Acerto),5.16,"O texto do comando é constante e não provém de entrada externa. A função `os.Executable()` retorna o caminho para o executável atual, que é uma string fixa conhecida em tempo de compilação. As opções passadas para `exec.CommandContext` são todas constantes ou valores derivados de variáveis de configuração, também conhecidos em tempo de compilação. Portanto, não há risco de injeção de código.",3,especifica,especialista:d1145f8b,a81b6f5ca3a4f70c2cdbca1436fd138ccc84976ee981aa1726e3dff9ae4e4311,1107,116,0.00000000
f4b33b64:CWE-1004:false_positive,oauth2-proxy/oauth2-proxy,CWE-1004,FP,ollama:qwen2.5-coder:7b,especialista,seguro,DETECTADO,Semgrep FP (ruído sobre código seguro),FP,Verdadeiro Negativo (Acerto),4.34,"O cookie criado pela função MakeCookieFromOptions é configurado com o atributo HttpOnly conforme especificado nas opções de entrada. Se a opção HTTPOnly for falsa, isso significa que a ausência do atributo HttpOnly foi intencional e correta para o contexto em que o cookie será usado.",3,especifica,especialista:d1145f8b,a81b6f5ca3a4f70c2cdbca1436fd138ccc84976ee981aa1726e3dff9ae4e4311,1077,83,0.00000000
f4b33b64:CWE-1004:false_positive#1,oauth2-proxy/oauth2-proxy,CWE-1004,FP,ollama:qwen2.5-coder:7b,especialista,seguro,DETECTADO,Semgrep FP (ruído sobre código seguro),FP,Verdadeiro Negativo (Acerto),4.33,"O cookie em questão é uma cópia de um cookie existente, não sendo criado ou modificado diretamente nesta função. Como o cookie original já possui a flag HttpOnly definida como true, esta cópia também terá essa flag, evitando qualquer risco relacionado à vulnerabilidade CWE-1004.",3,especifica,especialista:d1145f8b,a81b6f5ca3a4f70c2cdbca1436fd138ccc84976ee981aa1726e3dff9ae4e4311,958,87,0.00000000
f4b33b64:CWE-1004:false_positive#2,oauth2-proxy/oauth2-proxy,CWE-1004,FP,ollama:qwen2.5-coder:7b,especialista,seguro,DETECTADO,Semgrep FP (ruído sobre código seguro),FP,Verdadeiro Negativo (Acerto),3.69,"O código em questão é uma função de validação do nome de um cookie, não cria um cookie. Portanto, a ausência do atributo HttpOnly não constitui uma vulnerabilidade nesse contexto.",3,especifica,especialista:d1145f8b,a81b6f5ca3a4f70c2cdbca1436fd138ccc84976ee981aa1726e3dff9ae4e4311,933,59,0.00000000
f4b33b64:CWE-115:false_positive,oauth2-proxy/oauth2-proxy,CWE-115,FP,ollama:qwen2.5-coder:7b,especialista,seguro,DETECTADO,Semgrep FP (ruído sobre código seguro),FP,Verdadeiro Negativo (Acerto),4.42,"O código não apresenta uma vulnerabilidade devido à interpretação incorreta de entrada. A função `setProxyUpstreamHostHeader` está configurando o cabeçalho `Host` da solicitação para o valor do host do URL de destino, sem realizar qualquer conversão ou interpretação que possa levar a um comportamento inesperado.",1,especifica,especialista:d1145f8b,a81b6f5ca3a4f70c2cdbca1436fd138ccc84976ee981aa1726e3dff9ae4e4311,867,93,0.00000000
f4b33b64:CWE-319:false_positive,oauth2-proxy/oauth2-proxy,CWE-319,FP,ollama:qwen2.5-coder:7b,especialista,seguro,DETECTADO,Semgrep FP (ruído sobre código seguro),FP,Verdadeiro Negativo (Acerto),6.84,"O código não desabilita a verificação de certificados TLS/SSL. Em vez disso, ele verifica se o campo `o.SSLInsecureSkipVerify` é verdadeiro e, nesse caso, configura uma conexão HTTP com a opção `InsecureSkipVerify` definida como `true`. No entanto, isso não desabilita a verificação de certificados TLS/SSL. Em vez disso, ele permite que o sistema use um pool de certificados personalizado ou o certificado do sistema, dependendo das configurações fornecidas em `o.Providers[0].CAFiles` e `o.Providers[0].UseSystemTrustStore`. Portanto, este código não constitui uma vulnerabilidade real.",1,especifica,especialista:d1145f8b,a81b6f5ca3a4f70c2cdbca1436fd138ccc84976ee981aa1726e3dff9ae4e4311,1663,173,0.00000000
f4b33b64:CWE-327:false_positive,oauth2-proxy/oauth2-proxy,CWE-327,FP,ollama:qwen2.5-coder:7b,especialista,seguro,DETECTADO,Semgrep FP (ruído sobre código seguro),FP,Verdadeiro Negativo (Acerto),4.27,"O código configura uma conexão TLS com o Redis, mas não especifica a versão mínima do protocolo TLS. Embora isso possa ser considerado uma boa prática para garantir a segurança da comunicação, o alerta em si não identifica uma vulnerabilidade específica neste contexto.",2,especifica,especialista:d1145f8b,a81b6f5ca3a4f70c2cdbca1436fd138ccc84976ee981aa1726e3dff9ae4e4311,1104,78,0.00000000
f4b33b64:CWE-327:false_positive#1,oauth2-proxy/oauth2-proxy,CWE-327,FP,ollama:qwen2.5-coder:7b,especialista,seguro,DETECTADO,Semgrep FP (ruído sobre código seguro),FP,Verdadeiro Negativo (Acerto),5.46,"O alerta é um FALSO POSITIVO porque o código em questão configura a versão mínima do TLS para TLS 1.2, conforme recomendado pela ferramenta Semgrep. O código não usa MD5 ou SHA-1, e sim a função `tls.Config` com a opção `MinVersion: tls.VersionTLS12`, que é uma prática segura para configurações de TLS em aplicações web.",2,especifica,especialista:d1145f8b,a81b6f5ca3a4f70c2cdbca1436fd138ccc84976ee981aa1726e3dff9ae4e4311,1669,110,0.00000000
f4b33b64:CWE-328:false_positive,oauth2-proxy/oauth2-proxy,CWE-328,FP,ollama:qwen2.5-coder:7b,especialista,seguro,DETECTADO,Semgrep FP (ruído sobre código seguro),FP,Verdadeiro Negativo (Acerto),4.89,"A função SHA-1 é usada aqui para validar senhas em um contexto específico de autenticação HTTP (htpasswd), onde a fragilidade do algoritmo não constitui uma vulnerabilidade. O uso de SHA-1 neste caso é aceitável porque o sistema está configurado para suportar e validar hashes SHA-1, e não há indicação de que este seja um ponto fraco em relação à segurança da aplicação.",1,especifica,especialista:d1145f8b,a81b6f5ca3a4f70c2cdbca1436fd138ccc84976ee981aa1726e3dff9ae4e4311,1016,109,0.00000000
f4b33b64:CWE-601:false_positive,oauth2-proxy/oauth2-proxy,CWE-601,FP,ollama:qwen2.5-coder:7b,especialista,seguro,DETECTADO,Semgrep FP (ruído sobre código seguro),FP,Verdadeiro Negativo (Acerto),5.87,"O código verifica se o redirecionamento é válido usando a função `p.redirectValidator.IsValidRedirect(appRedirect)`. Se o redirecionamento não for válido, ele é rejeitado e definido como ""/"". Portanto, este código segue as boas práticas recomendadas para evitar redirecionamentos abertos.",3,especifica,especialista:d1145f8b,a81b6f5ca3a4f70c2cdbca1436fd138ccc84976ee981aa1726e3dff9ae4e4311,1786,87,0.00000000
f4b33b64:CWE-601:false_positive#1,oauth2-proxy/oauth2-proxy,CWE-601,FP,ollama:qwen2.5-coder:7b,especialista,seguro,DETECTADO,Semgrep FP (ruído sobre código seguro),FP,Verdadeiro Negativo (Acerto),4.71,"O código implementa uma lógica para redirecionar solicitações HTTP para HTTPS, garantindo que o destino do redirecionamento seja sempre um caminho relativo interno. A função `redirectToHTTPS` não aceita URLs absolutas ou hosts externos, rejeitando qualquer entrada que não atenda a esses critérios.",3,especifica,especialista:d1145f8b,a81b6f5ca3a4f70c2cdbca1436fd138ccc84976ee981aa1726e3dff9ae4e4311,1172,91,0.00000000
f4b33b64:CWE-601:false_positive#2,oauth2-proxy/oauth2-proxy,CWE-601,FP,ollama:qwen2.5-coder:7b,especialista,seguro,DETECTADO,Semgrep FP (ruído sobre código seguro),FP,Verdadeiro Negativo (Acerto),5.02,"O código não está sujeito a uma vulnerabilidade de redirecionamento aberto (open redirect) porque o destino do redirecionamento é construído a partir da URL original do pedido, que já contém um caminho com barra final. A função `http.Redirect` é chamada com `req.URL.String()+""/""`, garantindo que o destino seja sempre uma URL relativa interna e não um site externo.",3,especifica,especialista:d1145f8b,a81b6f5ca3a4f70c2cdbca1436fd138ccc84976ee981aa1726e3dff9ae4e4311,1043,110,0.00000000
f4b33b64:CWE-614:false_positive,oauth2-proxy/oauth2-proxy,CWE-614,FP,ollama:qwen2.5-coder:7b,especialista,seguro,DETECTADO,Semgrep FP (ruído sobre código seguro),FP,Verdadeiro Negativo (Acerto),5.23,"O cookie criado pela função MakeCookieFromOptions não é um cookie de sessão, autenticação ou token. O nome do cookie é 'name' e o valor é 'value', que não são indicadores comuns de dados sensíveis como sessionid, token ou auth. Além disso, a função permite que o atributo Secure seja configurado através dos parâmetros de entrada, permitindo que o desenvolvedor decida se o cookie deve ser seguro ou não.",3,especifica,especialista:d1145f8b,a81b6f5ca3a4f70c2cdbca1436fd138ccc84976ee981aa1726e3dff9ae4e4311,1029,116,0.00000000
f4b33b64:CWE-614:false_positive#1,oauth2-proxy/oauth2-proxy,CWE-614,FP,ollama:qwen2.5-coder:7b,especialista,seguro,DETECTADO,Semgrep FP (ruído sobre código seguro),FP,Verdadeiro Negativo (Acerto),4.22,"O código está simplesmente copiando um cookie existente, sem alterar seus atributos. Como não há criação de novos cookies ou modificação dos atributos Secure, SameSite ou HttpOnly, este código não constitui uma vulnerabilidade.",3,especifica,especialista:d1145f8b,a81b6f5ca3a4f70c2cdbca1436fd138ccc84976ee981aa1726e3dff9ae4e4311,910,69,0.00000000
f4b33b64:CWE-614:false_positive#2,oauth2-proxy/oauth2-proxy,CWE-614,FP,ollama:qwen2.5-coder:7b,especialista,seguro,DETECTADO,Semgrep FP (ruído sobre código seguro),FP,Verdadeiro Negativo (Acerto),4.10,"O código em questão é uma função de validação do nome de um cookie, não cria cookies. Portanto, ele não está envolvido na transmissão de cookies de sessão ou autenticação, e a ausência do atributo 'Secure' não constitui uma vulnerabilidade.",3,especifica,especialista:d1145f8b,a81b6f5ca3a4f70c2cdbca1436fd138ccc84976ee981aa1726e3dff9ae4e4311,885,76,0.00000000
f4b33b64:CWE-79:false_positive,oauth2-proxy/oauth2-proxy,CWE-79,FP,ollama:qwen2.5-coder:7b,especialista,seguro,DETECTADO,Semgrep FP (ruído sobre código seguro),FP,Verdadeiro Negativo (Acerto),5.40,"O código não está utilizando a função template.HTML() diretamente com dados de entrada do usuário. Em vez disso, ele está usando uma variável 'footer' que é configurada pelo usuário, mas o alerta não consegue determinar se essa variável contém dados controlados por terceiros. O uso de template.HTML() em contexto onde a variável é configurada pelo usuário pode ser considerado um risco potencial para XSS, mas neste caso específico, o código parece estar protegido contra injeções de script.",6,especifica,especialista:d1145f8b,a81b6f5ca3a4f70c2cdbca1436fd138ccc84976ee981aa1726e3dff9ae4e4311,1117,128,0.00000000
f4b33b64:CWE-79:false_positive#1,oauth2-proxy/oauth2-proxy,CWE-79,FP,ollama:qwen2.5-coder:7b,especialista,seguro,DETECTADO,Semgrep FP (ruído sobre código seguro),FP,Verdadeiro Negativo (Acerto),4.84,"O código não está diretamente escrevendo dados de entrada do usuário em um http.ResponseWriter sem escape. Em vez disso, ele está formatando uma mensagem de erro usando fmt.Sprintf e depois escrevendo essa mensagem formatada no ResponseWriter. Como a mensagem é formatada antes de ser escrita, qualquer entrada potencialmente perigosa (como tags HTML) será escapada automaticamente pelo Go, prevenindo injeções de script.",6,especifica,especialista:d1145f8b,a81b6f5ca3a4f70c2cdbca1436fd138ccc84976ee981aa1726e3dff9ae4e4311,956,109,0.00000000
f4b33b64:CWE-79:false_positive#2,oauth2-proxy/oauth2-proxy,CWE-79,FP,ollama:qwen2.5-coder:7b,especialista,seguro,DETECTADO,Semgrep FP (ruído sobre código seguro),FP,Verdadeiro Negativo (Acerto),4.93,"O código não está utilizando a função template.HTML() diretamente com dados de entrada do usuário. Em vez disso, ele está usando valores que são configurados pelo sistema (como s.signInMessage, s.footer e s.logoData) e não estão sendo alterados por usuários externos. Portanto, não há risco de injeção de script e o alerta é um FALSO POSITIVO.",6,especifica,especialista:d1145f8b,a81b6f5ca3a4f70c2cdbca1436fd138ccc84976ee981aa1726e3dff9ae4e4311,1232,102,0.00000000
f4b33b64:CWE-79:false_positive#3,oauth2-proxy/oauth2-proxy,CWE-79,FP,ollama:qwen2.5-coder:7b,especialista,seguro,DETECTADO,Semgrep FP (ruído sobre código seguro),FP,Verdadeiro Negativo (Acerto),4.95,"O código não está diretamente escrevendo dados de entrada do usuário no http.ResponseWriter. Em vez disso, ele está chamando uma função `getPage` que provavelmente retorna conteúdo estático ou predefinido, e então escreve esse conteúdo direto para a resposta. Como não há evidências de entrada controlável por terceiros sendo incorporada diretamente à saída HTML sem escape, este código não constitui uma vulnerabilidade XSS.",6,especifica,especialista:d1145f8b,a81b6f5ca3a4f70c2cdbca1436fd138ccc84976ee981aa1726e3dff9ae4e4311,976,111,0.00000000
f4b33b64:CWE-79:false_positive#4,oauth2-proxy/oauth2-proxy,CWE-79,FP,ollama:qwen2.5-coder:7b,especialista,seguro,DETECTADO,Semgrep FP (ruído sobre código seguro),FP,Verdadeiro Negativo (Acerto),4.07,"O código não está incorporando dados do usuário diretamente na saída HTML sem escape apropriado. Em vez disso, ele usa o pacote `html/template` para renderizar conteúdo HTML de forma segura.",6,especifica,especialista:d1145f8b,a81b6f5ca3a4f70c2cdbca1436fd138ccc84976ee981aa1726e3dff9ae4e4311,1258,62,0.00000000
f4b33b64:CWE-79:false_positive#5,oauth2-proxy/oauth2-proxy,CWE-79,FP,ollama:qwen2.5-coder:7b,especialista,seguro,DETECTADO,Semgrep FP (ruído sobre código seguro),FP,Verdadeiro Negativo (Acerto),3.21,"O uso de `fmt.Fprintf(rw,",6,especifica,especialista:d1145f8b,a81b6f5ca3a4f70c2cdbca1436fd138ccc84976ee981aa1726e3dff9ae4e4311,986,29,0.00000000
5693c58a:CWE-319:false_positive,osrg/gobgp,CWE-319,FP,ollama:qwen2.5-coder:7b,especialista,seguro,DETECTADO,Semgrep FP (ruído sobre código seguro),FP,Verdadeiro Negativo (Acerto),4.74,"A chamada a `http.ListenAndServe` não transmite dados sensíveis. Ela é usada para iniciar um servidor HTTP que pode ser acessado localmente (localhost) e não exposto à internet. Portanto, não há risco de transmissão em texto claro.",2,especifica,especialista:d1145f8b,a81b6f5ca3a4f70c2cdbca1436fd138ccc84976ee981aa1726e3dff9ae4e4311,1627,74,0.00000000
5693c58a:CWE-319:false_positive#1,osrg/gobgp,CWE-319,FP,ollama:qwen2.5-coder:7b,especialista,seguro,DETECTADO,Semgrep FP (ruído sobre código seguro),FP,Verdadeiro Negativo (Acerto),6.75,"O código não está transmitindo informações sensíveis em texto claro. A ferramenta de análise estática alertou sobre a ausência de TLS no servidor HTTP, mas o código contém lógica para configurar um servidor gRPC com TLS se a opção `--tls` for especificada. Isso garante que qualquer comunicação via gRPC seja criptografada.",2,especifica,especialista:d1145f8b,a81b6f5ca3a4f70c2cdbca1436fd138ccc84976ee981aa1726e3dff9ae4e4311,3542,96,0.00000000
5693c58a:CWE-327:false_positive,osrg/gobgp,CWE-327,FP,ollama:qwen2.5-coder:7b,especialista,seguro,DETECTADO,Semgrep FP (ruído sobre código seguro),FP,Verdadeiro Negativo (Acerto),5.39,"O alerta é um FALSO POSITIVO porque o código está configurando uma conexão TLS com a versão mínima padrão do Go (TLS 1.2), que é considerada segura para uso em aplicações de propósito geral. O código não desativa outras versões de TLS, nem habilita TLS 1.0 ou 1.1, o que significa que ele não está configurado para suportar clientes legados com navegadores inseguros.",2,especifica,especialista:d1145f8b,a81b6f5ca3a4f70c2cdbca1436fd138ccc84976ee981aa1726e3dff9ae4e4311,1336,120,0.00000000
5693c58a:CWE-327:false_positive#1,osrg/gobgp,CWE-327,FP,ollama:qwen2.5-coder:7b,especialista,seguro,DETECTADO,Semgrep FP (ruído sobre código seguro),FP,Verdadeiro Negativo (Acerto),6.81,"O alerta é um FALSO POSITIVO porque a configuração de TLS no código não está sendo usada para autenticação, assinatura, derivação de chave ou armazenamento de credencial. Em vez disso, ela está sendo usada para habilitar a comunicação segura via gRPC API, o que é uma prática recomendada e segura.",2,especifica,especialista:d1145f8b,a81b6f5ca3a4f70c2cdbca1436fd138ccc84976ee981aa1726e3dff9ae4e4311,3554,99,0.00000000
5693c58a:CWE-338:false_positive,osrg/gobgp,CWE-338,FP,ollama:qwen2.5-coder:7b,especialista,seguro,DETECTADO,Semgrep FP (ruído sobre código seguro),FP,Verdadeiro Negativo (Acerto),4.00,"O uso de `math/rand` neste contexto não constitui uma vulnerabilidade real. A função é usada para calcular um jitter de backoff, que requer dispersão temporal em vez de imprevisibilidade contra adversário.",1,especifica,especialista:d1145f8b,a81b6f5ca3a4f70c2cdbca1436fd138ccc84976ee981aa1726e3dff9ae4e4311,1103,63,0.00000000
5693c58a:CWE-470:false_positive,osrg/gobgp,CWE-470,FP,ollama:qwen2.5-coder:7b,especialista,seguro,DETECTADO,Semgrep FP (ruído sobre código seguro),FP,Verdadeiro Negativo (Acerto),4.50,"O código não está utilizando reflexão insegura porque o nome do campo a ser acessado vem de uma lista fixa definida no código, em vez de ser controlado externamente pelo atacante. A função verifica se o tag é um dos valores permitidos na lista `forcedOverwrittenConfig` antes de tentar acessar o campo correspondente.",1,especifica,especialista:d1145f8b,a81b6f5ca3a4f70c2cdbca1436fd138ccc84976ee981aa1726e3dff9ae4e4311,1065,91,0.00000000
5693c58a:CWE-489:false_positive,osrg/gobgp,CWE-489,FP,ollama:qwen2.5-coder:7b,especialista,seguro,DETECTADO,Semgrep FP (ruído sobre código seguro),FP,Verdadeiro Negativo (Acerto),6.19,"A exposição do endpoint 'pprof' em '/debug/pprof' é controlada por uma variável de configuração (`globalOpts.PprofPort`). Se essa variável for zero, o servidor não iniciará a escuta nesse endpoint. Além disso, o alerta menciona que isso pode expor informações sobre o servidor, mas não há evidências concretas no código fornecido para indicar que isso está ocorrendo de forma insegura ou sem controle.",1,fallback,especialista:d1145f8b,a81b6f5ca3a4f70c2cdbca1436fd138ccc84976ee981aa1726e3dff9ae4e4311,1664,121,0.00000000
56e6b104:CWE-319:false_positive,osrg/gobgp,CWE-319,FP,ollama:qwen2.5-coder:7b,especialista,seguro,DETECTADO,Semgrep FP (ruído sobre código seguro),FP,Verdadeiro Negativo (Acerto),5.31,"O alerta é um FALSO POSITIVO porque a chamada para `http.ListenAndServe` não está sendo usada para transmitir dados sensíveis. A função `http.ListenAndServe` é usada apenas para iniciar um servidor HTTP sem TLS, que é o comportamento esperado e seguro neste contexto.",2,especifica,especialista:d1145f8b,a81b6f5ca3a4f70c2cdbca1436fd138ccc84976ee981aa1726e3dff9ae4e4311,1627,81,0.00000000
56e6b104:CWE-319:false_positive#1,osrg/gobgp,CWE-319,FP,ollama:qwen2.5-coder:7b,especialista,seguro,DETECTADO,Semgrep FP (ruído sobre código seguro),FP,Verdadeiro Negativo (Acerto),4.00,"O código não está transmitindo informações sensíveis em texto claro. A função `http.ListenAndServeTLS` é usada para iniciar um servidor HTTP que aceita conexões seguras via TLS, garantindo que qualquer transmissão de dados seja criptografada.",2,especifica,especialista:d1145f8b,a81b6f5ca3a4f70c2cdbca1436fd138ccc84976ee981aa1726e3dff9ae4e4311,3542,70,0.00000000
56e6b104:CWE-327:false_positive,osrg/gobgp,CWE-327,FP,ollama:qwen2.5-coder:7b,especialista,seguro,DETECTADO,Semgrep FP (ruído sobre código seguro),FP,Verdadeiro Negativo (Acerto),5.84,"O alerta é um FALSO POSITIVO porque o código está configurando uma conexão TLS com a versão mínima padrão do Go (TLS 1.2), que é considerada segura para uso em aplicativos de propósito geral. O código não desativa outras versões de TLS, nem habilita TLS 1.0 ou 1.1, o que significa que ele não está configurado para suportar clientes legados com navegadores inseguros.",2,especifica,especialista:d1145f8b,a81b6f5ca3a4f70c2cdbca1436fd138ccc84976ee981aa1726e3dff9ae4e4311,1336,119,0.00000000
56e6b104:CWE-327:false_positive#1,osrg/gobgp,CWE-327,FP,ollama:qwen2.5-coder:7b,especialista,seguro,DETECTADO,Semgrep FP (ruído sobre código seguro),FP,Verdadeiro Negativo (Acerto),4.34,"O alerta é um FALSO POSITIVO porque a verificação de TLS em Go 1.22 já usa TLS 1.3 como o mínimo por padrão, conforme indicado na mensagem do alerta. A configuração de TLS no código não está faltando a definição da versão mínima.",2,especifica,especialista:d1145f8b,a81b6f5ca3a4f70c2cdbca1436fd138ccc84976ee981aa1726e3dff9ae4e4311,3554,87,0.00000000
56e6b104:CWE-338:false_positive,osrg/gobgp,CWE-338,FP,ollama:qwen2.5-coder:7b,especialista,seguro,DETECTADO,Semgrep FP (ruído sobre código seguro),FP,Verdadeiro Negativo (Acerto),3.69,"O uso de `math/rand` neste contexto não constitui uma vulnerabilidade real. A função é usada para calcular um jitter de backoff, que requer dispersão temporal em vez de imprevisibilidade contra adversário.",1,especifica,especialista:d1145f8b,a81b6f5ca3a4f70c2cdbca1436fd138ccc84976ee981aa1726e3dff9ae4e4311,1103,63,0.00000000
56e6b104:CWE-470:false_positive,osrg/gobgp,CWE-470,FP,ollama:qwen2.5-coder:7b,especialista,seguro,DETECTADO,Semgrep FP (ruído sobre código seguro),FP,Verdadeiro Negativo (Acerto),4.76,"O código não está utilizando reflexão para selecionar métodos ou campos com base em entrada externa. Em vez disso, ele está iterando sobre os campos de um struct `pg` e atualizando os valores correspondentes em um struct `c` com base em tags de configuração definidas no código. A entrada externa (`tagPrefix`) é usada para construir uma chave de tag, mas não para selecionar métodos ou campos dinamicamente.",1,especifica,especialista:d1145f8b,a81b6f5ca3a4f70c2cdbca1436fd138ccc84976ee981aa1726e3dff9ae4e4311,1065,114,0.00000000
56e6b104:CWE-489:false_positive,osrg/gobgp,CWE-489,FP,ollama:qwen2.5-coder:7b,especialista,seguro,DETECTADO,Semgrep FP (ruído sobre código seguro),FP,Verdadeiro Negativo (Acerto),4.92,"A exposição do endpoint 'pprof' em '/debug/pprof' é controlada por uma variável de configuração (`globalOpts.PprofPort`). Se essa variável for zero, o servidor não iniciará a escuta nesse endpoint. Além disso, o alerta menciona que isso pode expor informações sobre o servidor, mas não há evidências concretas no código fornecido para indicar que isso está acontecendo ou que é uma vulnerabilidade real.",1,fallback,especialista:d1145f8b,a81b6f5ca3a4f70c2cdbca1436fd138ccc84976ee981aa1726e3dff9ae4e4311,1664,120,0.00000000
ca7383f4:CWE-319:false_positive,osrg/gobgp,CWE-319,FP,ollama:qwen2.5-coder:7b,especialista,seguro,DETECTADO,Semgrep FP (ruído sobre código seguro),FP,Verdadeiro Negativo (Acerto),4.54,O alerta é um FALSO POSITIVO porque a chamada para `http.ListenAndServe` não está enviando dados sensíveis. A função `newRootCmd` configura um servidor HTTP simples que não transmite informações confidenciais. O servidor é usado apenas para expor métricas de profiling (pprof) e não para comunicação com serviços externos que exigiriam TLS.,2,especifica,especialista:d1145f8b,a81b6f5ca3a4f70c2cdbca1436fd138ccc84976ee981aa1726e3dff9ae4e4311,1627,102,0.00000000
ca7383f4:CWE-319:false_positive#1,osrg/gobgp,CWE-319,FP,ollama:qwen2.5-coder:7b,especialista,seguro,DETECTADO,Semgrep FP (ruído sobre código seguro),FP,Verdadeiro Negativo (Acerto),3.93,"O código não está transmitindo informações sensíveis em texto claro. A função `http.ListenAndServeTLS` é usada para iniciar um servidor HTTP que aceita conexões seguras via TLS, garantindo que qualquer transmissão de dados seja criptografada.",2,especifica,especialista:d1145f8b,a81b6f5ca3a4f70c2cdbca1436fd138ccc84976ee981aa1726e3dff9ae4e4311,3542,70,0.00000000
ca7383f4:CWE-327:false_positive,osrg/gobgp,CWE-327,FP,ollama:qwen2.5-coder:7b,especialista,seguro,DETECTADO,Semgrep FP (ruído sobre código seguro),FP,Verdadeiro Negativo (Acerto),4.94,"O alerta é um FALSO POSITIVO porque o código está configurando uma conexão TLS com a versão mínima padrão do Go (TLS 1.2), que é considerada segura para uso em aplicativos de propósito geral. O código não desativa outras versões de TLS, nem habilita TLS 1.0 ou 1.1, o que significa que ele não está configurado para suportar clientes legados com navegadores inseguros.",2,especifica,especialista:d1145f8b,a81b6f5ca3a4f70c2cdbca1436fd138ccc84976ee981aa1726e3dff9ae4e4311,1336,119,0.00000000
ca7383f4:CWE-327:false_positive#1,osrg/gobgp,CWE-327,FP,ollama:qwen2.5-coder:7b,especialista,seguro,DETECTADO,Semgrep FP (ruído sobre código seguro),FP,Verdadeiro Negativo (Acerto),4.38,"O alerta é um FALSO POSITIVO porque a verificação de TLS em Go 1.22 já usa TLS 1.3 como o mínimo por padrão, conforme indicado na mensagem do alerta. A configuração de TLS no código não está faltando a definição da versão mínima.",2,especifica,especialista:d1145f8b,a81b6f5ca3a4f70c2cdbca1436fd138ccc84976ee981aa1726e3dff9ae4e4311,3554,87,0.00000000
ca7383f4:CWE-338:false_positive,osrg/gobgp,CWE-338,FP,ollama:qwen2.5-coder:7b,especialista,seguro,DETECTADO,Semgrep FP (ruído sobre código seguro),FP,Verdadeiro Negativo (Acerto),3.66,"O uso de `math/rand` neste contexto não constitui uma vulnerabilidade real. A função é usada para calcular um jitter de backoff, que requer dispersão temporal em vez de imprevisibilidade contra adversário.",1,especifica,especialista:d1145f8b,a81b6f5ca3a4f70c2cdbca1436fd138ccc84976ee981aa1726e3dff9ae4e4311,1103,63,0.00000000
ca7383f4:CWE-470:false_positive,osrg/gobgp,CWE-470,FP,ollama:qwen2.5-coder:7b,especialista,seguro,DETECTADO,Semgrep FP (ruído sobre código seguro),FP,Verdadeiro Negativo (Acerto),4.74,"O código não está utilizando reflexão para selecionar métodos ou campos com base em entrada externa. Em vez disso, ele está iterando sobre os campos de um struct `pg` e atualizando os valores correspondentes em um struct `c` com base em tags de configuração definidas no código. A entrada externa (`tagPrefix`) é usada para construir uma chave de tag, mas não para selecionar métodos ou campos dinamicamente.",1,especifica,especialista:d1145f8b,a81b6f5ca3a4f70c2cdbca1436fd138ccc84976ee981aa1726e3dff9ae4e4311,1065,114,0.00000000
ca7383f4:CWE-489:false_positive,osrg/gobgp,CWE-489,FP,ollama:qwen2.5-coder:7b,especialista,seguro,DETECTADO,Semgrep FP (ruído sobre código seguro),FP,Verdadeiro Negativo (Acerto),4.92,"A exposição do endpoint 'pprof' em '/debug/pprof' é controlada por uma variável de configuração (`globalOpts.PprofPort`). Se essa variável for zero, o servidor não iniciará a escuta nesse endpoint. Além disso, o alerta menciona que isso pode expor informações sobre o servidor, mas não há evidências concretas no código fornecido para indicar que isso está acontecendo ou que é uma vulnerabilidade real.",1,fallback,especialista:d1145f8b,a81b6f5ca3a4f70c2cdbca1436fd138ccc84976ee981aa1726e3dff9ae4e4311,1664,120,0.00000000
defe9ac1:CWE-319:false_positive,osrg/gobgp,CWE-319,FP,ollama:qwen2.5-coder:7b,especialista,seguro,DETECTADO,Semgrep FP (ruído sobre código seguro),FP,Verdadeiro Negativo (Acerto),4.63,A chamada a `http.ListenAndServe` não transmite dados sensíveis. Ela é usada para iniciar um servidor HTTP que pode ser acessado localmente (localhost) e não expõe informações confidenciais em trânsito.,2,especifica,especialista:d1145f8b,a81b6f5ca3a4f70c2cdbca1436fd138ccc84976ee981aa1726e3dff9ae4e4311,1631,69,0.00000000
defe9ac1:CWE-319:false_positive#1,osrg/gobgp,CWE-319,FP,ollama:qwen2.5-coder:7b,especialista,seguro,DETECTADO,Semgrep FP (ruído sobre código seguro),FP,Verdadeiro Negativo (Acerto),3.99,"O código não está transmitindo informações sensíveis em texto claro. A função `http.ListenAndServeTLS` é usada para iniciar um servidor HTTP que aceita conexões seguras via TLS, garantindo que qualquer transmissão de dados seja criptografada.",2,especifica,especialista:d1145f8b,a81b6f5ca3a4f70c2cdbca1436fd138ccc84976ee981aa1726e3dff9ae4e4311,3542,70,0.00000000
defe9ac1:CWE-327:false_positive,osrg/gobgp,CWE-327,FP,ollama:qwen2.5-coder:7b,especialista,seguro,DETECTADO,Semgrep FP (ruído sobre código seguro),FP,Verdadeiro Negativo (Acerto),6.58,"O alerta é um FALSO POSITIVO porque o código está configurando uma conexão gRPC com TLS, mas não especificamente menciona a versão mínima do protocolo TLS. No contexto fornecido, a função `newConn` configura uma conexão segura usando TLS, incluindo certificados de autoridade e certificados de cliente, o que é adequado para aplicações web geralmente. A falta da especificação explícita da versão mínima do TLS (TLS 1.3) não constitui uma vulnerabilidade em si, pois a configuração padrão do Go 1.22 já usa TLS 1.2 como o mínimo e isso é considerado seguro para aplicativos de propósito geral.",2,especifica,especialista:d1145f8b,a81b6f5ca3a4f70c2cdbca1436fd138ccc84976ee981aa1726e3dff9ae4e4311,1278,175,0.00000000
defe9ac1:CWE-327:false_positive#1,osrg/gobgp,CWE-327,FP,ollama:qwen2.5-coder:7b,especialista,seguro,DETECTADO,Semgrep FP (ruído sobre código seguro),FP,Verdadeiro Negativo (Acerto),4.35,"O alerta é um FALSO POSITIVO porque a verificação de TLS em Go 1.22 já usa TLS 1.3 como o mínimo por padrão, conforme indicado na mensagem do alerta. A configuração de TLS no código não está faltando a definição da versão mínima.",2,especifica,especialista:d1145f8b,a81b6f5ca3a4f70c2cdbca1436fd138ccc84976ee981aa1726e3dff9ae4e4311,3554,87,0.00000000
defe9ac1:CWE-338:false_positive,osrg/gobgp,CWE-338,FP,ollama:qwen2.5-coder:7b,especialista,seguro,DETECTADO,Semgrep FP (ruído sobre código seguro),FP,Verdadeiro Negativo (Acerto),3.82,"O uso de `math/rand` neste contexto não constitui uma vulnerabilidade real. A função é usada para calcular um jitter de backoff, que requer dispersão temporal em vez de imprevisibilidade contra adversário.",1,especifica,especialista:d1145f8b,a81b6f5ca3a4f70c2cdbca1436fd138ccc84976ee981aa1726e3dff9ae4e4311,1103,63,0.00000000
defe9ac1:CWE-470:false_positive,osrg/gobgp,CWE-470,FP,ollama:qwen2.5-coder:7b,especialista,seguro,DETECTADO,Semgrep FP (ruído sobre código seguro),FP,Verdadeiro Negativo (Acerto),5.09,"O código não está utilizando reflexão para selecionar métodos ou campos com base em entrada externa. Em vez disso, ele está iterando sobre os campos de um tipo específico (pgType) e atualizando valores em outro objeto (nValue) com base em tags de configuração fixas (tagPrefix). A entrada externa é usada apenas para acessar valores em uma estrutura de dados (viper.Viper), mas não para selecionar métodos ou campos dinamicamente.",1,especifica,especialista:d1145f8b,a81b6f5ca3a4f70c2cdbca1436fd138ccc84976ee981aa1726e3dff9ae4e4311,1068,120,0.00000000
defe9ac1:CWE-489:false_positive,osrg/gobgp,CWE-489,FP,ollama:qwen2.5-coder:7b,especialista,seguro,DETECTADO,Semgrep FP (ruído sobre código seguro),FP,Verdadeiro Negativo (Acerto),5.72,"A exposição do endpoint 'pprof' em '/debug/pprof' é controlada por uma variável de configuração (`globalOpts.PprofPort`). Se essa variável for definida como zero, o servidor não iniciará a escuta nesse endpoint. Além disso, o alerta menciona que isso pode expor informações sobre o servidor, mas não há evidências concretas no código fornecido de que isso esteja ocorrendo ou seja uma vulnerabilidade real.",1,fallback,especialista:d1145f8b,a81b6f5ca3a4f70c2cdbca1436fd138ccc84976ee981aa1726e3dff9ae4e4311,1668,121,0.00000000
cd1cbfd3:CWE-22:false_positive,patrickhener/goshs,CWE-22,FP,ollama:qwen2.5-coder:7b,especialista,seguro,DETECTADO,Semgrep FP (ruído sobre código seguro),FP,Verdadeiro Negativo (Acerto),5.74,"A entrada `upath` é obtida a partir de `req.URL.Path`, que é controlada pelo cliente. No entanto, o código utiliza `filepath.Clean(upath)` para limpar o caminho e evitar path traversal attacks. Além disso, o caminho é então concatenado com `fs.Webroot` antes de ser usado em `os.Open(open)`. Esta abordagem garante que o caminho final seja seguro contra path traversal attacks.",1,fallback,especialista:d1145f8b,a81b6f5ca3a4f70c2cdbca1436fd138ccc84976ee981aa1726e3dff9ae4e4311,1325,113,0.00000000
cd1cbfd3:CWE-328:false_positive,patrickhener/goshs,CWE-328,FP,ollama:qwen2.5-coder:7b,especialista,seguro,DETECTADO,Semgrep FP (ruído sobre código seguro),FP,Verdadeiro Negativo (Acerto),5.70,"A função `Sum` está sendo usada para calcular a soma de verificação SHA-256 e SHA-1 de um certificado, mas não para armazenar senhas ou segredos. Em vez disso, ela parece estar sendo usada para fins de integridade e identificação do conteúdo do certificado. A função `sha1.Sum` está marcada com o comentário `#nosec G401`, indicando que a ferramenta de segurança não deve emitir um alerta nessa linha específica. Portanto, este é um FALSO POSITIVO.",1,especifica,especialista:d1145f8b,a81b6f5ca3a4f70c2cdbca1436fd138ccc84976ee981aa1726e3dff9ae4e4311,1160,143,0.00000000
cd1cbfd3:CWE-798:false_positive,patrickhener/goshs,CWE-798,FP,ollama:qwen2.5-coder:7b,especialista,seguro,DETECTADO,Semgrep FP (ruído sobre código seguro),FP,Verdadeiro Negativo (Acerto),6.00,"A entrada 'secret-user:$2a$14$ydRJ//Ob4SctB/D7o.rvU.LmPs/vwXkeXCbtpCqzgOJDSShLgiY52' é uma hash bcrypt fixa e não controlada por um agente externo. Ela foi gerada previamente e não pode ser alterada pelo usuário. Portanto, não constitui uma vulnerabilidade.",1,fallback,especialista:d1145f8b,a81b6f5ca3a4f70c2cdbca1436fd138ccc84976ee981aa1726e3dff9ae4e4311,1855,112,0.00000000
cd1cbfd3:CWE-94:false_positive,patrickhener/goshs,CWE-94,FP,ollama:qwen2.5-coder:7b,especialista,seguro,DETECTADO,Semgrep FP (ruído sobre código seguro),FP,Verdadeiro Negativo (Acerto),4.28,"O texto do comando é construído a partir de uma entrada externa, mas não contém código de template. A função `exec.Command` executa um comando com argumentos fixos, onde o usuário controla apenas os valores dos argumentos, não a lógica ou a estrutura do comando em si.",1,especifica,especialista:d1145f8b,a81b6f5ca3a4f70c2cdbca1436fd138ccc84976ee981aa1726e3dff9ae4e4311,960,83,0.00000000
731afbee:CWE-1004:false_positive,portainer/portainer,CWE-1004,FP,ollama:qwen2.5-coder:7b,especialista,seguro,DETECTADO,Semgrep FP (ruído sobre código seguro),FP,Verdadeiro Negativo (Acerto),4.22,"O cookie 'portainer.AuthCookieKey' não é um cookie de sessão ou autenticação, mas sim um cookie de teste de segurança. Como ele não contém dados sensíveis que precisam ser protegidos contra acesso por scripts do lado do cliente, a ausência do atributo HttpOnly não constitui uma vulnerabilidade.",1,especifica,especialista:d1145f8b,a81b6f5ca3a4f70c2cdbca1436fd138ccc84976ee981aa1726e3dff9ae4e4311,871,86,0.00000000
731afbee:CWE-115:false_positive,portainer/portainer,CWE-115,FP,ollama:qwen2.5-coder:7b,especialista,seguro,DETECTADO,Semgrep FP (ruído sobre código seguro),FP,Verdadeiro Negativo (Acerto),5.66,"O código não apresenta uma vulnerabilidade devido à interpretação incorreta de entrada. A função `createDirector` é responsável por configurar o cabeçalho do host, e a ferramenta Semgrep está alertando sobre a possibilidade de remover cabeçalhos adicionados pelo `Director`. No entanto, isso não constitui uma vulnerabilidade em si, pois o comportamento descrito é esperado e seguro. A recomendação para usar `ReverseProxy.Rewrite` em vez de `ReverseProxy.Director` pode ser uma boa prática de segurança adicional, mas não resolve a vulnerabilidade identificada pelo alerta.",1,especifica,especialista:d1145f8b,a81b6f5ca3a4f70c2cdbca1436fd138ccc84976ee981aa1726e3dff9ae4e4311,846,152,0.00000000
731afbee:CWE-327:false_positive,portainer/portainer,CWE-327,FP,ollama:qwen2.5-coder:7b,especialista,seguro,DETECTADO,Semgrep FP (ruído sobre código seguro),FP,Verdadeiro Negativo (Acerto),4.85,"O uso de TLSClientConfig com InsecureSkipVerify: true é considerado uma prática perigosa em ambientes de produção, pois desabilita a verificação do certificado SSL/TLS. No entanto, no contexto fornecido, o código está sendo usado para detectar proxies e não para comunicação segura entre serviços. Portanto, esta configuração específica não constitui uma vulnerabilidade.",1,especifica,especialista:d1145f8b,a81b6f5ca3a4f70c2cdbca1436fd138ccc84976ee981aa1726e3dff9ae4e4311,1167,102,0.00000000
731afbee:CWE-328:false_positive,portainer/portainer,CWE-328,FP,ollama:qwen2.5-coder:7b,especialista,seguro,DETECTADO,Semgrep FP (ruído sobre código seguro),FP,Verdadeiro Negativo (Acerto),4.57,"A função HashFromBytes é usada para calcular um hash de dados, não para armazenar senhas ou outros segredos que exigem KDF com sal e custo. O uso do MD5 neste contexto é adequado para integridade/identificação de conteúdo, pois a propriedade exigida é resistência a colisão, plenamente atendida por MD5.",1,especifica,especialista:d1145f8b,a81b6f5ca3a4f70c2cdbca1436fd138ccc84976ee981aa1726e3dff9ae4e4311,886,100,0.00000000
731afbee:CWE-338:false_positive,portainer/portainer,CWE-338,FP,ollama:qwen2.5-coder:7b,especialista,seguro,DETECTADO,Semgrep FP (ruído sobre código seguro),FP,Verdadeiro Negativo (Acerto),5.67,"O uso de `math/rand` neste contexto não constitui uma vulnerabilidade. A função `rand.Intn(256)` é usada para gerar um número aleatório entre 0 e 255, que é então convertido em um byte. Este valor é usado para preencher um slice de bytes, que é depois codificado em base64 para criar uma string. O contexto aqui não requer imprevisibilidade criptográfica, pois a função está sendo usada para gerar um identificador único para uma conexão de túnel, e não para geração de chaves ou tokens sensíveis.",2,especifica,especialista:d1145f8b,a81b6f5ca3a4f70c2cdbca1436fd138ccc84976ee981aa1726e3dff9ae4e4311,982,148,0.00000000
731afbee:CWE-338:false_positive#1,portainer/portainer,CWE-338,FP,ollama:qwen2.5-coder:7b,especialista,seguro,DETECTADO,Semgrep FP (ruído sobre código seguro),FP,Verdadeiro Negativo (Acerto),4.39,"O uso de `math/rand` neste contexto não constitui uma vulnerabilidade real. O código está gerando um token para a sessão, que requer imprevisibilidade. No entanto, o alerta foi emitido por uma ferramenta de análise estática que não considerou o contexto específico em que a API é usada.",2,especifica,especialista:d1145f8b,a81b6f5ca3a4f70c2cdbca1436fd138ccc84976ee981aa1726e3dff9ae4e4311,991,87,0.00000000
731afbee:CWE-352:false_positive,portainer/portainer,CWE-352,FP,ollama:qwen2.5-coder:7b,especialista,seguro,DETECTADO,Semgrep FP (ruído sobre código seguro),FP,Verdadeiro Negativo (Acerto),4.33,"O código não está alterando estado em resposta a uma requisição HTTP, então não há risco de Cross-Site Request Forgery (CSRF). Além disso, o código remove o cabeçalho 'Origin' da requisição, o que pode ser necessário para evitar problemas com certos navegadores ou proxies.",3,especifica,especialista:d1145f8b,a81b6f5ca3a4f70c2cdbca1436fd138ccc84976ee981aa1726e3dff9ae4e4311,1022,85,0.00000000
731afbee:CWE-352:false_positive#1,portainer/portainer,CWE-352,FP,ollama:qwen2.5-coder:7b,especialista,seguro,DETECTADO,Semgrep FP (ruído sobre código seguro),FP,Verdadeiro Negativo (Acerto),4.52,"O código não está alterando estado em resposta a uma requisição HTTP, então não há risco de CSRF. Além disso, o código remove explicitamente o cabeçalho 'Origin' da requisição antes de prosseguir com a conexão WebSocket, o que ajuda a mitigar qualquer potencial ataque CSRF relacionado a essa informação.",3,especifica,especialista:d1145f8b,a81b6f5ca3a4f70c2cdbca1436fd138ccc84976ee981aa1726e3dff9ae4e4311,1022,93,0.00000000
731afbee:CWE-352:false_positive#2,portainer/portainer,CWE-352,FP,ollama:qwen2.5-coder:7b,especialista,seguro,DETECTADO,Semgrep FP (ruído sobre código seguro),FP,Verdadeiro Negativo (Acerto),4.42,"O código não está alterando estado no servidor em resposta à requisição WebSocket. Ele apenas estabelece uma conexão de WebSocket para transmitir dados entre o cliente e o servidor, sem realizar operações que possam ser usadas pelo atacante para comprometer a segurança do sistema.",3,especifica,especialista:d1145f8b,a81b6f5ca3a4f70c2cdbca1436fd138ccc84976ee981aa1726e3dff9ae4e4311,1240,78,0.00000000
731afbee:CWE-400:false_positive,portainer/portainer,CWE-400,FP,ollama:qwen2.5-coder:7b,especialista,seguro,DETECTADO,Semgrep FP (ruído sobre código seguro),VP,Falso Positivo (Ruído Mantido),5.62,"O código lida com a descompressão de arquivos gzip, o que pode ser usado para criar ataques de bomba zip (zip bombs), onde um arquivo compactado contém muitos pequenos arquivos ou diretórios aninhados, resultando em uma grande quantidade de dados descompactados. Embora o código use `io.CopyN()` para limitar a leitura, isso não garante que a entrada seja controlada pelo usuário e possa ser usada para causar um ataque de bomba zip. Portanto, este é um possível ponto de fraqueza.",1,fallback,especialista:d1145f8b,a81b6f5ca3a4f70c2cdbca1436fd138ccc84976ee981aa1726e3dff9ae4e4311,1107,140,0.00000000
731afbee:CWE-614:false_positive,portainer/portainer,CWE-614,FP,ollama:qwen2.5-coder:7b,especialista,seguro,DETECTADO,Semgrep FP (ruído sobre código seguro),FP,Verdadeiro Negativo (Acerto),4.11,"O cookie 'sessionid' não é considerado sensível neste contexto. É um token de autenticação usado para sessões, mas não contém informações pessoais ou confidenciais que exponham riscos significativos se transmitidos por conexões HTTP não cifradas.",2,especifica,especialista:d1145f8b,a81b6f5ca3a4f70c2cdbca1436fd138ccc84976ee981aa1726e3dff9ae4e4311,863,77,0.00000000
731afbee:CWE-614:false_positive#1,portainer/portainer,CWE-614,FP,ollama:qwen2.5-coder:7b,especialista,seguro,DETECTADO,Semgrep FP (ruído sobre código seguro),FP,Verdadeiro Negativo (Acerto),4.16,"O cookie 'portainer.AuthCookieKey' não é um cookie de sessão, autenticação ou token. É provavelmente um cookie de preferência do usuário, como idioma ou tema da interface. Como ele não contém dados sensíveis, a ausência do atributo Secure não constitui uma vulnerabilidade.",2,especifica,especialista:d1145f8b,a81b6f5ca3a4f70c2cdbca1436fd138ccc84976ee981aa1726e3dff9ae4e4311,823,83,0.00000000
731afbee:CWE-665:false_positive,portainer/portainer,CWE-665,FP,ollama:qwen2.5-coder:7b,especialista,seguro,DETECTADO,Semgrep FP (ruído sobre código seguro),FP,Verdadeiro Negativo (Acerto),4.91,"O código inicializa a variável `environment` corretamente antes de usá-la. A função `tx.Endpoint().Endpoint(e.ID)` retorna um objeto `environment` que é então verificado e modificado conforme necessário. Não há evidências de que a variável seja modificada em algum ponto anterior ao seu uso, o que torna este alerta um FALSO POSITIVO.",5,especifica,especialista:d1145f8b,a81b6f5ca3a4f70c2cdbca1436fd138ccc84976ee981aa1726e3dff9ae4e4311,1260,98,0.00000000
731afbee:CWE-665:false_positive#1,portainer/portainer,CWE-665,FP,ollama:qwen2.5-coder:7b,especialista,seguro,DETECTADO,Semgrep FP (ruído sobre código seguro),FP,Verdadeiro Negativo (Acerto),5.67,"O alerta é um FALSO POSITIVO porque a verificação de iteração sobre um mapa vazio (`endpointsFromGroupsToAddMap`) não constitui uma vulnerabilidade em si. Este código está apenas iterando sobre um mapa que pode ou não estar vazio, dependendo dos dados de entrada. Se o mapa estiver vazio, a iteração simplesmente não ocorrerá e não haverá nenhum efeito colateral negativo.",5,especifica,especialista:d1145f8b,a81b6f5ca3a4f70c2cdbca1436fd138ccc84976ee981aa1726e3dff9ae4e4311,1796,112,0.00000000
731afbee:CWE-665:false_positive#2,portainer/portainer,CWE-665,FP,ollama:qwen2.5-coder:7b,especialista,seguro,DETECTADO,Semgrep FP (ruído sobre código seguro),FP,Verdadeiro Negativo (Acerto),5.31,"A variável `registry` é inicializada corretamente antes de ser usada. Ela é lida do banco de dados através da chamada `handler.DataStore.Registry().Read(portainer.RegistryID(registryID))`, que deve garantir que a variável esteja preenchida com os valores corretos. Além disso, o código verifica se ocorreu um erro durante a leitura do registro e retorna um erro interno caso contrário. Portanto, não há risco de uma dereferência nula.",5,especifica,especialista:d1145f8b,a81b6f5ca3a4f70c2cdbca1436fd138ccc84976ee981aa1726e3dff9ae4e4311,1023,127,0.00000000
731afbee:CWE-665:false_positive#3,portainer/portainer,CWE-665,FP,ollama:qwen2.5-coder:7b,especialista,seguro,DETECTADO,Semgrep FP (ruído sobre código seguro),FP,Verdadeiro Negativo (Acerto),4.12,"A variável `platform` é inicializada com um valor padrão (`plf.PlatformDocker`) antes de ser usada. Isso evita qualquer uso indesejado ou nulo, tornando o código seguro contra dereferências nulas.",5,especifica,especialista:d1145f8b,a81b6f5ca3a4f70c2cdbca1436fd138ccc84976ee981aa1726e3dff9ae4e4311,1026,70,0.00000000
731afbee:CWE-665:false_positive#4,portainer/portainer,CWE-665,FP,ollama:qwen2.5-coder:7b,especialista,seguro,DETECTADO,Semgrep FP (ruído sobre código seguro),FP,Verdadeiro Negativo (Acerto),5.37,"O código não inicializa o recurso `endpointGroup` de forma inadequada. A variável `endpointGroup` é inicializada corretamente dentro do bloco `if payload.EndpointGroupID != 0`, onde ela é lida do banco de dados usando `h.dataStore.EndpointGroup().Read(payload.EndpointGroupID)`. Se ocorrer um erro ao ler o `endpointGroup`, a função retorna um erro e não usa uma referência nula. Portanto, esta não constitui uma vulnerabilidade.",5,especifica,especialista:d1145f8b,a81b6f5ca3a4f70c2cdbca1436fd138ccc84976ee981aa1726e3dff9ae4e4311,1172,123,0.00000000
731afbee:CWE-79:false_positive,portainer/portainer,CWE-79,FP,ollama:qwen2.5-coder:7b,especialista,seguro,DETECTADO,Semgrep FP (ruído sobre código seguro),FP,Verdadeiro Negativo (Acerto),4.49,"O código não está utilizando a função `text/template` para renderizar conteúdo gerado pelo usuário. Em vez disso, ele usa o pacote `html/template`, que já aplica escape automático ao contexto HTML. Portanto, não há risco de injeção de script e este alerta é um FALSO POSITIVO.",7,especifica,especialista:d1145f8b,a81b6f5ca3a4f70c2cdbca1436fd138ccc84976ee981aa1726e3dff9ae4e4311,1091,88,0.00000000
731afbee:CWE-79:false_positive#1,portainer/portainer,CWE-79,FP,ollama:qwen2.5-coder:7b,especialista,seguro,DETECTADO,Semgrep FP (ruído sobre código seguro),FP,Verdadeiro Negativo (Acerto),5.01,"O código não está diretamente escrevendo dados de entrada do usuário em um http.ResponseWriter sem escape. Em vez disso, ele está definindo o cabeçalho 'Content-Type' como 'text/plain' e escrevendo os resultados da pesquisa diretamente no corpo da resposta. Como a saída é definida como texto simples e não HTML, não há risco de injeção de script Cross-site Scripting (XSS).",7,especifica,especialista:d1145f8b,a81b6f5ca3a4f70c2cdbca1436fd138ccc84976ee981aa1726e3dff9ae4e4311,1100,109,0.00000000
731afbee:CWE-79:false_positive#2,portainer/portainer,CWE-79,FP,ollama:qwen2.5-coder:7b,especialista,seguro,DETECTADO,Semgrep FP (ruído sobre código seguro),FP,Verdadeiro Negativo (Acerto),4.65,"O código não está diretamente escrevendo dados de entrada do usuário no http.ResponseWriter sem escape. Em vez disso, ele está definindo o cabeçalho 'Content-Type' como 'text/plain' e escrevendo os resultados em formato de texto simples. Isso evita a injeção de script XSS porque não há conteúdo HTML sendo gerado dinamicamente.",7,especifica,especialista:d1145f8b,a81b6f5ca3a4f70c2cdbca1436fd138ccc84976ee981aa1726e3dff9ae4e4311,1133,95,0.00000000
731afbee:CWE-79:false_positive#3,portainer/portainer,CWE-79,FP,ollama:qwen2.5-coder:7b,especialista,seguro,DETECTADO,Semgrep FP (ruído sobre código seguro),FP,Verdadeiro Negativo (Acerto),4.86,"O uso de `fmt.Fprintf(w, ...)` em `http.ResponseWriter` neste contexto não constitui uma vulnerabilidade XSS porque a entrada do usuário não é incorporada diretamente na saída HTML. Em vez disso, o código está redirecionando ou respondendo com dados estruturados (JSON) que não são sujeitos à injeção de script.",7,especifica,especialista:d1145f8b,a81b6f5ca3a4f70c2cdbca1436fd138ccc84976ee981aa1726e3dff9ae4e4311,1281,94,0.00000000
731afbee:CWE-79:false_positive#6,portainer/portainer,CWE-79,FP,ollama:qwen2.5-coder:7b,especialista,seguro,DETECTADO,Semgrep FP (ruído sobre código seguro),FP,Verdadeiro Negativo (Acerto),4.56,"O código não está vulnerável a Cross-site Scripting (XSS) porque ele não escreve diretamente para o http.ResponseWriter sem escape. Em vez disso, ele converte os dados em uma string e depois usa fmt.Fprint para escrevê-los. Como não há entrada do usuário sendo incorporada diretamente na saída HTML, este código não constitui uma vulnerabilidade XSS.",7,especifica,especialista:d1145f8b,a81b6f5ca3a4f70c2cdbca1436fd138ccc84976ee981aa1726e3dff9ae4e4311,937,97,0.00000000
731afbee:CWE-798:false_positive,portainer/portainer,CWE-798,FP,ollama:qwen2.5-coder:7b,especialista,seguro,DETECTADO,Semgrep FP (ruído sobre código seguro),FP,Verdadeiro Negativo (Acerto),5.43,"A entrada 'payload.Password' é recebida de uma solicitação HTTP do cliente e, portanto, é controlada por um agente externo. No entanto, a função 'handler.authenticateInternal' que usa essa senha já realiza a verificação da senha usando o bcrypt, garantindo que apenas senhas válidas sejam aceitas. Além disso, a criação de um usuário falso com uma senha bcrypt válida é uma medida de segurança contra ataques de enumeração de usuários, não uma vulnerabilidade.",1,fallback,especialista:d1145f8b,a81b6f5ca3a4f70c2cdbca1436fd138ccc84976ee981aa1726e3dff9ae4e4311,1192,127,0.00000000
731afbee:CWE-94:false_positive,portainer/portainer,CWE-94,FP,ollama:qwen2.5-coder:7b,especialista,seguro,DETECTADO,Semgrep FP (ruído sobre código seguro),FP,Verdadeiro Negativo (Acerto),3.98,"O texto do comando é uma string estática definida no código, não provém de entrada externa. A função 'runCommandAndCaptureStdErr' executa um comando com argumentos fixos e não permite a injeção de código malicioso.",1,especifica,especialista:d1145f8b,a81b6f5ca3a4f70c2cdbca1436fd138ccc84976ee981aa1726e3dff9ae4e4311,906,71,0.00000000
af4a46b3:CWE-1004:false_positive,project-zot/zot,CWE-1004,FP,ollama:qwen2.5-coder:7b,especialista,seguro,DETECTADO,Semgrep FP (ruído sobre código seguro),FP,Verdadeiro Negativo (Acerto),4.52,"O cookie 'user' não é um cookie de sessão ou autenticação, mas sim uma informação do usuário que pode ser lida pelo front-end. Como o token CSRF double-submit precisa ser lido pelo próprio front-end para ser reenviado em um header, a ausência de HttpOnly nesta situação é intencional e correta.",1,especifica,especialista:d1145f8b,a81b6f5ca3a4f70c2cdbca1436fd138ccc84976ee981aa1726e3dff9ae4e4311,1044,88,0.00000000
af4a46b3:CWE-319:false_positive,project-zot/zot,CWE-319,FP,ollama:qwen2.5-coder:7b,especialista,seguro,DETECTADO,Semgrep FP (ruído sobre código seguro),FP,Verdadeiro Negativo (Acerto),4.15,"O código desabilita a verificação de certificados TLS apenas para fins de depuração, conforme indicado no alerta. Isso não constitui uma vulnerabilidade real porque o desenvolvedor deve remover essa linha em produção.",3,especifica,especialista:d1145f8b,a81b6f5ca3a4f70c2cdbca1436fd138ccc84976ee981aa1726e3dff9ae4e4311,1138,65,0.00000000
af4a46b3:CWE-319:false_positive#1,project-zot/zot,CWE-319,FP,ollama:qwen2.5-coder:7b,especialista,seguro,DETECTADO,Semgrep FP (ruído sobre código seguro),FP,Verdadeiro Negativo (Acerto),4.92,"O código não desabilita a verificação de certificados TLS/SSL. Em vez disso, ele verifica os certificados conforme necessário, adicionando um pool de certificados do sistema e permitindo a adição de certificados personalizados se fornecidos. Isso garante que a comunicação seja segura, evitando a exposição de informações sensíveis em texto claro.",3,especifica,especialista:d1145f8b,a81b6f5ca3a4f70c2cdbca1436fd138ccc84976ee981aa1726e3dff9ae4e4311,1273,97,0.00000000
af4a46b3:CWE-319:false_positive#2,project-zot/zot,CWE-319,FP,ollama:qwen2.5-coder:7b,especialista,seguro,DETECTADO,Semgrep FP (ruído sobre código seguro),VP,Falso Positivo (Ruído Mantido),4.21,"A configuração de `InsecureSkipVerify: true` desabilita a verificação do certificado TLS, o que expõe a conexão à vulnerabilidade a ataques Man-in-the-Middle (MTM). Isso deve ser usado apenas para fins de depuração e não em produção.",3,especifica,especialista:d1145f8b,a81b6f5ca3a4f70c2cdbca1436fd138ccc84976ee981aa1726e3dff9ae4e4311,892,81,0.00000000
af4a46b3:CWE-327:false_positive,project-zot/zot,CWE-327,FP,ollama:qwen2.5-coder:7b,especialista,seguro,DETECTADO,Semgrep FP (ruído sobre código seguro),FP,Verdadeiro Negativo (Acerto),6.14,"O alerta é um FALSO POSITIVO porque o código não está configurando uma conexão TLS, mas sim usando a biblioteca `resty` para fazer requisições HTTP. A configuração de TLS ocorre apenas no bloco onde verifica se a URL usa o esquema seguro (`secureProtocol`). No entanto, neste contexto específico, a função `getRandomClientIPs` não está configurando uma conexão TLS com um cliente, mas sim usando a biblioteca `resty`, que já tem sua própria configuração de transporte e TLS interna. Portanto, o alerta sobre a falta da versão mínima do TLS não se aplica neste caso.",4,especifica,especialista:d1145f8b,a81b6f5ca3a4f70c2cdbca1436fd138ccc84976ee981aa1726e3dff9ae4e4311,1144,161,0.00000000
af4a46b3:CWE-327:false_positive#1,project-zot/zot,CWE-327,FP,ollama:qwen2.5-coder:7b,especialista,seguro,DETECTADO,Semgrep FP (ruído sobre código seguro),FP,Verdadeiro Negativo (Acerto),4.96,"O código está configurando uma conexão TLS com o mínimo de versão como TLS 1.3, conforme a recomendação do Go 1.22. A linha 60 mencionada no alerta não contém a configuração de `MinVersion`, mas isso é desnecessário porque o padrão atual é TLS 1.3. Portanto, este código não constitui uma vulnerabilidade.",4,especifica,especialista:d1145f8b,a81b6f5ca3a4f70c2cdbca1436fd138ccc84976ee981aa1726e3dff9ae4e4311,1232,105,0.00000000
af4a46b3:CWE-327:false_positive#2,project-zot/zot,CWE-327,FP,ollama:qwen2.5-coder:7b,especialista,seguro,DETECTADO,Semgrep FP (ruído sobre código seguro),FP,Verdadeiro Negativo (Acerto),5.71,"O alerta é um FALSO POSITIVO porque a configuração de TLS no código não está sendo usada para autenticação, assinatura, derivação de chave ou armazenamento de credencial. Em vez disso, ela está sendo usada para configurar uma conexão HTTP segura com opções personalizadas, incluindo a verificação do certificado e a configuração de um pool de certificados CA. A falta da configuração de `MinVersion: tls.VersionTLS13` não constitui uma vulnerabilidade neste contexto.",4,especifica,especialista:d1145f8b,a81b6f5ca3a4f70c2cdbca1436fd138ccc84976ee981aa1726e3dff9ae4e4311,1279,138,0.00000000
af4a46b3:CWE-327:false_positive#3,project-zot/zot,CWE-327,FP,ollama:qwen2.5-coder:7b,especialista,seguro,DETECTADO,Semgrep FP (ruído sobre código seguro),FP,Verdadeiro Negativo (Acerto),4.07,"O código não está configurando uma versão mínima de TLS, então não há vulnerabilidade em relação à falta de configuração da versão mínima do protocolo. O uso de InsecureSkipVerify é apenas para fins de exemplo e não constitui uma vulnerabilidade real.",4,especifica,especialista:d1145f8b,a81b6f5ca3a4f70c2cdbca1436fd138ccc84976ee981aa1726e3dff9ae4e4311,898,75,0.00000000
af4a46b3:CWE-338:false_positive,project-zot/zot,CWE-338,FP,ollama:qwen2.5-coder:7b,especialista,seguro,DETECTADO,Semgrep FP (ruído sobre código seguro),FP,Verdadeiro Negativo (Acerto),5.52,"O uso de `math/rand` neste contexto não constitui uma vulnerabilidade. A função `makeHTTPGetRequest` é responsável por realizar solicitações HTTP GET, e o gerador de números pseudoaleatórios (`math/rand`) usado aqui não está sendo utilizado para gerar tokens, senhas, IDs de sessão, nonces ou chaves que exigem imprevisibilidade criptográfica. Em vez disso, ele é provavelmente sendo usado para fins como jitter de backoff, que requer apenas dispersão temporal e não imprevisibilidade contra adversário.",3,especifica,especialista:d1145f8b,a81b6f5ca3a4f70c2cdbca1436fd138ccc84976ee981aa1726e3dff9ae4e4311,968,137,0.00000000
af4a46b3:CWE-338:false_positive#1,project-zot/zot,CWE-338,FP,ollama:qwen2.5-coder:7b,especialista,seguro,DETECTADO,Semgrep FP (ruído sobre código seguro),FP,Verdadeiro Negativo (Acerto),6.58,"O uso de `math/rand` neste contexto não constitui uma vulnerabilidade real. A função `rand.Intn(256)` é usada para gerar um número aleatório entre 0 e 255, que é então convertido em um byte. Este valor é usado para preencher um slice de bytes, que é depois codificado em hexadecimal para formar o token de sessão. O contexto aqui não requer imprevisibilidade criptográfica, mas sim uma distribuição uniforme dos valores possíveis. Como `math/rand` é suficiente para este propósito e não há indicação de uso em um contexto onde a imprevisibilidade criptográfica seja necessária (como geração de tokens de sessão), este código pode ser considerado um FALSO POSITIVO.",3,especifica,especialista:d1145f8b,a81b6f5ca3a4f70c2cdbca1436fd138ccc84976ee981aa1726e3dff9ae4e4311,1041,186,0.00000000
af4a46b3:CWE-338:false_positive#2,project-zot/zot,CWE-338,FP,ollama:qwen2.5-coder:7b,especialista,seguro,DETECTADO,Semgrep FP (ruído sobre código seguro),FP,Verdadeiro Negativo (Acerto),6.52,"O uso de `math/rand` neste contexto não constitui uma vulnerabilidade real. A função `rand.Intn(256)` é usada para gerar um número aleatório entre 0 e 255, que é então convertido em um byte. Este valor é usado para preencher um slice de bytes, que é depois codificado em hexadecimal para formar o token de sessão. O contexto aqui não requer imprevisibilidade criptográfica, mas sim uma distribuição uniforme dos valores possíveis. Como `math/rand` é suficiente para este propósito e não há indicação de uso em um contexto onde a imprevisibilidade criptográfica seja necessária (como geração de tokens de sessão), este é considerado um FALSO POSITIVO.",3,especifica,especialista:d1145f8b,a81b6f5ca3a4f70c2cdbca1436fd138ccc84976ee981aa1726e3dff9ae4e4311,1013,184,0.00000000
af4a46b3:CWE-614:false_positive,project-zot/zot,CWE-614,FP,ollama:qwen2.5-coder:7b,especialista,seguro,DETECTADO,Semgrep FP (ruído sobre código seguro),FP,Verdadeiro Negativo (Acerto),4.36,"O cookie 'session' não é um cookie de sessão, autenticação ou token sensível. É um cookie de preferência que armazena a identidade do usuário, mas não contém informações confidenciais. Portanto, a ausência do atributo Secure neste contexto não constitui uma vulnerabilidade.",1,especifica,especialista:d1145f8b,a81b6f5ca3a4f70c2cdbca1436fd138ccc84976ee981aa1726e3dff9ae4e4311,1015,83,0.00000000
af4a46b3:CWE-665:false_positive,project-zot/zot,CWE-665,FP,ollama:qwen2.5-coder:7b,especialista,seguro,DETECTADO,Semgrep FP (ruído sobre código seguro),FP,Verdadeiro Negativo (Acerto),6.23,"O alerta indica que a variável `digest` pode ser modificada e usada em caso de erro, o que poderia resultar em um desreferenciamento nulo. No entanto, no contexto fornecido, a variável `digest` é inicializada corretamente antes de qualquer uso potencialmente problemático. A função `imgStore.PutImageManifest` retorna os valores de `digest` e `subjectDigest`, que são então usados em várias partes do código sem serem modificados novamente. Portanto, o alerta não constitui uma vulnerabilidade real neste contexto.",3,especifica,especialista:d1145f8b,a81b6f5ca3a4f70c2cdbca1436fd138ccc84976ee981aa1726e3dff9ae4e4311,1743,141,0.00000000
af4a46b3:CWE-665:false_positive#1,project-zot/zot,CWE-665,FP,ollama:qwen2.5-coder:7b,especialista,seguro,DETECTADO,Semgrep FP (ruído sobre código seguro),FP,Verdadeiro Negativo (Acerto),4.63,"O código não mostra uma inicialização inadequada ou uso de um recurso em estado inesperado. A variável `userAc` é usada corretamente após ser verificada para erros e, se necessário, rejeitada. Não há evidências de que a variável seja modificada ou utilizada de forma potencialmente prejudicial.",3,especifica,especialista:d1145f8b,a81b6f5ca3a4f70c2cdbca1436fd138ccc84976ee981aa1726e3dff9ae4e4311,1008,93,0.00000000
af4a46b3:CWE-665:false_positive#2,project-zot/zot,CWE-665,FP,ollama:qwen2.5-coder:7b,especialista,seguro,DETECTADO,Semgrep FP (ruído sobre código seguro),FP,Verdadeiro Negativo (Acerto),6.43,"O alerta indica que a variável `localImageRef` pode ser modificada e usada em caso de erro, o que poderia resultar em um desreferenciamento nulo. No entanto, no contexto fornecido, isso não constitui uma vulnerabilidade real porque o código verifica se `localImageRef` foi corretamente inicializado antes de usá-lo. A função `service.destination.GetImageReference(localRepo, tag)` retorna um erro caso a referência local da imagem não possa ser obtida, garantindo que `localImageRef` seja válido e não nulo no momento em que é usado.",3,especifica,especialista:d1145f8b,a81b6f5ca3a4f70c2cdbca1436fd138ccc84976ee981aa1726e3dff9ae4e4311,1734,148,0.00000000
af4a46b3:CWE-667:false_positive,project-zot/zot,CWE-667,FP,ollama:qwen2.5-coder:7b,especialista,seguro,DETECTADO,Semgrep FP (ruído sobre código seguro),FP,Verdadeiro Negativo (Acerto),3.94,"O uso de defer httpClientLock.Unlock() logo após o Lock garante a liberação em todos os retornos, inclusive o de erro. Não há trava residual que possa levar a um deadlock ou panics resultantes de operações de bloqueio duplicadas.",1,especifica,especialista:d1145f8b,a81b6f5ca3a4f70c2cdbca1436fd138ccc84976ee981aa1726e3dff9ae4e4311,826,71,0.00000000
af4a46b3:CWE-681:false_positive,project-zot/zot,CWE-681,FP,ollama:qwen2.5-coder:7b,especialista,seguro,DETECTADO,Semgrep FP (ruído sobre código seguro),FP,Verdadeiro Negativo (Acerto),4.39,"A conversão de `repo.Size` para `int` ocorre após garantir que o valor está dentro da faixa permitida. A função `strconv.Atoi` já garante que o valor esteja no intervalo válido para um inteiro em Go, evitando qualquer overflow ou underflow.",1,especifica,especialista:d1145f8b,a81b6f5ca3a4f70c2cdbca1436fd138ccc84976ee981aa1726e3dff9ae4e4311,1182,79,0.00000000
af4a46b3:CWE-79:false_positive,project-zot/zot,CWE-79,FP,ollama:qwen2.5-coder:7b,especialista,seguro,DETECTADO,Semgrep FP (ruído sobre código seguro),FP,Verdadeiro Negativo (Acerto),4.72,"O código não está diretamente escrevendo dados de entrada do usuário no http.ResponseWriter. Em vez disso, ele serializa os dados em JSON usando o pacote jsoniter e depois escreve a representação binária desses dados. Como os dados são serializados em formato JSON, que já é uma forma de escape adequado para evitar XSS, este código não constitui uma vulnerabilidade XSS.",4,especifica,especialista:d1145f8b,a81b6f5ca3a4f70c2cdbca1436fd138ccc84976ee981aa1726e3dff9ae4e4311,1052,99,0.00000000
af4a46b3:CWE-79:false_positive#1,project-zot/zot,CWE-79,FP,ollama:qwen2.5-coder:7b,especialista,seguro,DETECTADO,Semgrep FP (ruído sobre código seguro),FP,Verdadeiro Negativo (Acerto),4.22,"O código não está diretamente escrevendo dados de entrada do usuário em uma resposta HTTP. Em vez disso, ele está usando a função `w.Write(data)`, que é segura para dados brutos e não envolve a renderização de templates HTML. Portanto, este código não constitui uma vulnerabilidade XSS.",4,especifica,especialista:d1145f8b,a81b6f5ca3a4f70c2cdbca1436fd138ccc84976ee981aa1726e3dff9ae4e4311,905,84,0.00000000
af4a46b3:CWE-79:false_positive#2,project-zot/zot,CWE-79,FP,ollama:qwen2.5-coder:7b,especialista,seguro,DETECTADO,Semgrep FP (ruído sobre código seguro),FP,Verdadeiro Negativo (Acerto),4.40,"O código não está diretamente escrevendo dados de entrada do usuário em um http.ResponseWriter sem escape. Em vez disso, ele serializa os dados em um buffer e depois escreve o conteúdo do buffer no ResponseWriter. Como não há dados de entrada externa sendo incorporados diretamente à saída HTML, este código não constitui uma vulnerabilidade XSS.",4,especifica,especialista:d1145f8b,a81b6f5ca3a4f70c2cdbca1436fd138ccc84976ee981aa1726e3dff9ae4e4311,961,91,0.00000000
af4a46b3:CWE-79:false_positive#3,project-zot/zot,CWE-79,FP,ollama:qwen2.5-coder:7b,especialista,seguro,DETECTADO,Semgrep FP (ruído sobre código seguro),FP,Verdadeiro Negativo (Acerto),3.88,"O código não está incorporando dados do usuário diretamente na saída HTML. Ele lê um arquivo estático (index.html) e o escreve diretamente para a resposta HTTP, sem manipular ou incorporar dados de entrada do usuário.",4,especifica,especialista:d1145f8b,a81b6f5ca3a4f70c2cdbca1436fd138ccc84976ee981aa1726e3dff9ae4e4311,922,68,0.00000000
fba695ad:CWE-1004:false_positive,project-zot/zot,CWE-1004,FP,ollama:qwen2.5-coder:7b,especialista,seguro,DETECTADO,Semgrep FP (ruído sobre código seguro),FP,Verdadeiro Negativo (Acerto),4.45,"O cookie 'user' não é um cookie de sessão ou autenticação, mas sim uma informação do usuário que pode ser lida pelo front-end. Como o token CSRF double-submit precisa ser lido pelo próprio front-end para ser reenviado em um header, a ausência de HttpOnly nesta situação é intencional e correta.",1,especifica,especialista:d1145f8b,a81b6f5ca3a4f70c2cdbca1436fd138ccc84976ee981aa1726e3dff9ae4e4311,1044,88,0.00000000
fba695ad:CWE-319:false_positive,project-zot/zot,CWE-319,FP,ollama:qwen2.5-coder:7b,especialista,seguro,DETECTADO,Semgrep FP (ruído sobre código seguro),FP,Verdadeiro Negativo (Acerto),4.01,"O código desabilita a verificação de certificados TLS apenas para fins de depuração, conforme indicado no alerta. Isso não constitui uma vulnerabilidade real porque o desenvolvedor deve remover essa linha em produção.",3,especifica,especialista:d1145f8b,a81b6f5ca3a4f70c2cdbca1436fd138ccc84976ee981aa1726e3dff9ae4e4311,1138,65,0.00000000
fba695ad:CWE-319:false_positive#1,project-zot/zot,CWE-319,FP,ollama:qwen2.5-coder:7b,especialista,seguro,DETECTADO,Semgrep FP (ruído sobre código seguro),FP,Verdadeiro Negativo (Acerto),4.82,"O código não desabilita a verificação de certificados TLS/SSL. Em vez disso, ele verifica os certificados conforme necessário, adicionando um pool de certificados do sistema e permitindo a adição de certificados personalizados se fornecidos. Isso garante que a comunicação seja segura, evitando a exposição de informações sensíveis em texto claro.",3,especifica,especialista:d1145f8b,a81b6f5ca3a4f70c2cdbca1436fd138ccc84976ee981aa1726e3dff9ae4e4311,1273,97,0.00000000
fba695ad:CWE-319:false_positive#2,project-zot/zot,CWE-319,FP,ollama:qwen2.5-coder:7b,especialista,seguro,DETECTADO,Semgrep FP (ruído sobre código seguro),VP,Falso Positivo (Ruído Mantido),4.22,"A configuração de `InsecureSkipVerify: true` desabilita a verificação do certificado TLS, o que expõe a conexão à vulnerabilidade a ataques Man-in-the-Middle (MTM). Isso deve ser usado apenas para fins de depuração e não em produção.",3,especifica,especialista:d1145f8b,a81b6f5ca3a4f70c2cdbca1436fd138ccc84976ee981aa1726e3dff9ae4e4311,892,81,0.00000000
fba695ad:CWE-327:false_positive,project-zot/zot,CWE-327,FP,ollama:qwen2.5-coder:7b,especialista,seguro,DETECTADO,Semgrep FP (ruído sobre código seguro),FP,Verdadeiro Negativo (Acerto),4.67,"O uso de TLS 1.2 como padrão em Go 1.22 já atende aos requisitos recomendados para a maioria dos aplicativos web, incluindo a necessidade de segurança e integridade das comunicações. A configuração atual do código não apresenta vulnerabilidades significativas relacionadas à versão mínima do TLS.",4,especifica,especialista:d1145f8b,a81b6f5ca3a4f70c2cdbca1436fd138ccc84976ee981aa1726e3dff9ae4e4311,1144,94,0.00000000
fba695ad:CWE-327:false_positive#1,project-zot/zot,CWE-327,FP,ollama:qwen2.5-coder:7b,especialista,seguro,DETECTADO,Semgrep FP (ruído sobre código seguro),FP,Verdadeiro Negativo (Acerto),4.94,"O código está configurando uma conexão TLS com o mínimo de versão como TLS 1.3, conforme a recomendação do Go 1.22. A linha 59 mencionada no alerta não contém a configuração de `MinVersion`, mas isso é desnecessário porque o padrão atual é TLS 1.3. Portanto, este código não constitui uma vulnerabilidade.",4,especifica,especialista:d1145f8b,a81b6f5ca3a4f70c2cdbca1436fd138ccc84976ee981aa1726e3dff9ae4e4311,1232,105,0.00000000
fba695ad:CWE-327:false_positive#2,project-zot/zot,CWE-327,FP,ollama:qwen2.5-coder:7b,especialista,seguro,DETECTADO,Semgrep FP (ruído sobre código seguro),FP,Verdadeiro Negativo (Acerto),5.68,"O alerta é um FALSO POSITIVO porque a configuração de TLS no código não está sendo usada para autenticação, assinatura, derivação de chave ou armazenamento de credencial. Em vez disso, ela está sendo usada para configurar uma conexão HTTP segura com opções personalizadas, incluindo a verificação do certificado e a configuração de um pool de certificados CA. A falta da configuração de `MinVersion: tls.VersionTLS13` não constitui uma vulnerabilidade neste contexto.",4,especifica,especialista:d1145f8b,a81b6f5ca3a4f70c2cdbca1436fd138ccc84976ee981aa1726e3dff9ae4e4311,1279,138,0.00000000
fba695ad:CWE-327:false_positive#3,project-zot/zot,CWE-327,FP,ollama:qwen2.5-coder:7b,especialista,seguro,DETECTADO,Semgrep FP (ruído sobre código seguro),FP,Verdadeiro Negativo (Acerto),4.08,"O código não está configurando uma versão mínima de TLS, então não há vulnerabilidade em relação à falta de configuração da versão mínima do protocolo. O uso de InsecureSkipVerify é apenas para fins de exemplo e não constitui uma vulnerabilidade real.",4,especifica,especialista:d1145f8b,a81b6f5ca3a4f70c2cdbca1436fd138ccc84976ee981aa1726e3dff9ae4e4311,898,75,0.00000000
fba695ad:CWE-338:false_positive,project-zot/zot,CWE-338,FP,ollama:qwen2.5-coder:7b,especialista,seguro,DETECTADO,Semgrep FP (ruído sobre código seguro),FP,Verdadeiro Negativo (Acerto),5.44,"O uso de `math/rand` neste contexto não constitui uma vulnerabilidade. A função `makeHTTPGetRequest` é responsável por realizar solicitações HTTP GET, e o gerador de números pseudoaleatórios (`math/rand`) usado aqui não está sendo utilizado para gerar tokens, senhas, IDs de sessão, nonces ou chaves que exigem imprevisibilidade criptográfica. Em vez disso, ele é provavelmente sendo usado para fins como jitter de backoff, que requer apenas dispersão temporal e não imprevisibilidade contra adversário.",3,especifica,especialista:d1145f8b,a81b6f5ca3a4f70c2cdbca1436fd138ccc84976ee981aa1726e3dff9ae4e4311,968,137,0.00000000
fba695ad:CWE-338:false_positive#1,project-zot/zot,CWE-338,FP,ollama:qwen2.5-coder:7b,especialista,seguro,DETECTADO,Semgrep FP (ruído sobre código seguro),FP,Verdadeiro Negativo (Acerto),6.49,"O uso de `math/rand` neste contexto não constitui uma vulnerabilidade real. A função `rand.Intn(256)` é usada para gerar um número aleatório entre 0 e 255, que é então convertido em um byte. Este valor é usado para preencher um slice de bytes, que é então codificado em hexadecimal para formar o token de sessão. O contexto aqui não requer imprevisibilidade criptográfica, mas sim uma distribuição uniforme dos valores possíveis. Como `math/rand` é suficiente para este propósito e não há indicação de que a sequência gerada seja previsível ou que um atacante possa reconstruir ou adivinhar os tokens válidos, este uso não constitui uma vulnerabilidade.",3,especifica,especialista:d1145f8b,a81b6f5ca3a4f70c2cdbca1436fd138ccc84976ee981aa1726e3dff9ae4e4311,1046,185,0.00000000
fba695ad:CWE-338:false_positive#2,project-zot/zot,CWE-338,FP,ollama:qwen2.5-coder:7b,especialista,seguro,DETECTADO,Semgrep FP (ruído sobre código seguro),FP,Verdadeiro Negativo (Acerto),5.57,"O uso de `math/rand` neste contexto não constitui uma vulnerabilidade real. A função `rand.Intn(256)` é usada para gerar um número aleatório entre 0 e 255, que é então convertido em um byte. Este valor é usado para construir um token de sessão, mas o contexto específico desta operação não requer imprevisibilidade criptográfica. O uso de `math/rand` aqui é adequado para gerar tokens de sessão, pois a previsibilidade da sequência não compromete a segurança do token em questão.",3,especifica,especialista:d1145f8b,a81b6f5ca3a4f70c2cdbca1436fd138ccc84976ee981aa1726e3dff9ae4e4311,1013,141,0.00000000
fba695ad:CWE-614:false_positive,project-zot/zot,CWE-614,FP,ollama:qwen2.5-coder:7b,especialista,seguro,DETECTADO,Semgrep FP (ruído sobre código seguro),FP,Verdadeiro Negativo (Acerto),4.14,"O cookie 'session' não é um cookie de sessão, autenticação ou token sensível. É apenas uma indicação de que a sessão está inválida/expirada. Portanto, a ausência do atributo Secure não constitui uma vulnerabilidade.",1,especifica,especialista:d1145f8b,a81b6f5ca3a4f70c2cdbca1436fd138ccc84976ee981aa1726e3dff9ae4e4311,1015,73,0.00000000
fba695ad:CWE-665:false_positive,project-zot/zot,CWE-665,FP,ollama:qwen2.5-coder:7b,especialista,seguro,DETECTADO,Semgrep FP (ruído sobre código seguro),FP,Verdadeiro Negativo (Acerto),6.26,"O alerta indica que a variável `digest` pode ser modificada e usada em caso de erro, o que poderia resultar em um desreferenciamento nulo. No entanto, no contexto fornecido, a variável `digest` é inicializada corretamente antes de qualquer uso potencialmente problemático. A função `imgStore.PutImageManifest` retorna os valores de `digest` e `subjectDigest`, que são então usados em várias partes do código sem serem modificados novamente. Portanto, o alerta não constitui uma vulnerabilidade real neste contexto.",2,especifica,especialista:d1145f8b,a81b6f5ca3a4f70c2cdbca1436fd138ccc84976ee981aa1726e3dff9ae4e4311,1743,141,0.00000000
fba695ad:CWE-665:false_positive#1,project-zot/zot,CWE-665,FP,ollama:qwen2.5-coder:7b,especialista,seguro,DETECTADO,Semgrep FP (ruído sobre código seguro),FP,Verdadeiro Negativo (Acerto),4.62,"O código não mostra uma inicialização inadequada ou uso de um recurso em estado inesperado. A variável `userAc` é usada corretamente após ser verificada para erros e, se necessário, rejeitada. Não há evidências de que a variável seja modificada ou utilizada de forma potencialmente prejudicial.",2,especifica,especialista:d1145f8b,a81b6f5ca3a4f70c2cdbca1436fd138ccc84976ee981aa1726e3dff9ae4e4311,1008,93,0.00000000
fba695ad:CWE-667:false_positive,project-zot/zot,CWE-667,FP,ollama:qwen2.5-coder:7b,especialista,seguro,DETECTADO,Semgrep FP (ruído sobre código seguro),FP,Verdadeiro Negativo (Acerto),3.81,"O uso de defer httpClientLock.Unlock() logo após o Lock garante a liberação em todos os retornos, inclusive o de erro. Não há trava residual que possa levar a um deadlock ou panics resultantes de operações de bloqueio duplicadas.",1,especifica,especialista:d1145f8b,a81b6f5ca3a4f70c2cdbca1436fd138ccc84976ee981aa1726e3dff9ae4e4311,826,71,0.00000000
fba695ad:CWE-681:false_positive,project-zot/zot,CWE-681,FP,ollama:qwen2.5-coder:7b,especialista,seguro,DETECTADO,Semgrep FP (ruído sobre código seguro),FP,Verdadeiro Negativo (Acerto),4.00,"A conversão de `repo.Size` para `int` ocorre após garantir que o valor está dentro da faixa permitida. A função `strconv.Atoi` já garante que o valor esteja no intervalo válido para um inteiro em Go, evitando qualquer overflow ou underflow.",1,especifica,especialista:d1145f8b,a81b6f5ca3a4f70c2cdbca1436fd138ccc84976ee981aa1726e3dff9ae4e4311,1182,79,0.00000000
fba695ad:CWE-79:false_positive,project-zot/zot,CWE-79,FP,ollama:qwen2.5-coder:7b,especialista,seguro,DETECTADO,Semgrep FP (ruído sobre código seguro),FP,Verdadeiro Negativo (Acerto),4.66,"O código não está diretamente escrevendo dados de entrada do usuário no http.ResponseWriter. Em vez disso, ele serializa os dados em JSON usando o pacote jsoniter e depois escreve a representação binária desses dados. Como os dados são serializados em formato JSON, que já é uma forma de escape adequado para evitar XSS, este código não constitui uma vulnerabilidade XSS.",4,especifica,especialista:d1145f8b,a81b6f5ca3a4f70c2cdbca1436fd138ccc84976ee981aa1726e3dff9ae4e4311,1052,99,0.00000000
fba695ad:CWE-79:false_positive#1,project-zot/zot,CWE-79,FP,ollama:qwen2.5-coder:7b,especialista,seguro,DETECTADO,Semgrep FP (ruído sobre código seguro),FP,Verdadeiro Negativo (Acerto),4.22,"O código não está diretamente escrevendo dados de entrada do usuário em uma resposta HTTP. Em vez disso, ele está usando a função `w.Write(data)`, que é segura para dados brutos e não envolve a renderização de templates HTML. Portanto, este código não constitui uma vulnerabilidade XSS.",4,especifica,especialista:d1145f8b,a81b6f5ca3a4f70c2cdbca1436fd138ccc84976ee981aa1726e3dff9ae4e4311,905,84,0.00000000
fba695ad:CWE-79:false_positive#2,project-zot/zot,CWE-79,FP,ollama:qwen2.5-coder:7b,especialista,seguro,DETECTADO,Semgrep FP (ruído sobre código seguro),FP,Verdadeiro Negativo (Acerto),4.42,"O código não está diretamente escrevendo dados de entrada do usuário em um http.ResponseWriter sem escape. Em vez disso, ele serializa os dados em um buffer e depois escreve o conteúdo do buffer no ResponseWriter. Como não há dados de entrada externa sendo incorporados diretamente à saída HTML, este código não constitui uma vulnerabilidade XSS.",4,especifica,especialista:d1145f8b,a81b6f5ca3a4f70c2cdbca1436fd138ccc84976ee981aa1726e3dff9ae4e4311,961,91,0.00000000
fba695ad:CWE-79:false_positive#3,project-zot/zot,CWE-79,FP,ollama:qwen2.5-coder:7b,especialista,seguro,DETECTADO,Semgrep FP (ruído sobre código seguro),FP,Verdadeiro Negativo (Acerto),3.88,"O código não está incorporando dados do usuário diretamente na saída HTML. Ele lê um arquivo estático (index.html) e o escreve diretamente para a resposta HTTP, sem manipular ou incorporar dados de entrada do usuário.",4,especifica,especialista:d1145f8b,a81b6f5ca3a4f70c2cdbca1436fd138ccc84976ee981aa1726e3dff9ae4e4311,922,68,0.00000000
d726a795:CWE-319:false_positive,quic-go/quic-go,CWE-319,FP,ollama:qwen2.5-coder:7b,especialista,seguro,DETECTADO,Semgrep FP (ruído sobre código seguro),FP,Verdadeiro Negativo (Acerto),4.34,"A configuração de `InsecureSkipVerify: true` é usada para fins de depuração, conforme indicado no alerta. Isso não constitui uma vulnerabilidade real porque o código está sendo executado em um ambiente controlado e seguro, onde a segurança da comunicação não é um problema crítico.",3,especifica,especialista:d1145f8b,a81b6f5ca3a4f70c2cdbca1436fd138ccc84976ee981aa1726e3dff9ae4e4311,995,85,0.00000000
d726a795:CWE-319:false_positive#1,quic-go/quic-go,CWE-319,FP,ollama:qwen2.5-coder:7b,especialista,seguro,DETECTADO,Semgrep FP (ruído sobre código seguro),FP,Verdadeiro Negativo (Acerto),3.97,"O código não está transmitindo dados sensíveis em texto claro. Ele configura um servidor HTTP que aceita conexões TLS, garantindo que qualquer transmissão de dados seja criptografada.",3,especifica,especialista:d1145f8b,a81b6f5ca3a4f70c2cdbca1436fd138ccc84976ee981aa1726e3dff9ae4e4311,1182,57,0.00000000
d726a795:CWE-319:false_positive#2,quic-go/quic-go,CWE-319,FP,ollama:qwen2.5-coder:7b,especialista,seguro,DETECTADO,Semgrep FP (ruído sobre código seguro),FP,Verdadeiro Negativo (Acerto),5.19,"O código desabilita a verificação de certificados TLS/SSL apenas para fins de depuração, conforme indicado na mensagem do alerta. Isso não constitui uma vulnerabilidade real porque o objetivo é permitir que os desenvolvedores testem e debuguem suas aplicações sem interrupções causadas por certificados inválidos ou expirados. A desativação da verificação de certificados TLS/SSL deve ser usada com cuidado e removida em produção.",3,especifica,especialista:d1145f8b,a81b6f5ca3a4f70c2cdbca1436fd138ccc84976ee981aa1726e3dff9ae4e4311,1027,121,0.00000000
d726a795:CWE-326:false_positive,quic-go/quic-go,CWE-326,FP,ollama:qwen2.5-coder:7b,especialista,seguro,DETECTADO,Semgrep FP (ruído sobre código seguro),VP,Falso Positivo (Ruído Mantido),5.21,"A chave RSA gerada tem apenas 1024 bits de tamanho, o que é considerado muito fraco. Segundo a CWE-326 (Inadequate Encryption Strength), isso constitui uma fraqueza real porque a entrada controlável pelo sistema (geração da chave) chega à operação perigosa sem qualquer verificação e o caminho é atingível em produção.",2,fallback,especialista:d1145f8b,a81b6f5ca3a4f70c2cdbca1436fd138ccc84976ee981aa1726e3dff9ae4e4311,1014,101,0.00000000
d726a795:CWE-326:false_positive#1,quic-go/quic-go,CWE-326,FP,ollama:qwen2.5-coder:7b,especialista,seguro,DETECTADO,Semgrep FP (ruído sobre código seguro),FP,Verdadeiro Negativo (Acerto),4.37,"A chave RSA gerada em 'init()' é usada apenas para fins de teste/exemplo, não sendo exposta ou utilizada em operações perigosas. Além disso, o código é executado durante a inicialização do programa e não há caminho para que essa chave seja acessada ou manipulada por um agente externo.",2,fallback,especialista:d1145f8b,a81b6f5ca3a4f70c2cdbca1436fd138ccc84976ee981aa1726e3dff9ae4e4311,906,89,0.00000000
d726a795:CWE-327:false_positive,quic-go/quic-go,CWE-327,FP,ollama:qwen2.5-coder:7b,especialista,seguro,DETECTADO,Semgrep FP (ruído sobre código seguro),FP,Verdadeiro Negativo (Acerto),4.88,"O alerta é um FALSO POSITIVO porque o uso de TLS 1.2 como a versão mínima padrão em Go 1.22 não constitui uma vulnerabilidade em contextos onde a segurança da comunicação é essencial, como aplicativos web genéricos. O código está configurado para usar TLS 1.3 quando disponível, o que é a melhor prática atual.",8,especifica,especialista:d1145f8b,a81b6f5ca3a4f70c2cdbca1436fd138ccc84976ee981aa1726e3dff9ae4e4311,1235,102,0.00000000
d726a795:CWE-327:false_positive#1,quic-go/quic-go,CWE-327,FP,ollama:qwen2.5-coder:7b,especialista,seguro,DETECTADO,Semgrep FP (ruído sobre código seguro),FP,Verdadeiro Negativo (Acerto),5.90,"O alerta é um FALSO POSITIVO. A função `clientMain` está configurando uma conexão TLS para um cliente que usa o protocolo QUIC, não HTTPS. O uso de `InsecureSkipVerify: true` e a configuração de `NextProtos` são específicas para o protocolo QUIC e não aplicam diretamente à segurança da comunicação HTTP/HTTPS. Além disso, a falta de `MinVersion` em uma configuração TLS para QUIC é menos crítica do que em uma configuração TLS para HTTPS, pois QUIC tem sua própria maneira de lidar com a versão mínima do protocolo.",8,especifica,especialista:d1145f8b,a81b6f5ca3a4f70c2cdbca1436fd138ccc84976ee981aa1726e3dff9ae4e4311,1001,157,0.00000000
d726a795:CWE-327:false_positive#2,quic-go/quic-go,CWE-327,FP,ollama:qwen2.5-coder:7b,especialista,seguro,DETECTADO,Semgrep FP (ruído sobre código seguro),FP,Verdadeiro Negativo (Acerto),5.21,"O alerta é um FALSO POSITIVO porque o código não está sendo usado em um contexto de autenticação, assinatura, derivação de chave ou armazenamento de credencial. Em vez disso, ele está configurando a versão mínima do TLS para uma conexão QUIC, que é um protocolo de transporte seguro e eficiente. A configuração de TLS 1.3 como a versão mínima não constitui vulnerabilidade neste contexto.",8,especifica,especialista:d1145f8b,a81b6f5ca3a4f70c2cdbca1436fd138ccc84976ee981aa1726e3dff9ae4e4311,1140,119,0.00000000
d726a795:CWE-327:false_positive#3,quic-go/quic-go,CWE-327,FP,ollama:qwen2.5-coder:7b,especialista,seguro,DETECTADO,Semgrep FP (ruído sobre código seguro),FP,Verdadeiro Negativo (Acerto),4.93,"O alerta é um FALSO POSITIVO porque o código não está sendo usado em um contexto de autenticação, assinatura, derivação de chave ou armazenamento de credencial. Em vez disso, ele está configurando uma conexão TLS para comunicação de rede, que é um uso comum e seguro do protocolo TLS 1.2 como padrão.",8,especifica,especialista:d1145f8b,a81b6f5ca3a4f70c2cdbca1436fd138ccc84976ee981aa1726e3dff9ae4e4311,1297,99,0.00000000
d726a795:CWE-327:false_positive#4,quic-go/quic-go,CWE-327,FP,ollama:qwen2.5-coder:7b,especialista,seguro,DETECTADO,Semgrep FP (ruído sobre código seguro),FP,Verdadeiro Negativo (Acerto),4.88,"O código gera uma configuração TLS com um certificado de cadeia longa, mas não especifica a versão mínima do protocolo TLS. Como o Go 1.22 usa TLS 1.2 como padrão e as aplicações de propósito geral devem usar pelo menos TLS 1.3, este código não constitui uma vulnerabilidade real.",8,especifica,especialista:d1145f8b,a81b6f5ca3a4f70c2cdbca1436fd138ccc84976ee981aa1726e3dff9ae4e4311,1301,96,0.00000000
d726a795:CWE-327:false_positive#5,quic-go/quic-go,CWE-327,FP,ollama:qwen2.5-coder:7b,especialista,seguro,DETECTADO,Semgrep FP (ruído sobre código seguro),FP,Verdadeiro Negativo (Acerto),5.33,"O alerta é um FALSO POSITIVO porque o código não está configurando uma conexão TLS. A variável `tlsConf` é usada para configurar a verificação de certificados como insegura (`InsecureSkipVerify: true`) e para registrar logs SSL, mas não há nenhuma configuração específica relacionada à versão mínima do protocolo TLS. Portanto, o alerta sobre a falta da versão mínima do TLS (TLS 1.3) não se aplica neste contexto.",8,especifica,especialista:d1145f8b,a81b6f5ca3a4f70c2cdbca1436fd138ccc84976ee981aa1726e3dff9ae4e4311,1033,129,0.00000000
d726a795:CWE-327:false_positive#6,quic-go/quic-go,CWE-327,FP,ollama:qwen2.5-coder:7b,especialista,seguro,DETECTADO,Semgrep FP (ruído sobre código seguro),FP,Verdadeiro Negativo (Acerto),4.66,"O alerta é um FALSO POSITIVO porque o código está configurando uma conexão TLS, mas não está usando diretamente os algoritmos de hash MD5 ou SHA1. Em vez disso, ele está configurando a versão mínima do protocolo TLS para TLS 1.3, que é considerado seguro e recomendado para uso em aplicações web.",8,especifica,especialista:d1145f8b,a81b6f5ca3a4f70c2cdbca1436fd138ccc84976ee981aa1726e3dff9ae4e4311,1035,98,0.00000000
d726a795:CWE-327:false_positive#7,quic-go/quic-go,CWE-327,FP,ollama:qwen2.5-coder:7b,especialista,seguro,DETECTADO,Semgrep FP (ruído sobre código seguro),FP,Verdadeiro Negativo (Acerto),4.82,"O alerta é um FALSO POSITIVO porque o código não está sendo usado em um contexto de autenticação, assinatura, derivação de chave ou armazenamento de credencial. Em vez disso, ele está configurando uma conexão TLS para um servidor HTTP/3, que requer a versão mínima do protocolo TLS 1.3.",8,especifica,especialista:d1145f8b,a81b6f5ca3a4f70c2cdbca1436fd138ccc84976ee981aa1726e3dff9ae4e4311,1273,96,0.00000000
d726a795:CWE-328:false_positive,quic-go/quic-go,CWE-328,FP,ollama:qwen2.5-coder:7b,especialista,seguro,DETECTADO,Semgrep FP (ruído sobre código seguro),FP,Verdadeiro Negativo (Acerto),5.51,"O uso do MD5 neste contexto é adequado, pois não está sendo usado para armazenar senhas ou outros dados sensíveis que exigiriam um algoritmo de hash seguro. O MD5 aqui é utilizado apenas para calcular o hash de um arquivo enviado pelo usuário, que será exibido como uma resposta em hexadecimal. Este uso do MD5 não apresenta vulnerabilidades relacionadas à segurança.",2,especifica,especialista:d1145f8b,a81b6f5ca3a4f70c2cdbca1436fd138ccc84976ee981aa1726e3dff9ae4e4311,1987,101,0.00000000
d726a795:CWE-328:false_positive#1,quic-go/quic-go,CWE-328,FP,ollama:qwen2.5-coder:7b,especialista,seguro,DETECTADO,Semgrep FP (ruído sobre código seguro),FP,Verdadeiro Negativo (Acerto),4.93,"A função SHA-1 neste contexto não é usada para armazenar senhas ou segredos, mas sim para gerar um hash único do conteúdo de um arquivo. Como o alerta sugere, SHA-1 não é adequado para uso em senhas devido à sua fragilidade contra colisões, mas neste caso específico, ele está sendo usado corretamente para garantir a integridade e unicidade dos arquivos armazenados.",2,especifica,especialista:d1145f8b,a81b6f5ca3a4f70c2cdbca1436fd138ccc84976ee981aa1726e3dff9ae4e4311,958,113,0.00000000
d726a795:CWE-338:false_positive,quic-go/quic-go,CWE-338,FP,ollama:qwen2.5-coder:7b,especialista,seguro,DETECTADO,Semgrep FP (ruído sobre código seguro),FP,Verdadeiro Negativo (Acerto),4.82,"O uso de `math/rand` neste contexto não constitui uma vulnerabilidade real. A função `rsa.GenerateKey` requer um gerador de números pseudoaleatórios para criar chaves RSA, mas o alerta está incorretamente sinalizando como uma fraqueza de segurança. O `crypto/rand` é usado em outros lugares do código e não há evidências de que este uso específico seja problemático.",1,especifica,especialista:d1145f8b,a81b6f5ca3a4f70c2cdbca1436fd138ccc84976ee981aa1726e3dff9ae4e4311,1137,102,0.00000000
d726a795:CWE-667:false_positive,quic-go/quic-go,CWE-667,FP,ollama:qwen2.5-coder:7b,especialista,seguro,DETECTADO,Semgrep FP (ruído sobre código seguro),FP,Verdadeiro Negativo (Acerto),3.95,"O uso de defer para garantir a liberação do lock após o Lock garante que o mutex seja sempre desbloqueado, mesmo em caminhos de erro. A função retorna sem problemas após o unlock.",3,especifica,especialista:d1145f8b,a81b6f5ca3a4f70c2cdbca1436fd138ccc84976ee981aa1726e3dff9ae4e4311,1117,61,0.00000000
d726a795:CWE-667:false_positive#1,quic-go/quic-go,CWE-667,FP,ollama:qwen2.5-coder:7b,especialista,seguro,DETECTADO,Semgrep FP (ruído sobre código seguro),FP,Verdadeiro Negativo (Acerto),3.93,"O uso de defer c.mu.Unlock() logo após o Lock garante a liberação em todos os caminhos de retorno, inclusive o de erro. Não há trava residual que possa levar a um deadlock ou uma condição de corrida.",3,especifica,especialista:d1145f8b,a81b6f5ca3a4f70c2cdbca1436fd138ccc84976ee981aa1726e3dff9ae4e4311,899,68,0.00000000
d726a795:CWE-667:false_positive#2,quic-go/quic-go,CWE-667,FP,ollama:qwen2.5-coder:7b,especialista,seguro,DETECTADO,Semgrep FP (ruído sobre código seguro),FP,Verdadeiro Negativo (Acerto),3.92,"O uso de defer c.mu.Unlock() logo após o Lock garante a liberação em todos os caminhos de retorno, inclusive o de erro. Não há trava residual que possa levar a um deadlock ou uma condição de corrida.",3,especifica,especialista:d1145f8b,a81b6f5ca3a4f70c2cdbca1436fd138ccc84976ee981aa1726e3dff9ae4e4311,913,68,0.00000000
d726a795:CWE-79:false_positive,quic-go/quic-go,CWE-79,FP,ollama:qwen2.5-coder:7b,especialista,seguro,DETECTADO,Semgrep FP (ruído sobre código seguro),FP,Verdadeiro Negativo (Acerto),5.26,"O código não está diretamente escrevendo dados de entrada do usuário em um http.ResponseWriter sem escape. Em vez disso, ele está gerando uma página HTML estática que inclui imagens com URLs dinâmicas. Essas URLs são baseadas em parâmetros controlados pelo servidor e não contêm entradas diretas do usuário.",2,especifica,especialista:d1145f8b,a81b6f5ca3a4f70c2cdbca1436fd138ccc84976ee981aa1726e3dff9ae4e4311,1986,88,0.00000000
d726a795:CWE-79:false_positive#1,quic-go/quic-go,CWE-79,FP,ollama:qwen2.5-coder:7b,especialista,seguro,DETECTADO,Semgrep FP (ruído sobre código seguro),FP,Verdadeiro Negativo (Acerto),5.00,"O código não está diretamente envolvido em renderização de conteúdo gerado pelo usuário. Ele apenas lê uma estrutura Go, um arquivo de entrada e um arquivo de modelo, e gera um novo arquivo de saída. Não há nenhuma operação que envolva a incorporação direta de dados do usuário em uma saída HTML ou texto, o que torna este código inofensivo em relação à vulnerabilidade XSS.",2,especifica,especialista:d1145f8b,a81b6f5ca3a4f70c2cdbca1436fd138ccc84976ee981aa1726e3dff9ae4e4311,1137,110,0.00000000
98819ca4:CWE-1004:false_positive,siyuan-note/siyuan,CWE-1004,FP,ollama:qwen2.5-coder:7b,especialista,seguro,DETECTADO,Semgrep FP (ruído sobre código seguro),FP,Verdadeiro Negativo (Acerto),4.37,"O cookie 'symphony' é usado para autenticação e não é acessado pelo front-end, então a ausência do atributo HttpOnly não constitui uma vulnerabilidade.",3,especifica,especialista:d1145f8b,a81b6f5ca3a4f70c2cdbca1436fd138ccc84976ee981aa1726e3dff9ae4e4311,1779,54,0.00000000
98819ca4:CWE-1004:false_positive#1,siyuan-note/siyuan,CWE-1004,FP,ollama:qwen2.5-coder:7b,especialista,seguro,DETECTADO,Semgrep FP (ruído sobre código seguro),FP,Verdadeiro Negativo (Acerto),4.49,"O cookie 'symphony' é usado para armazenar o token de usuário, que é necessário para a autenticação do usuário no sistema. Como este token precisa ser acessado pelo front-end para realizar operações autenticadas, a ausência do atributo HttpOnly não constitui uma vulnerabilidade em relação à XSS.",3,especifica,especialista:d1145f8b,a81b6f5ca3a4f70c2cdbca1436fd138ccc84976ee981aa1726e3dff9ae4e4311,1232,84,0.00000000
98819ca4:CWE-1004:false_positive#2,siyuan-note/siyuan,CWE-1004,FP,ollama:qwen2.5-coder:7b,especialista,seguro,DETECTADO,Semgrep FP (ruído sobre código seguro),FP,Verdadeiro Negativo (Acerto),4.55,"O cookie 'symphony' é usado para autenticação e precisa ser lido pelo front-end para enviar em requisições subsequentes. Portanto, a ausência do atributo HttpOnly não constitui uma vulnerabilidade.",3,especifica,especialista:d1145f8b,a81b6f5ca3a4f70c2cdbca1436fd138ccc84976ee981aa1726e3dff9ae4e4311,1812,64,0.00000000
98819ca4:CWE-319:false_positive,siyuan-note/siyuan,CWE-319,FP,ollama:qwen2.5-coder:7b,especialista,seguro,DETECTADO,Semgrep FP (ruído sobre código seguro),FP,Verdadeiro Negativo (Acerto),4.04,"O código não envia dados sensíveis em texto claro. Ele inicia um servidor reverso que redireciona tráfego para outra URL, mas não há evidências de transmissão de informações confidenciais em texto claro neste contexto.",1,especifica,especialista:d1145f8b,a81b6f5ca3a4f70c2cdbca1436fd138ccc84976ee981aa1726e3dff9ae4e4311,1005,68,0.00000000
98819ca4:CWE-328:false_positive,siyuan-note/siyuan,CWE-328,FP,ollama:qwen2.5-coder:7b,especialista,seguro,DETECTADO,Semgrep FP (ruído sobre código seguro),FP,Verdadeiro Negativo (Acerto),7.44,"O SHA-1 é usado aqui para calcular um hash de um arquivo de configuração, que não é uma senha nem um dado sensível. O uso do SHA-1 neste contexto é adequado e seguro, pois não há risco de ataques de pré-imagem, colisão ou tabela arco-íris em relação à integridade do arquivo de configuração.",4,especifica,especialista:d1145f8b,a81b6f5ca3a4f70c2cdbca1436fd138ccc84976ee981aa1726e3dff9ae4e4311,4401,97,0.00000000
98819ca4:CWE-328:false_positive#1,siyuan-note/siyuan,CWE-328,FP,ollama:qwen2.5-coder:7b,especialista,seguro,DETECTADO,Semgrep FP (ruído sobre código seguro),FP,Verdadeiro Negativo (Acerto),5.93,"O SHA-1 é usado aqui para calcular um hash de conteúdo, não para armazenar senhas. Como mencionado na camada 2 da heurística, a função em integridade de arquivo, endereçamento de conteúdo ou checksum não caracteriza a fraqueza. Neste contexto, o uso do SHA-1 é adequado.",4,especifica,especialista:d1145f8b,a81b6f5ca3a4f70c2cdbca1436fd138ccc84976ee981aa1726e3dff9ae4e4311,2108,92,0.00000000
98819ca4:CWE-328:false_positive#2,siyuan-note/siyuan,CWE-328,FP,ollama:qwen2.5-coder:7b,especialista,seguro,DETECTADO,Semgrep FP (ruído sobre código seguro),FP,Verdadeiro Negativo (Acerto),4.56,"O SHA-1 é usado aqui para calcular um hash de uma chave de repositório, que não é uma senha nem um dado sensível. O contexto desta operação é a integridade do conteúdo e não a armazenamento seguro de senhas. Portanto, o uso do SHA-1 neste caso não constitui uma vulnerabilidade.",4,especifica,especialista:d1145f8b,a81b6f5ca3a4f70c2cdbca1436fd138ccc84976ee981aa1726e3dff9ae4e4311,1113,88,0.00000000
98819ca4:CWE-328:false_positive#3,siyuan-note/siyuan,CWE-328,FP,ollama:qwen2.5-coder:7b,especialista,seguro,DETECTADO,Semgrep FP (ruído sobre código seguro),FP,Verdadeiro Negativo (Acerto),4.49,"A função CalSha1 é usada para calcular o SHA-1 de dados, mas não é aplicada a senhas ou segredos que exigem KDF com sal e custo. Em vez disso, parece ser uma função genérica para calcular hashes de dados, como ETags em HTTP. Portanto, o uso do SHA-1 neste contexto não constitui vulnerabilidade.",4,especifica,especialista:d1145f8b,a81b6f5ca3a4f70c2cdbca1436fd138ccc84976ee981aa1726e3dff9ae4e4311,915,97,0.00000000
98819ca4:CWE-338:false_positive,siyuan-note/siyuan,CWE-338,FP,ollama:qwen2.5-coder:7b,especialista,seguro,DETECTADO,Semgrep FP (ruído sobre código seguro),FP,Verdadeiro Negativo (Acerto),5.89,"O uso de `math/rand` neste contexto não constitui uma vulnerabilidade real. A função `rand.Intn(256)` é usada para gerar um número aleatório entre 0 e 255, que é então convertido em um byte. Este valor é usado para preencher um slice de bytes, que é então codificado em hexadecimal para formar uma string. O contexto deste código não requer imprevisibilidade criptográfica, pois está sendo usado para gerar um identificador único para um arquivo temporário. A função `math/rand` neste caso é segura e apropriada para o propósito.",6,especifica,especialista:d1145f8b,a81b6f5ca3a4f70c2cdbca1436fd138ccc84976ee981aa1726e3dff9ae4e4311,1175,150,0.00000000
98819ca4:CWE-338:false_positive#1,siyuan-note/siyuan,CWE-338,FP,ollama:qwen2.5-coder:7b,especialista,seguro,DETECTADO,Semgrep FP (ruído sobre código seguro),FP,Verdadeiro Negativo (Acerto),4.52,"O uso de `math/rand` neste contexto não constitui uma vulnerabilidade real. A função `tokenSessao` gera um token de sessão usando `crypto/rand`, que é criptograficamente seguro e imprevisível, conforme a documentação oficial do Go: https://pkg.go.dev/math/rand#NewSource",6,especifica,especialista:d1145f8b,a81b6f5ca3a4f70c2cdbca1436fd138ccc84976ee981aa1726e3dff9ae4e4311,1180,86,0.00000000
98819ca4:CWE-338:false_positive#2,siyuan-note/siyuan,CWE-338,FP,ollama:qwen2.5-coder:7b,especialista,seguro,DETECTADO,Semgrep FP (ruído sobre código seguro),FP,Verdadeiro Negativo (Acerto),4.34,"O uso de `math/rand` neste contexto não constitui uma vulnerabilidade real. A função `GetDuplicateName` gera nomes duplicados para evitar conflitos, e a imprevisibilidade da sequência gerada por `math/rand` nesse caso não é necessária ou relevante.",6,especifica,especialista:d1145f8b,a81b6f5ca3a4f70c2cdbca1436fd138ccc84976ee981aa1726e3dff9ae4e4311,1114,79,0.00000000
98819ca4:CWE-338:false_positive#3,siyuan-note/siyuan,CWE-338,FP,ollama:qwen2.5-coder:7b,especialista,seguro,DETECTADO,Semgrep FP (ruído sobre código seguro),FP,Verdadeiro Negativo (Acerto),5.74,"O uso de `math/rand` neste contexto não constitui uma vulnerabilidade real. A função `DisableFeature` é usada para desabilitar recursos específicos do sistema, e não gera tokens, senhas, IDs de sessão, nonces ou chaves que exigem imprevisibilidade criptográfica. O gerador de números pseudoaleatórios usado aqui (`math/rand`) está sendo alimentado corretamente com uma semente aleatória (`rand.Seed(time.Now().UnixNano())`), o que torna a sequência gerada suficientemente não previsível para este propósito.",6,especifica,especialista:d1145f8b,a81b6f5ca3a4f70c2cdbca1436fd138ccc84976ee981aa1726e3dff9ae4e4311,1122,145,0.00000000
98819ca4:CWE-338:false_positive#4,siyuan-note/siyuan,CWE-338,FP,ollama:qwen2.5-coder:7b,especialista,seguro,DETECTADO,Semgrep FP (ruído sobre código seguro),FP,Verdadeiro Negativo (Acerto),5.14,"O uso de `math/rand` neste contexto não constitui uma vulnerabilidade real. A função é usada para gerar um número aleatório entre 0 e 1, que é então multiplicado por 1000 e convertido em um valor de tempo de jitter para backoff. Esta operação não requer imprevisibilidade criptográfica, pois o objetivo é apenas espalhar as tentativas no tempo, não gerar tokens ou chaves seguras.",6,especifica,especialista:d1145f8b,a81b6f5ca3a4f70c2cdbca1436fd138ccc84976ee981aa1726e3dff9ae4e4311,1109,116,0.00000000
98819ca4:CWE-338:false_positive#5,siyuan-note/siyuan,CWE-338,FP,ollama:qwen2.5-coder:7b,especialista,seguro,DETECTADO,Semgrep FP (ruído sobre código seguro),FP,Verdadeiro Negativo (Acerto),5.39,"O uso de `math/rand` em `rand.Seed(time.Now().UTC().UnixNano())` não constitui uma vulnerabilidade real neste contexto. A função `rand.Seed` é usada para inicializar o gerador de números pseudoaleatórios com uma semente baseada no tempo atual, garantindo que a sequência de números gerados seja diferente em diferentes execuções do programa. Este uso é adequado para fins de inicialização e não requer imprevisibilidade absoluta como exigido por `crypto/rand`.",6,especifica,especialista:d1145f8b,a81b6f5ca3a4f70c2cdbca1436fd138ccc84976ee981aa1726e3dff9ae4e4311,1135,128,0.00000000
98819ca4:CWE-614:false_positive,siyuan-note/siyuan,CWE-614,FP,ollama:qwen2.5-coder:7b,especialista,seguro,DETECTADO,Semgrep FP (ruído sobre código seguro),FP,Verdadeiro Negativo (Acerto),4.97,"O cookie 'symphony' não é um cookie de sessão, autenticação ou token. É um cookie de preferência do usuário (provavelmente para armazenar o token de upload). Como ele não contém dados sensíveis, a ausência do atributo Secure não constitui uma vulnerabilidade.",3,especifica,especialista:d1145f8b,a81b6f5ca3a4f70c2cdbca1436fd138ccc84976ee981aa1726e3dff9ae4e4311,1731,81,0.00000000
98819ca4:CWE-614:false_positive#1,siyuan-note/siyuan,CWE-614,FP,ollama:qwen2.5-coder:7b,especialista,seguro,DETECTADO,Semgrep FP (ruído sobre código seguro),FP,Verdadeiro Negativo (Acerto),4.08,"O cookie 'symphony' não é um cookie de sessão, autenticação ou token. É apenas uma preferência do usuário (token de usuário). A ausência do atributo Secure neste contexto não constitui vulnerabilidade.",3,especifica,especialista:d1145f8b,a81b6f5ca3a4f70c2cdbca1436fd138ccc84976ee981aa1726e3dff9ae4e4311,1184,64,0.00000000
98819ca4:CWE-614:false_positive#2,siyuan-note/siyuan,CWE-614,FP,ollama:qwen2.5-coder:7b,especialista,seguro,DETECTADO,Semgrep FP (ruído sobre código seguro),FP,Verdadeiro Negativo (Acerto),4.81,"O cookie 'symphony' não é um cookie de sessão, autenticação ou token. É um cookie de preferência do usuário (token de usuário) que não contém dados sensíveis. Portanto, a ausência do atributo Secure não constitui uma vulnerabilidade.",3,especifica,especialista:d1145f8b,a81b6f5ca3a4f70c2cdbca1436fd138ccc84976ee981aa1726e3dff9ae4e4311,1764,75,0.00000000
98819ca4:CWE-665:false_positive,siyuan-note/siyuan,CWE-665,FP,ollama:qwen2.5-coder:7b,especialista,seguro,DETECTADO,Semgrep FP (ruído sobre código seguro),FP,Verdadeiro Negativo (Acerto),5.62,"A variável `doc` é inicializada corretamente antes de ser usada. Ela recebe um valor válido do método `instance.OpenDocument`, que retorna um documento PDF aberto. O código verifica se ocorreu um erro ao abrir o documento e, em caso de sucesso, prossegue com a operação de obter o texto da página. Se houver um erro no processo, o documento é fechado corretamente usando `instance.FPDF_CloseDocument`. Portanto, não há risco de uma dereferência nula ou uso de um recurso em estado inesperado.",2,especifica,especialista:d1145f8b,a81b6f5ca3a4f70c2cdbca1436fd138ccc84976ee981aa1726e3dff9ae4e4311,1095,140,0.00000000
98819ca4:CWE-665:false_positive#1,siyuan-note/siyuan,CWE-665,FP,ollama:qwen2.5-coder:7b,especialista,seguro,DETECTADO,Semgrep FP (ruído sobre código seguro),FP,Verdadeiro Negativo (Acerto),5.52,"O código não inicializa um recurso de segurança em estado inesperado. A função `doSetAttrs` itera sobre um mapa chamado `attrs`, que é inicializado como um mapa vazio (`map[string]string{}`). Esta iteração ocorre apenas se o mapa não estiver vazio, e a função verifica se os nomes das chaves são válidos antes de removê-los ou definir seus valores. Não há nenhuma operação que possa levar à inicialização inadequada de um recurso de segurança.",2,especifica,especialista:d1145f8b,a81b6f5ca3a4f70c2cdbca1436fd138ccc84976ee981aa1726e3dff9ae4e4311,1150,132,0.00000000
98819ca4:CWE-667:false_positive,siyuan-note/siyuan,CWE-667,FP,ollama:qwen2.5-coder:7b,especialista,seguro,DETECTADO,Semgrep FP (ruído sobre código seguro),FP,Verdadeiro Negativo (Acerto),4.00,"O uso de defer para garantir a liberação do lock após o Unlock garante que o mutex seja sempre desbloqueado, mesmo em caminhos de erro. Portanto, não há risco de deadlock ou trava residual.",1,especifica,especialista:d1145f8b,a81b6f5ca3a4f70c2cdbca1436fd138ccc84976ee981aa1726e3dff9ae4e4311,1058,65,0.00000000
98819ca4:CWE-89:false_positive,siyuan-note/siyuan,CWE-89,FP,ollama:qwen2.5-coder:7b,especialista,seguro,DETECTADO,Semgrep FP (ruído sobre código seguro),FP,Verdadeiro Negativo (Acerto),4.60,"A entrada 'ids' é uma lista de strings controlada pelo código interno, não por um agente externo. Ela já foi processada e formatada antes de chegar à operação SQL, garantindo que não seja manipulável por dados externos.",1,fallback,especialista:d1145f8b,a81b6f5ca3a4f70c2cdbca1436fd138ccc84976ee981aa1726e3dff9ae4e4311,998,73,0.00000000
98819ca4:CWE-94:false_positive,siyuan-note/siyuan,CWE-94,FP,ollama:qwen2.5-coder:7b,especialista,seguro,DETECTADO,Semgrep FP (ruído sobre código seguro),FP,Verdadeiro Negativo (Acerto),4.72,"O texto do comando 'pandoc' é construído a partir de valores fixos definidos no código, não da entrada externa. A função `ExportDocx` não permite que o usuário controle as opções passadas para o comando 'pandoc', evitando assim a injeção de código.",4,especifica,especialista:d1145f8b,a81b6f5ca3a4f70c2cdbca1436fd138ccc84976ee981aa1726e3dff9ae4e4311,1461,84,0.00000000
98819ca4:CWE-94:false_positive#1,siyuan-note/siyuan,CWE-94,FP,ollama:qwen2.5-coder:7b,especialista,seguro,DETECTADO,Semgrep FP (ruído sobre código seguro),FP,Verdadeiro Negativo (Acerto),3.42,"O texto do comando é constante do programa; a entrada externa é apenas dado interpolado, não código de execução.",4,especifica,especialista:d1145f8b,a81b6f5ca3a4f70c2cdbca1436fd138ccc84976ee981aa1726e3dff9ae4e4311,947,43,0.00000000
98819ca4:CWE-94:false_positive#2,siyuan-note/siyuan,CWE-94,FP,ollama:qwen2.5-coder:7b,especialista,seguro,DETECTADO,Semgrep FP (ruído sobre código seguro),FP,Verdadeiro Negativo (Acerto),5.33,"O texto do comando 'exec.CommandContext' é constante e não provém de entrada externa. A função Tesseract está sendo usada para processar uma imagem, onde o caminho da imagem é a única entrada externa que pode ser controlada pelo usuário. O comando 'TesseractBin' é um valor fixo definido em outras partes do código e não vem de qualquer entrada externa. Portanto, este não constitui uma vulnerabilidade de injeção de código.",4,especifica,especialista:d1145f8b,a81b6f5ca3a4f70c2cdbca1436fd138ccc84976ee981aa1726e3dff9ae4e4311,1329,117,0.00000000
98819ca4:CWE-94:false_positive#3,siyuan-note/siyuan,CWE-94,FP,ollama:qwen2.5-coder:7b,especialista,seguro,DETECTADO,Semgrep FP (ruído sobre código seguro),FP,Verdadeiro Negativo (Acerto),4.58,O texto do comando é constante e não provém de entrada externa. A função `exec.Command` está sendo usada para executar um binário (`PandocBinPath`) com argumentos fixos (`args...`). Não há evidências de que a entrada do usuário esteja sendo usada para gerar ou alterar o comando em execução.,4,especifica,especialista:d1145f8b,a81b6f5ca3a4f70c2cdbca1436fd138ccc84976ee981aa1726e3dff9ae4e4311,1009,92,0.00000000
b311a5c9:CWE-1004:false_positive,sysadminsmedia/homebox,CWE-1004,FP,ollama:qwen2.5-coder:7b,especialista,seguro,DETECTADO,Semgrep FP (ruído sobre código seguro),FP,Verdadeiro Negativo (Acerto),4.42,"O cookie 'Fake Session' não é um cookie de sessão ou autenticação, mas sim um cookie falso usado para fins ilustrativos. Como ele não contém dados sensíveis que precisariam ser protegidos contra o acesso do lado do cliente, a ausência do atributo HttpOnly não constitui uma vulnerabilidade.",1,especifica,especialista:d1145f8b,a81b6f5ca3a4f70c2cdbca1436fd138ccc84976ee981aa1726e3dff9ae4e4311,1063,87,0.00000000
b311a5c9:CWE-328:false_positive,sysadminsmedia/homebox,CWE-328,FP,ollama:qwen2.5-coder:7b,especialista,seguro,DETECTADO,Semgrep FP (ruído sobre código seguro),FP,Verdadeiro Negativo (Acerto),6.18,"O uso do MD5 neste contexto não constitui uma vulnerabilidade real. O MD5 é usado aqui para gerar um hash de conteúdo de arquivo, que é uma operação comum em sistemas de armazenamento de blobs e integridade de dados. A função MD5 é adequada para esse propósito porque ela garante a resistência a colisões, o que é suficiente para identificar arquivos unicamente. O uso do MD5 neste caso não expõe os dados a ataques de pré-imagem ou força bruta, pois ele está sendo usado em um contexto onde a integridade e a verificação da unicidade dos arquivos são prioridades.",1,especifica,especialista:d1145f8b,a81b6f5ca3a4f70c2cdbca1436fd138ccc84976ee981aa1726e3dff9ae4e4311,1323,157,0.00000000
b311a5c9:CWE-338:false_positive,sysadminsmedia/homebox,CWE-338,FP,ollama:qwen2.5-coder:7b,especialista,seguro,DETECTADO,Semgrep FP (ruído sobre código seguro),FP,Verdadeiro Negativo (Acerto),3.97,"O uso de `math/rand` em funções como `Str` não constitui uma vulnerabilidade real, pois o contexto requer apenas a geração de strings aleatórias para fins de teste. A imprevisibilidade é irrelevante neste caso.",1,especifica,especialista:d1145f8b,a81b6f5ca3a4f70c2cdbca1436fd138ccc84976ee981aa1726e3dff9ae4e4311,940,69,0.00000000
b311a5c9:CWE-614:false_positive,sysadminsmedia/homebox,CWE-614,FP,ollama:qwen2.5-coder:7b,especialista,seguro,DETECTADO,Semgrep FP (ruído sobre código seguro),FP,Verdadeiro Negativo (Acerto),4.18,"O cookie 'Fake Session' não é um cookie de sessão, autenticação ou token. É um cookie falso usado para fins ilustrativos e não contém dados sensíveis. Portanto, a ausência do atributo Secure neste caso não constitui uma vulnerabilidade.",1,especifica,especialista:d1145f8b,a81b6f5ca3a4f70c2cdbca1436fd138ccc84976ee981aa1726e3dff9ae4e4311,1015,75,0.00000000
b311a5c9:CWE-79:false_positive,sysadminsmedia/homebox,CWE-79,FP,ollama:qwen2.5-coder:7b,especialista,seguro,DETECTADO,Semgrep FP (ruído sobre código seguro),FP,Verdadeiro Negativo (Acerto),3.94,"O código não está incorporando dados do usuário diretamente na saída HTML. Ele está escrevendo um arquivo CSV, que não é interpretado pelo navegador como HTML, evitando assim a possibilidade de injeção de script.",7,especifica,especialista:d1145f8b,a81b6f5ca3a4f70c2cdbca1436fd138ccc84976ee981aa1726e3dff9ae4e4311,986,66,0.00000000
b311a5c9:CWE-79:false_positive#1,sysadminsmedia/homebox,CWE-79,FP,ollama:qwen2.5-coder:7b,especialista,seguro,DETECTADO,Semgrep FP (ruído sobre código seguro),FP,Verdadeiro Negativo (Acerto),4.83,"O código não está utilizando a função `text/template` para renderizar conteúdo gerado pelo usuário, o que significa que não há risco de injeção de script. Em vez disso, o código está usando a biblioteca `github.com/sysadminsmedia/homebox/backend/internal/sys/config` para obter parâmetros de configuração e gerar uma imagem com base nesses parâmetros.",7,especifica,especialista:d1145f8b,a81b6f5ca3a4f70c2cdbca1436fd138ccc84976ee981aa1726e3dff9ae4e4311,1169,100,0.00000000
b311a5c9:CWE-79:false_positive#2,sysadminsmedia/homebox,CWE-79,FP,ollama:qwen2.5-coder:7b,especialista,seguro,DETECTADO,Semgrep FP (ruído sobre código seguro),FP,Verdadeiro Negativo (Acerto),4.90,"O código não está incorporando dados do usuário diretamente na saída HTML. Em vez disso, ele usa o pacote `text/template` para gerar uma string de conexão de publicação/assinatura com base em um modelo e uma variável de tópico. O pacote `text/template` já aplica escape automático a qualquer conteúdo que seja inserido no template, o que previne injeções de script XSS.",7,especifica,especialista:d1145f8b,a81b6f5ca3a4f70c2cdbca1436fd138ccc84976ee981aa1726e3dff9ae4e4311,1117,110,0.00000000
b311a5c9:CWE-94:false_positive,sysadminsmedia/homebox,CWE-94,FP,ollama:qwen2.5-coder:7b,especialista,seguro,DETECTADO,Semgrep FP (ruído sobre código seguro),FP,Verdadeiro Negativo (Acerto),4.46,"O texto do comando é gerado a partir de uma configuração definida pelo usuário, mas não contém ações {{...}} que permitiriam injeção de código. O comando é construído usando `exec.Command` com partes separadas em um slice, o que evita a interpretação como código Go.",1,especifica,especialista:d1145f8b,a81b6f5ca3a4f70c2cdbca1436fd138ccc84976ee981aa1726e3dff9ae4e4311,1082,86,0.00000000
gitops-engine:CWE-200:NormalizeSecret:vuln,argoproj/gitops-engine,CWE-200,TP_ouro,ollama:qwen2.5-coder:7b,especialista,vulneravel,NAO_DETECTADO,Semgrep FN (ponto cego simbólico),N/A,N/A (Semgrep nao detectou),0.00,Semgrep nao emitiu alerta para esta CWE (cobertura simbolica).,1,fallback,especialista:d1145f8b,a81b6f5ca3a4f70c2cdbca1436fd138ccc84976ee981aa1726e3dff9ae4e4311,0,0,0.00000000
gitops-engine:CWE-200:NormalizeSecret:fix,argoproj/gitops-engine,CWE-200,TP_ouro,ollama:qwen2.5-coder:7b,especialista,seguro,NAO_DETECTADO,Semgrep VN (silêncio correto),N/A,N/A (Semgrep nao detectou),0.00,Semgrep nao emitiu alerta para esta CWE (cobertura simbolica).,1,fallback,especialista:d1145f8b,a81b6f5ca3a4f70c2cdbca1436fd138ccc84976ee981aa1726e3dff9ae4e4311,0,0,0.00000000
chall-manager:CWE-405:copyTo:vuln,ctfer-io/chall-manager,CWE-405,TP_ouro,ollama:qwen2.5-coder:7b,especialista,vulneravel,NAO_DETECTADO,Semgrep FN (ponto cego simbólico),N/A,N/A (Semgrep nao detectou),0.00,Semgrep nao emitiu alerta para esta CWE (cobertura simbolica).,1,fallback,especialista:d1145f8b,a81b6f5ca3a4f70c2cdbca1436fd138ccc84976ee981aa1726e3dff9ae4e4311,0,0,0.00000000
chall-manager:CWE-405:copyTo:fix,ctfer-io/chall-manager,CWE-405,TP_ouro,ollama:qwen2.5-coder:7b,especialista,seguro,NAO_DETECTADO,Semgrep VN (silêncio correto),N/A,N/A (Semgrep nao detectou),0.00,Semgrep nao emitiu alerta para esta CWE (cobertura simbolica).,1,fallback,especialista:d1145f8b,a81b6f5ca3a4f70c2cdbca1436fd138ccc84976ee981aa1726e3dff9ae4e4311,0,0,0.00000000
server:CWE-290:Options:vuln,go-vela/server,CWE-290,TP_ouro,ollama:qwen2.5-coder:7b,especialista,vulneravel,NAO_DETECTADO,Semgrep FN (ponto cego simbólico),N/A,N/A (Semgrep nao detectou),0.00,Semgrep nao emitiu alerta para esta CWE (cobertura simbolica).,1,fallback,especialista:d1145f8b,a81b6f5ca3a4f70c2cdbca1436fd138ccc84976ee981aa1726e3dff9ae4e4311,0,0,0.00000000
server:CWE-290:Options:fix,go-vela/server,CWE-290,TP_ouro,ollama:qwen2.5-coder:7b,especialista,seguro,NAO_DETECTADO,Semgrep VN (silêncio correto),N/A,N/A (Semgrep nao detectou),0.00,Semgrep nao emitiu alerta para esta CWE (cobertura simbolica).,1,fallback,especialista:d1145f8b,a81b6f5ca3a4f70c2cdbca1436fd138ccc84976ee981aa1726e3dff9ae4e4311,0,0,0.00000000
server:CWE-290:Cors:vuln,go-vela/server,CWE-290,TP_ouro,ollama:qwen2.5-coder:7b,especialista,vulneravel,NAO_DETECTADO,Semgrep FN (ponto cego simbólico),N/A,N/A (Semgrep nao detectou),0.00,Semgrep nao emitiu alerta para esta CWE (cobertura simbolica).,1,fallback,especialista:d1145f8b,a81b6f5ca3a4f70c2cdbca1436fd138ccc84976ee981aa1726e3dff9ae4e4311,0,0,0.00000000
server:CWE-290:Cors:fix,go-vela/server,CWE-290,TP_ouro,ollama:qwen2.5-coder:7b,especialista,seguro,NAO_DETECTADO,Semgrep VN (silêncio correto),N/A,N/A (Semgrep nao detectou),0.00,Semgrep nao emitiu alerta para esta CWE (cobertura simbolica).,1,fallback,especialista:d1145f8b,a81b6f5ca3a4f70c2cdbca1436fd138ccc84976ee981aa1726e3dff9ae4e4311,0,0,0.00000000
nosurf:CWE-352:ServeHTTP:vuln,justinas/nosurf,CWE-352,TP_ouro,ollama:qwen2.5-coder:7b,especialista,vulneravel,NAO_DETECTADO,Semgrep FN (ponto cego simbólico),N/A,N/A (Semgrep nao detectou),0.00,Semgrep nao emitiu alerta para esta CWE (cobertura simbolica).,1,especifica,especialista:d1145f8b,a81b6f5ca3a4f70c2cdbca1436fd138ccc84976ee981aa1726e3dff9ae4e4311,0,0,0.00000000
nosurf:CWE-352:ServeHTTP:fix,justinas/nosurf,CWE-352,TP_ouro,ollama:qwen2.5-coder:7b,especialista,seguro,NAO_DETECTADO,Semgrep VN (silêncio correto),N/A,N/A (Semgrep nao detectou),0.00,Semgrep nao emitiu alerta para esta CWE (cobertura simbolica).,1,especifica,especialista:d1145f8b,a81b6f5ca3a4f70c2cdbca1436fd138ccc84976ee981aa1726e3dff9ae4e4311,0,0,0.00000000
terraform-provider-windns:CWE-77:Update:vuln,nrkno/terraform-provider-windns,CWE-77,TP_ouro,ollama:qwen2.5-coder:7b,especialista,vulneravel,NAO_DETECTADO,Semgrep FN (ponto cego simbólico),N/A,N/A (Semgrep nao detectou),0.00,Semgrep nao emitiu alerta para esta CWE (cobertura simbolica).,1,fallback,especialista:d1145f8b,a81b6f5ca3a4f70c2cdbca1436fd138ccc84976ee981aa1726e3dff9ae4e4311,0,0,0.00000000
terraform-provider-windns:CWE-77:Update:fix,nrkno/terraform-provider-windns,CWE-77,TP_ouro,ollama:qwen2.5-coder:7b,especialista,seguro,NAO_DETECTADO,Semgrep VN (silêncio correto),N/A,N/A (Semgrep nao detectou),0.00,Semgrep nao emitiu alerta para esta CWE (cobertura simbolica).,1,fallback,especialista:d1145f8b,a81b6f5ca3a4f70c2cdbca1436fd138ccc84976ee981aa1726e3dff9ae4e4311,0,0,0.00000000
terraform-provider-windns:CWE-77:addRecordData:vuln,nrkno/terraform-provider-windns,CWE-77,TP_ouro,ollama:qwen2.5-coder:7b,especialista,vulneravel,NAO_DETECTADO,Semgrep FN (ponto cego simbólico),N/A,N/A (Semgrep nao detectou),0.00,Semgrep nao emitiu alerta para esta CWE (cobertura simbolica).,1,fallback,especialista:d1145f8b,a81b6f5ca3a4f70c2cdbca1436fd138ccc84976ee981aa1726e3dff9ae4e4311,0,0,0.00000000
terraform-provider-windns:CWE-77:addRecordData:fix,nrkno/terraform-provider-windns,CWE-77,TP_ouro,ollama:qwen2.5-coder:7b,especialista,seguro,NAO_DETECTADO,Semgrep VN (silêncio correto),N/A,N/A (Semgrep nao detectou),0.00,Semgrep nao emitiu alerta para esta CWE (cobertura simbolica).,1,fallback,especialista:d1145f8b,a81b6f5ca3a4f70c2cdbca1436fd138ccc84976ee981aa1726e3dff9ae4e4311,0,0,0.00000000
terraform-provider-windns:CWE-77:resourceDNSRecordUpdate:vuln,nrkno/terraform-provider-windns,CWE-77,TP_ouro,ollama:qwen2.5-coder:7b,especialista,vulneravel,NAO_DETECTADO,Semgrep FN (ponto cego simbólico),N/A,N/A (Semgrep nao detectou),0.00,Semgrep nao emitiu alerta para esta CWE (cobertura simbolica).,1,fallback,especialista:d1145f8b,a81b6f5ca3a4f70c2cdbca1436fd138ccc84976ee981aa1726e3dff9ae4e4311,0,0,0.00000000
terraform-provider-windns:CWE-77:resourceDNSRecordUpdate:fix,nrkno/terraform-provider-windns,CWE-77,TP_ouro,ollama:qwen2.5-coder:7b,especialista,seguro,NAO_DETECTADO,Semgrep VN (silêncio correto),N/A,N/A (Semgrep nao detectou),0.00,Semgrep nao emitiu alerta para esta CWE (cobertura simbolica).,1,fallback,especialista:d1145f8b,a81b6f5ca3a4f70c2cdbca1436fd138ccc84976ee981aa1726e3dff9ae4e4311,0,0,0.00000000
terraform-provider-windns:CWE-77:resourceDNSRecordDelete:vuln,nrkno/terraform-provider-windns,CWE-77,TP_ouro,ollama:qwen2.5-coder:7b,especialista,vulneravel,NAO_DETECTADO,Semgrep FN (ponto cego simbólico),N/A,N/A (Semgrep nao detectou),0.00,Semgrep nao emitiu alerta para esta CWE (cobertura simbolica).,1,fallback,especialista:d1145f8b,a81b6f5ca3a4f70c2cdbca1436fd138ccc84976ee981aa1726e3dff9ae4e4311,0,0,0.00000000
terraform-provider-windns:CWE-77:resourceDNSRecordDelete:fix,nrkno/terraform-provider-windns,CWE-77,TP_ouro,ollama:qwen2.5-coder:7b,especialista,seguro,NAO_DETECTADO,Semgrep VN (silêncio correto),N/A,N/A (Semgrep nao detectou),0.00,Semgrep nao emitiu alerta para esta CWE (cobertura simbolica).,1,fallback,especialista:d1145f8b,a81b6f5ca3a4f70c2cdbca1436fd138ccc84976ee981aa1726e3dff9ae4e4311,0,0,0.00000000
app:CWE-918:Exchange:vuln,octo-sts/app,CWE-918,TP_ouro,ollama:qwen2.5-coder:7b,especialista,vulneravel,NAO_DETECTADO,Semgrep FN (ponto cego simbólico),N/A,N/A (Semgrep nao detectou),0.00,Semgrep nao emitiu alerta para esta CWE (cobertura simbolica).,1,fallback,especialista:d1145f8b,a81b6f5ca3a4f70c2cdbca1436fd138ccc84976ee981aa1726e3dff9ae4e4311,0,0,0.00000000
app:CWE-918:Exchange:fix,octo-sts/app,CWE-918,TP_ouro,ollama:qwen2.5-coder:7b,especialista,seguro,NAO_DETECTADO,Semgrep VN (silêncio correto),N/A,N/A (Semgrep nao detectou),0.00,Semgrep nao emitiu alerta para esta CWE (cobertura simbolica).,1,fallback,especialista:d1145f8b,a81b6f5ca3a4f70c2cdbca1436fd138ccc84976ee981aa1726e3dff9ae4e4311,0,0,0.00000000
gobgp:CWE-119:SplitRTR:vuln,osrg/gobgp,CWE-119,TP_ouro,ollama:qwen2.5-coder:7b,especialista,vulneravel,NAO_DETECTADO,Semgrep FN (ponto cego simbólico),N/A,N/A (Semgrep nao detectou),0.00,Semgrep nao emitiu alerta para esta CWE (cobertura simbolica).,1,fallback,especialista:d1145f8b,a81b6f5ca3a4f70c2cdbca1436fd138ccc84976ee981aa1726e3dff9ae4e4311,0,0,0.00000000
gobgp:CWE-119:SplitRTR:fix,osrg/gobgp,CWE-119,TP_ouro,ollama:qwen2.5-coder:7b,especialista,seguro,NAO_DETECTADO,Semgrep VN (silêncio correto),N/A,N/A (Semgrep nao detectou),0.00,Semgrep nao emitiu alerta para esta CWE (cobertura simbolica).,1,fallback,especialista:d1145f8b,a81b6f5ca3a4f70c2cdbca1436fd138ccc84976ee981aa1726e3dff9ae4e4311,0,0,0.00000000
portainer:CWE-200:newSingleHostReverseProxyWithHostHeader:vuln,portainer/portainer,CWE-200,TP_ouro,ollama:qwen2.5-coder:7b,especialista,vulneravel,DETECTADO,Semgrep VP (detectou vuln real),FP,Falso Negativo (Falha Crítica),5.13,"A entrada para a função `director` é controlada pelo código interno da função, não por uma entrada externa. A função `director` é usada internamente pela estrutura `httputil.ReverseProxy`, e não há nenhuma entrada de usuário que possa alterar os valores dos cabeçalhos ou do URL. Portanto, esta não constitui uma vulnerabilidade.",1,fallback,especialista:d1145f8b,a81b6f5ca3a4f70c2cdbca1436fd138ccc84976ee981aa1726e3dff9ae4e4311,988,98,0.00000000
portainer:CWE-200:newSingleHostReverseProxyWithHostHeader:fix,portainer/portainer,CWE-200,TP_ouro,ollama:qwen2.5-coder:7b,especialista,seguro,DETECTADO,Semgrep FP (ruído sobre código seguro),FP,Verdadeiro Negativo (Acerto),4.65,"A entrada para a função `newSingleHostReverseProxyWithHostHeader` é uma URL de destino fixa, não controlada por um agente externo. A função `Director` é usada para configurar o proxy, mas não há evidências de que esta entrada seja manipulada ou alterada em tempo de execução por um usuário ou outro agente externo. Portanto, este código não constitui uma vulnerabilidade.",1,fallback,especialista:d1145f8b,a81b6f5ca3a4f70c2cdbca1436fd138ccc84976ee981aa1726e3dff9ae4e4311,836,107,0.00000000
zot:CWE-532:Sanitize:vuln,project-zot/zot,CWE-532,TP_ouro,ollama:qwen2.5-coder:7b,especialista,vulneravel,NAO_DETECTADO,Semgrep FN (ponto cego simbólico),N/A,N/A (Semgrep nao detectou),0.00,Semgrep nao emitiu alerta para esta CWE (cobertura simbolica).,1,fallback,especialista:d1145f8b,a81b6f5ca3a4f70c2cdbca1436fd138ccc84976ee981aa1726e3dff9ae4e4311,0,0,0.00000000
zot:CWE-532:Sanitize:fix,project-zot/zot,CWE-532,TP_ouro,ollama:qwen2.5-coder:7b,especialista,seguro,NAO_DETECTADO,Semgrep VN (silêncio correto),N/A,N/A (Semgrep nao detectou),0.00,Semgrep nao emitiu alerta para esta CWE (cobertura simbolica).,1,fallback,especialista:d1145f8b,a81b6f5ca3a4f70c2cdbca1436fd138ccc84976ee981aa1726e3dff9ae4e4311,0,0,0.00000000
quic-go:CWE-248:detectAndRemoveAckedPackets:vuln,quic-go/quic-go,CWE-248,TP_ouro,ollama:qwen2.5-coder:7b,especialista,vulneravel,NAO_DETECTADO,Semgrep FN (ponto cego simbólico),N/A,N/A (Semgrep nao detectou),0.00,Semgrep nao emitiu alerta para esta CWE (cobertura simbolica).,1,fallback,especialista:d1145f8b,a81b6f5ca3a4f70c2cdbca1436fd138ccc84976ee981aa1726e3dff9ae4e4311,0,0,0.00000000
quic-go:CWE-248:detectAndRemoveAckedPackets:fix,quic-go/quic-go,CWE-248,TP_ouro,ollama:qwen2.5-coder:7b,especialista,seguro,NAO_DETECTADO,Semgrep VN (silêncio correto),N/A,N/A (Semgrep nao detectou),0.00,Semgrep nao emitiu alerta para esta CWE (cobertura simbolica).,1,fallback,especialista:d1145f8b,a81b6f5ca3a4f70c2cdbca1436fd138ccc84976ee981aa1726e3dff9ae4e4311,0,0,0.00000000
quic-go:CWE-248:detectLostPathProbes:vuln,quic-go/quic-go,CWE-248,TP_ouro,ollama:qwen2.5-coder:7b,especialista,vulneravel,NAO_DETECTADO,Semgrep FN (ponto cego simbólico),N/A,N/A (Semgrep nao detectou),0.00,Semgrep nao emitiu alerta para esta CWE (cobertura simbolica).,1,fallback,especialista:d1145f8b,a81b6f5ca3a4f70c2cdbca1436fd138ccc84976ee981aa1726e3dff9ae4e4311,0,0,0.00000000
quic-go:CWE-248:detectLostPathProbes:fix,quic-go/quic-go,CWE-248,TP_ouro,ollama:qwen2.5-coder:7b,especialista,seguro,NAO_DETECTADO,Semgrep VN (silêncio correto),N/A,N/A (Semgrep nao detectou),0.00,Semgrep nao emitiu alerta para esta CWE (cobertura simbolica).,1,fallback,especialista:d1145f8b,a81b6f5ca3a4f70c2cdbca1436fd138ccc84976ee981aa1726e3dff9ae4e4311,0,0,0.00000000
siyuan:CWE-459:GetDocHistoryContent:vuln,siyuan-note/siyuan,CWE-459,TP_ouro,ollama:qwen2.5-coder:7b,especialista,vulneravel,NAO_DETECTADO,Semgrep FN (ponto cego simbólico),N/A,N/A (Semgrep nao detectou),0.00,Semgrep nao emitiu alerta para esta CWE (cobertura simbolica).,1,fallback,especialista:d1145f8b,a81b6f5ca3a4f70c2cdbca1436fd138ccc84976ee981aa1726e3dff9ae4e4311,0,0,0.00000000
siyuan:CWE-459:GetDocHistoryContent:fix,siyuan-note/siyuan,CWE-459,TP_ouro,ollama:qwen2.5-coder:7b,especialista,seguro,NAO_DETECTADO,Semgrep VN (silêncio correto),N/A,N/A (Semgrep nao detectou),0.00,Semgrep nao emitiu alerta para esta CWE (cobertura simbolica).,1,fallback,especialista:d1145f8b,a81b6f5ca3a4f70c2cdbca1436fd138ccc84976ee981aa1726e3dff9ae4e4311,0,0,0.00000000
olivetin:CWE-284:PasswordHash:vuln,olivetin/olivetin,CWE-284,TP_prata,ollama:qwen2.5-coder:7b,especialista,vulneravel,NAO_DETECTADO,Semgrep FN (ponto cego simbólico),N/A,N/A (Semgrep nao detectou),0.00,Semgrep nao emitiu alerta para esta CWE (cobertura simbolica).,1,fallback,especialista:d1145f8b,a81b6f5ca3a4f70c2cdbca1436fd138ccc84976ee981aa1726e3dff9ae4e4311,0,0,0.00000000
olivetin:CWE-284:PasswordHash:fix,olivetin/olivetin,CWE-284,TP_prata,ollama:qwen2.5-coder:7b,especialista,seguro,NAO_DETECTADO,Semgrep VN (silêncio correto),N/A,N/A (Semgrep nao detectou),0.00,Semgrep nao emitiu alerta para esta CWE (cobertura simbolica).,1,fallback,especialista:d1145f8b,a81b6f5ca3a4f70c2cdbca1436fd138ccc84976ee981aa1726e3dff9ae4e4311,0,0,0.00000000
olivetin:CWE-284:Logout:vuln,olivetin/olivetin,CWE-284,TP_prata,ollama:qwen2.5-coder:7b,especialista,vulneravel,NAO_DETECTADO,Semgrep FN (ponto cego simbólico),N/A,N/A (Semgrep nao detectou),0.00,Semgrep nao emitiu alerta para esta CWE (cobertura simbolica).,1,fallback,especialista:d1145f8b,a81b6f5ca3a4f70c2cdbca1436fd138ccc84976ee981aa1726e3dff9ae4e4311,0,0,0.00000000
olivetin:CWE-284:Logout:fix,olivetin/olivetin,CWE-284,TP_prata,ollama:qwen2.5-coder:7b,especialista,seguro,NAO_DETECTADO,Semgrep VN (silêncio correto),N/A,N/A (Semgrep nao detectou),0.00,Semgrep nao emitiu alerta para esta CWE (cobertura simbolica).,1,fallback,especialista:d1145f8b,a81b6f5ca3a4f70c2cdbca1436fd138ccc84976ee981aa1726e3dff9ae4e4311,0,0,0.00000000
olivetin:CWE-284:RestartAction:vuln,olivetin/olivetin,CWE-284,TP_prata,ollama:qwen2.5-coder:7b,especialista,vulneravel,NAO_DETECTADO,Semgrep FN (ponto cego simbólico),N/A,N/A (Semgrep nao detectou),0.00,Semgrep nao emitiu alerta para esta CWE (cobertura simbolica).,1,fallback,especialista:d1145f8b,a81b6f5ca3a4f70c2cdbca1436fd138ccc84976ee981aa1726e3dff9ae4e4311,0,0,0.00000000
olivetin:CWE-284:RestartAction:fix,olivetin/olivetin,CWE-284,TP_prata,ollama:qwen2.5-coder:7b,especialista,seguro,NAO_DETECTADO,Semgrep VN (silêncio correto),N/A,N/A (Semgrep nao detectou),0.00,Semgrep nao emitiu alerta para esta CWE (cobertura simbolica).,1,fallback,especialista:d1145f8b,a81b6f5ca3a4f70c2cdbca1436fd138ccc84976ee981aa1726e3dff9ae4e4311,0,0,0.00000000
olivetin:CWE-284:DefaultConfigWithBasePort:vuln,olivetin/olivetin,CWE-284,TP_prata,ollama:qwen2.5-coder:7b,especialista,vulneravel,NAO_DETECTADO,Semgrep FN (ponto cego simbólico),N/A,N/A (Semgrep nao detectou),0.00,Semgrep nao emitiu alerta para esta CWE (cobertura simbolica).,1,fallback,especialista:d1145f8b,a81b6f5ca3a4f70c2cdbca1436fd138ccc84976ee981aa1726e3dff9ae4e4311,0,0,0.00000000
olivetin:CWE-284:DefaultConfigWithBasePort:fix,olivetin/olivetin,CWE-284,TP_prata,ollama:qwen2.5-coder:7b,especialista,seguro,NAO_DETECTADO,Semgrep VN (silêncio correto),N/A,N/A (Semgrep nao detectou),0.00,Semgrep nao emitiu alerta para esta CWE (cobertura simbolica).,1,fallback,especialista:d1145f8b,a81b6f5ca3a4f70c2cdbca1436fd138ccc84976ee981aa1726e3dff9ae4e4311,0,0,0.00000000
olivetin:CWE-284:Sanitize:vuln,olivetin/olivetin,CWE-284,TP_prata,ollama:qwen2.5-coder:7b,especialista,vulneravel,DETECTADO,Semgrep VP (detectou vuln real),FP,Falso Negativo (Falha Crítica),5.09,"A entrada 'cfg' não é controlada pelo usuário externo. Ela é uma estrutura de configuração interna do aplicativo, não recebendo dados diretamente da solicitação HTTP ou qualquer outra fonte externa. Além disso, o código não está renderizando conteúdo HTML para ser exibido ao cliente, então não há risco de XSS.",1,fallback,especialista:d1145f8b,a81b6f5ca3a4f70c2cdbca1436fd138ccc84976ee981aa1726e3dff9ae4e4311,1064,95,0.00000000
olivetin:CWE-284:Sanitize:fix,olivetin/olivetin,CWE-284,TP_prata,ollama:qwen2.5-coder:7b,especialista,seguro,DETECTADO,Semgrep FP (ruído sobre código seguro),FP,Verdadeiro Negativo (Acerto),4.35,"O código fornecido não envolve a renderização de conteúdo gerado pelo usuário, nem usa diretamente o pacote `text/template`. Em vez disso, ele parece ser uma função de sanitização de configurações. O alerta é um FALSO POSITIVO porque não há evidências de que o código esteja vulnerável a ataques XSS.",1,fallback,especialista:d1145f8b,a81b6f5ca3a4f70c2cdbca1436fd138ccc84976ee981aa1726e3dff9ae4e4311,1056,93,0.00000000
olivetin:CWE-284:getExecutionsCount:vuln,olivetin/olivetin,CWE-284,TP_prata,ollama:qwen2.5-coder:7b,especialista,vulneravel,NAO_DETECTADO,Semgrep FN (ponto cego simbólico),N/A,N/A (Semgrep nao detectou),0.00,Semgrep nao emitiu alerta para esta CWE (cobertura simbolica).,1,fallback,especialista:d1145f8b,a81b6f5ca3a4f70c2cdbca1436fd138ccc84976ee981aa1726e3dff9ae4e4311,0,0,0.00000000
olivetin:CWE-284:getExecutionsCount:fix,olivetin/olivetin,CWE-284,TP_prata,ollama:qwen2.5-coder:7b,especialista,seguro,NAO_DETECTADO,Semgrep VN (silêncio correto),N/A,N/A (Semgrep nao detectou),0.00,Semgrep nao emitiu alerta para esta CWE (cobertura simbolica).,1,fallback,especialista:d1145f8b,a81b6f5ca3a4f70c2cdbca1436fd138ccc84976ee981aa1726e3dff9ae4e4311,0,0,0.00000000
olivetin:CWE-284:stepRequestAction:vuln,olivetin/olivetin,CWE-284,TP_prata,ollama:qwen2.5-coder:7b,especialista,vulneravel,NAO_DETECTADO,Semgrep FN (ponto cego simbólico),N/A,N/A (Semgrep nao detectou),0.00,Semgrep nao emitiu alerta para esta CWE (cobertura simbolica).,1,fallback,especialista:d1145f8b,a81b6f5ca3a4f70c2cdbca1436fd138ccc84976ee981aa1726e3dff9ae4e4311,0,0,0.00000000
olivetin:CWE-284:stepRequestAction:fix,olivetin/olivetin,CWE-284,TP_prata,ollama:qwen2.5-coder:7b,especialista,seguro,NAO_DETECTADO,Semgrep VN (silêncio correto),N/A,N/A (Semgrep nao detectou),0.00,Semgrep nao emitiu alerta para esta CWE (cobertura simbolica).,1,fallback,especialista:d1145f8b,a81b6f5ca3a4f70c2cdbca1436fd138ccc84976ee981aa1726e3dff9ae4e4311,0,0,0.00000000
olivetin:CWE-284:StartFrontendMux:vuln,olivetin/olivetin,CWE-284,TP_prata,ollama:qwen2.5-coder:7b,especialista,vulneravel,NAO_DETECTADO,Semgrep FN (ponto cego simbólico),N/A,N/A (Semgrep nao detectou),0.00,Semgrep nao emitiu alerta para esta CWE (cobertura simbolica).,1,fallback,especialista:d1145f8b,a81b6f5ca3a4f70c2cdbca1436fd138ccc84976ee981aa1726e3dff9ae4e4311,0,0,0.00000000
olivetin:CWE-284:StartFrontendMux:fix,olivetin/olivetin,CWE-284,TP_prata,ollama:qwen2.5-coder:7b,especialista,seguro,NAO_DETECTADO,Semgrep VN (silêncio correto),N/A,N/A (Semgrep nao detectou),0.00,Semgrep nao emitiu alerta para esta CWE (cobertura simbolica).,1,fallback,especialista:d1145f8b,a81b6f5ca3a4f70c2cdbca1436fd138ccc84976ee981aa1726e3dff9ae4e4311,0,0,0.00000000
wings:CWE-400:getServerWebsocket:vuln,pterodactyl/wings,CWE-400,TP_prata,ollama:qwen2.5-coder:7b,especialista,vulneravel,NAO_DETECTADO,Semgrep FN (ponto cego simbólico),N/A,N/A (Semgrep nao detectou),0.00,Semgrep nao emitiu alerta para esta CWE (cobertura simbolica).,1,fallback,especialista:d1145f8b,a81b6f5ca3a4f70c2cdbca1436fd138ccc84976ee981aa1726e3dff9ae4e4311,0,0,0.00000000
wings:CWE-400:getServerWebsocket:fix,pterodactyl/wings,CWE-400,TP_prata,ollama:qwen2.5-coder:7b,especialista,seguro,NAO_DETECTADO,Semgrep VN (silêncio correto),N/A,N/A (Semgrep nao detectou),0.00,Semgrep nao emitiu alerta para esta CWE (cobertura simbolica).,1,fallback,especialista:d1145f8b,a81b6f5ca3a4f70c2cdbca1436fd138ccc84976ee981aa1726e3dff9ae4e4311,0,0,0.00000000
wings:CWE-400:listenForServerEvents:vuln,pterodactyl/wings,CWE-400,TP_prata,ollama:qwen2.5-coder:7b,especialista,vulneravel,NAO_DETECTADO,Semgrep FN (ponto cego simbólico),N/A,N/A (Semgrep nao detectou),0.00,Semgrep nao emitiu alerta para esta CWE (cobertura simbolica).,1,fallback,especialista:d1145f8b,a81b6f5ca3a4f70c2cdbca1436fd138ccc84976ee981aa1726e3dff9ae4e4311,0,0,0.00000000
wings:CWE-400:listenForServerEvents:fix,pterodactyl/wings,CWE-400,TP_prata,ollama:qwen2.5-coder:7b,especialista,seguro,NAO_DETECTADO,Semgrep VN (silêncio correto),N/A,N/A (Semgrep nao detectou),0.00,Semgrep nao emitiu alerta para esta CWE (cobertura simbolica).,1,fallback,especialista:d1145f8b,a81b6f5ca3a4f70c2cdbca1436fd138ccc84976ee981aa1726e3dff9ae4e4311,0,0,0.00000000
wings:CWE-400:GetHandler:vuln,pterodactyl/wings,CWE-400,TP_prata,ollama:qwen2.5-coder:7b,especialista,vulneravel,NAO_DETECTADO,Semgrep FN (ponto cego simbólico),N/A,N/A (Semgrep nao detectou),0.00,Semgrep nao emitiu alerta para esta CWE (cobertura simbolica).,1,fallback,especialista:d1145f8b,a81b6f5ca3a4f70c2cdbca1436fd138ccc84976ee981aa1726e3dff9ae4e4311,0,0,0.00000000
wings:CWE-400:GetHandler:fix,pterodactyl/wings,CWE-400,TP_prata,ollama:qwen2.5-coder:7b,especialista,seguro,NAO_DETECTADO,Semgrep VN (silêncio correto),N/A,N/A (Semgrep nao detectou),0.00,Semgrep nao emitiu alerta para esta CWE (cobertura simbolica).,1,fallback,especialista:d1145f8b,a81b6f5ca3a4f70c2cdbca1436fd138ccc84976ee981aa1726e3dff9ae4e4311,0,0,0.00000000
wings:CWE-400:SendJson:vuln,pterodactyl/wings,CWE-400,TP_prata,ollama:qwen2.5-coder:7b,especialista,vulneravel,NAO_DETECTADO,Semgrep FN (ponto cego simbólico),N/A,N/A (Semgrep nao detectou),0.00,Semgrep nao emitiu alerta para esta CWE (cobertura simbolica).,1,fallback,especialista:d1145f8b,a81b6f5ca3a4f70c2cdbca1436fd138ccc84976ee981aa1726e3dff9ae4e4311,0,0,0.00000000
wings:CWE-400:SendJson:fix,pterodactyl/wings,CWE-400,TP_prata,ollama:qwen2.5-coder:7b,especialista,seguro,NAO_DETECTADO,Semgrep VN (silêncio correto),N/A,N/A (Semgrep nao detectou),0.00,Semgrep nao emitiu alerta para esta CWE (cobertura simbolica).,1,fallback,especialista:d1145f8b,a81b6f5ca3a4f70c2cdbca1436fd138ccc84976ee981aa1726e3dff9ae4e4311,0,0,0.00000000
wings:CWE-400:HandleInbound:vuln,pterodactyl/wings,CWE-400,TP_prata,ollama:qwen2.5-coder:7b,especialista,vulneravel,NAO_DETECTADO,Semgrep FN (ponto cego simbólico),N/A,N/A (Semgrep nao detectou),0.00,Semgrep nao emitiu alerta para esta CWE (cobertura simbolica).,1,fallback,especialista:d1145f8b,a81b6f5ca3a4f70c2cdbca1436fd138ccc84976ee981aa1726e3dff9ae4e4311,0,0,0.00000000
wings:CWE-400:HandleInbound:fix,pterodactyl/wings,CWE-400,TP_prata,ollama:qwen2.5-coder:7b,especialista,seguro,NAO_DETECTADO,Semgrep VN (silêncio correto),N/A,N/A (Semgrep nao detectou),0.00,Semgrep nao emitiu alerta para esta CWE (cobertura simbolica).,1,fallback,especialista:d1145f8b,a81b6f5ca3a4f70c2cdbca1436fd138ccc84976ee981aa1726e3dff9ae4e4311,0,0,0.00000000
containerd:CWE-190:WithUser:vuln,containerd/containerd,CWE-190,TP_prata,ollama:qwen2.5-coder:7b,especialista,vulneravel,NAO_DETECTADO,Semgrep FN (ponto cego simbólico),N/A,N/A (Semgrep nao detectou),0.00,Semgrep nao emitiu alerta para esta CWE (cobertura simbolica).,1,fallback,especialista:d1145f8b,a81b6f5ca3a4f70c2cdbca1436fd138ccc84976ee981aa1726e3dff9ae4e4311,0,0,0.00000000
containerd:CWE-190:WithUser:fix,containerd/containerd,CWE-190,TP_prata,ollama:qwen2.5-coder:7b,especialista,seguro,NAO_DETECTADO,Semgrep VN (silêncio correto),N/A,N/A (Semgrep nao detectou),0.00,Semgrep nao emitiu alerta para esta CWE (cobertura simbolica).,1,fallback,especialista:d1145f8b,a81b6f5ca3a4f70c2cdbca1436fd138ccc84976ee981aa1726e3dff9ae4e4311,0,0,0.00000000
saml:CWE-79:UnmarshalXML:vuln,crewjam/saml,CWE-79,TP_prata,ollama:qwen2.5-coder:7b,especialista,vulneravel,NAO_DETECTADO,Semgrep FN (ponto cego simbólico),N/A,N/A (Semgrep nao detectou),0.00,Semgrep nao emitiu alerta para esta CWE (cobertura simbolica).,1,especifica,especialista:d1145f8b,a81b6f5ca3a4f70c2cdbca1436fd138ccc84976ee981aa1726e3dff9ae4e4311,0,0,0.00000000
saml:CWE-79:UnmarshalXML:fix,crewjam/saml,CWE-79,TP_prata,ollama:qwen2.5-coder:7b,especialista,seguro,NAO_DETECTADO,Semgrep VN (silêncio correto),N/A,N/A (Semgrep nao detectou),0.00,Semgrep nao emitiu alerta para esta CWE (cobertura simbolica).,1,especifica,especialista:d1145f8b,a81b6f5ca3a4f70c2cdbca1436fd138ccc84976ee981aa1726e3dff9ae4e4311,0,0,0.00000000
1panel:CWE-863:HandleSnapshot:vuln,1panel-dev/1panel,CWE-863,TP_prata,ollama:qwen2.5-coder:7b,especialista,vulneravel,NAO_DETECTADO,Semgrep FN (ponto cego simbólico),N/A,N/A (Semgrep nao detectou),0.00,Semgrep nao emitiu alerta para esta CWE (cobertura simbolica).,1,fallback,especialista:d1145f8b,a81b6f5ca3a4f70c2cdbca1436fd138ccc84976ee981aa1726e3dff9ae4e4311,0,0,0.00000000
1panel:CWE-863:HandleSnapshot:fix,1panel-dev/1panel,CWE-863,TP_prata,ollama:qwen2.5-coder:7b,especialista,seguro,NAO_DETECTADO,Semgrep VN (silêncio correto),N/A,N/A (Semgrep nao detectou),0.00,Semgrep nao emitiu alerta para esta CWE (cobertura simbolica).,1,fallback,especialista:d1145f8b,a81b6f5ca3a4f70c2cdbca1436fd138ccc84976ee981aa1726e3dff9ae4e4311,0,0,0.00000000
traq:CWE-532:serveCommand:vuln,traptitech/traq,CWE-532,TP_prata,ollama:qwen2.5-coder:7b,especialista,vulneravel,NAO_DETECTADO,Semgrep FN (ponto cego simbólico),N/A,N/A (Semgrep nao detectou),0.00,Semgrep nao emitiu alerta para esta CWE (cobertura simbolica).,1,fallback,especialista:d1145f8b,a81b6f5ca3a4f70c2cdbca1436fd138ccc84976ee981aa1726e3dff9ae4e4311,0,0,0.00000000
traq:CWE-532:serveCommand:fix,traptitech/traq,CWE-532,TP_prata,ollama:qwen2.5-coder:7b,especialista,seguro,NAO_DETECTADO,Semgrep VN (silêncio correto),N/A,N/A (Semgrep nao detectou),0.00,Semgrep nao emitiu alerta para esta CWE (cobertura simbolica).,1,fallback,especialista:d1145f8b,a81b6f5ca3a4f70c2cdbca1436fd138ccc84976ee981aa1726e3dff9ae4e4311,0,0,0.00000000
zitadel:CWE-862:VerifyAccessToken:vuln,zitadel/zitadel,CWE-862,TP_prata,ollama:qwen2.5-coder:7b,especialista,vulneravel,NAO_DETECTADO,Semgrep FN (ponto cego simbólico),N/A,N/A (Semgrep nao detectou),0.00,Semgrep nao emitiu alerta para esta CWE (cobertura simbolica).,1,fallback,especialista:d1145f8b,a81b6f5ca3a4f70c2cdbca1436fd138ccc84976ee981aa1726e3dff9ae4e4311,0,0,0.00000000
zitadel:CWE-862:VerifyAccessToken:fix,zitadel/zitadel,CWE-862,TP_prata,ollama:qwen2.5-coder:7b,especialista,seguro,NAO_DETECTADO,Semgrep VN (silêncio correto),N/A,N/A (Semgrep nao detectou),0.00,Semgrep nao emitiu alerta para esta CWE (cobertura simbolica).,1,fallback,especialista:d1145f8b,a81b6f5ca3a4f70c2cdbca1436fd138ccc84976ee981aa1726e3dff9ae4e4311,0,0,0.00000000
zitadel:CWE-862:verifyAccessTokenV2:vuln,zitadel/zitadel,CWE-862,TP_prata,ollama:qwen2.5-coder:7b,especialista,vulneravel,NAO_DETECTADO,Semgrep FN (ponto cego simbólico),N/A,N/A (Semgrep nao detectou),0.00,Semgrep nao emitiu alerta para esta CWE (cobertura simbolica).,1,fallback,especialista:d1145f8b,a81b6f5ca3a4f70c2cdbca1436fd138ccc84976ee981aa1726e3dff9ae4e4311,0,0,0.00000000
zitadel:CWE-862:verifyAccessTokenV2:fix,zitadel/zitadel,CWE-862,TP_prata,ollama:qwen2.5-coder:7b,especialista,seguro,NAO_DETECTADO,Semgrep VN (silêncio correto),N/A,N/A (Semgrep nao detectou),0.00,Semgrep nao emitiu alerta para esta CWE (cobertura simbolica).,1,fallback,especialista:d1145f8b,a81b6f5ca3a4f70c2cdbca1436fd138ccc84976ee981aa1726e3dff9ae4e4311,0,0,0.00000000
dapr:CWE-200:intercept:vuln,dapr/dapr,CWE-200,TP_prata,ollama:qwen2.5-coder:7b,especialista,vulneravel,NAO_DETECTADO,Semgrep FN (ponto cego simbólico),N/A,N/A (Semgrep nao detectou),0.00,Semgrep nao emitiu alerta para esta CWE (cobertura simbolica).,1,fallback,especialista:d1145f8b,a81b6f5ca3a4f70c2cdbca1436fd138ccc84976ee981aa1726e3dff9ae4e4311,0,0,0.00000000
dapr:CWE-200:intercept:fix,dapr/dapr,CWE-200,TP_prata,ollama:qwen2.5-coder:7b,especialista,seguro,NAO_DETECTADO,Semgrep VN (silêncio correto),N/A,N/A (Semgrep nao detectou),0.00,Semgrep nao emitiu alerta para esta CWE (cobertura simbolica).,1,fallback,especialista:d1145f8b,a81b6f5ca3a4f70c2cdbca1436fd138ccc84976ee981aa1726e3dff9ae4e4311,0,0,0.00000000
new-api:CWE-79:RequestOpenAI2ClaudeMessage:vuln,quantumnous/new-api,CWE-79,TP_prata,ollama:qwen2.5-coder:7b,especialista,vulneravel,NAO_DETECTADO,Semgrep FN (ponto cego simbólico),N/A,N/A (Semgrep nao detectou),0.00,Semgrep nao emitiu alerta para esta CWE (cobertura simbolica).,1,especifica,especialista:d1145f8b,a81b6f5ca3a4f70c2cdbca1436fd138ccc84976ee981aa1726e3dff9ae4e4311,0,0,0.00000000
new-api:CWE-79:RequestOpenAI2ClaudeMessage:fix,quantumnous/new-api,CWE-79,TP_prata,ollama:qwen2.5-coder:7b,especialista,seguro,NAO_DETECTADO,Semgrep VN (silêncio correto),N/A,N/A (Semgrep nao detectou),0.00,Semgrep nao emitiu alerta para esta CWE (cobertura simbolica).,1,especifica,especialista:d1145f8b,a81b6f5ca3a4f70c2cdbca1436fd138ccc84976ee981aa1726e3dff9ae4e4311,0,0,0.00000000
new-api:CWE-79:copyRequest:vuln,quantumnous/new-api,CWE-79,TP_prata,ollama:qwen2.5-coder:7b,especialista,vulneravel,NAO_DETECTADO,Semgrep FN (ponto cego simbólico),N/A,N/A (Semgrep nao detectou),0.00,Semgrep nao emitiu alerta para esta CWE (cobertura simbolica).,1,especifica,especialista:d1145f8b,a81b6f5ca3a4f70c2cdbca1436fd138ccc84976ee981aa1726e3dff9ae4e4311,0,0,0.00000000
new-api:CWE-79:copyRequest:fix,quantumnous/new-api,CWE-79,TP_prata,ollama:qwen2.5-coder:7b,especialista,seguro,NAO_DETECTADO,Semgrep VN (silêncio correto),N/A,N/A (Semgrep nao detectou),0.00,Semgrep nao emitiu alerta para esta CWE (cobertura simbolica).,1,especifica,especialista:d1145f8b,a81b6f5ca3a4f70c2cdbca1436fd138ccc84976ee981aa1726e3dff9ae4e4311,0,0,0.00000000
new-api:CWE-79:ClaudeHelper:vuln,quantumnous/new-api,CWE-79,TP_prata,ollama:qwen2.5-coder:7b,especialista,vulneravel,NAO_DETECTADO,Semgrep FN (ponto cego simbólico),N/A,N/A (Semgrep nao detectou),0.00,Semgrep nao emitiu alerta para esta CWE (cobertura simbolica).,1,especifica,especialista:d1145f8b,a81b6f5ca3a4f70c2cdbca1436fd138ccc84976ee981aa1726e3dff9ae4e4311,0,0,0.00000000
new-api:CWE-79:ClaudeHelper:fix,quantumnous/new-api,CWE-79,TP_prata,ollama:qwen2.5-coder:7b,especialista,seguro,NAO_DETECTADO,Semgrep VN (silêncio correto),N/A,N/A (Semgrep nao detectou),0.00,Semgrep nao emitiu alerta para esta CWE (cobertura simbolica).,1,especifica,especialista:d1145f8b,a81b6f5ca3a4f70c2cdbca1436fd138ccc84976ee981aa1726e3dff9ae4e4311,0,0,0.00000000
go-crypto-winnative:CWE-401:TLS1PRF:vuln,microsoft/go-crypto-winnative,CWE-401,TP_prata,ollama:qwen2.5-coder:7b,especialista,vulneravel,NAO_DETECTADO,Semgrep FN (ponto cego simbólico),N/A,N/A (Semgrep nao detectou),0.00,Semgrep nao emitiu alerta para esta CWE (cobertura simbolica).,1,fallback,especialista:d1145f8b,a81b6f5ca3a4f70c2cdbca1436fd138ccc84976ee981aa1726e3dff9ae4e4311,0,0,0.00000000
go-crypto-winnative:CWE-401:TLS1PRF:fix,microsoft/go-crypto-winnative,CWE-401,TP_prata,ollama:qwen2.5-coder:7b,especialista,seguro,NAO_DETECTADO,Semgrep VN (silêncio correto),N/A,N/A (Semgrep nao detectou),0.00,Semgrep nao emitiu alerta para esta CWE (cobertura simbolica).,1,fallback,especialista:d1145f8b,a81b6f5ca3a4f70c2cdbca1436fd138ccc84976ee981aa1726e3dff9ae4e4311,0,0,0.00000000
jwt:CWE-755:ParseWithClaims:vuln,golang-jwt/jwt,CWE-755,TP_prata,ollama:qwen2.5-coder:7b,especialista,vulneravel,NAO_DETECTADO,Semgrep FN (ponto cego simbólico),N/A,N/A (Semgrep nao detectou),0.00,Semgrep nao emitiu alerta para esta CWE (cobertura simbolica).,1,fallback,especialista:d1145f8b,a81b6f5ca3a4f70c2cdbca1436fd138ccc84976ee981aa1726e3dff9ae4e4311,0,0,0.00000000
jwt:CWE-755:ParseWithClaims:fix,golang-jwt/jwt,CWE-755,TP_prata,ollama:qwen2.5-coder:7b,especialista,seguro,NAO_DETECTADO,Semgrep VN (silêncio correto),N/A,N/A (Semgrep nao detectou),0.00,Semgrep nao emitiu alerta para esta CWE (cobertura simbolica).,1,fallback,especialista:d1145f8b,a81b6f5ca3a4f70c2cdbca1436fd138ccc84976ee981aa1726e3dff9ae4e4311,0,0,0.00000000
webtransport-go:CWE-401:Dial:vuln,quic-go/webtransport-go,CWE-401,TP_prata,ollama:qwen2.5-coder:7b,especialista,vulneravel,DETECTADO,Semgrep VP (detectou vuln real),FP,Falso Negativo (Falha Crítica),4.68,A entrada para a configuração TLS não é controlada pelo usuário externo. Ela é inicializada dentro da função e não chega ao ponto perigoso sem validação ou sanitização.,1,fallback,especialista:d1145f8b,a81b6f5ca3a4f70c2cdbca1436fd138ccc84976ee981aa1726e3dff9ae4e4311,1505,58,0.00000000
webtransport-go:CWE-401:Dial:fix,quic-go/webtransport-go,CWE-401,TP_prata,ollama:qwen2.5-coder:7b,especialista,seguro,DETECTADO,Semgrep FP (ruído sobre código seguro),FP,Verdadeiro Negativo (Acerto),6.00,"A entrada para a configuração TLS não é controlada pelo usuário externo. A função `Dial` é interna à biblioteca e não expõe diretamente uma configuração de TLS que possa ser alterada por usuários ou clientes. Além disso, o código já estabelece um padrão seguro (TLS 1.3) ao clonar a configuração TLS e definir `NextProtos` como `[http3.NextProtoH3]`. Portanto, não há risco de uma versão mínima de TLS insegura ser configurada.",1,fallback,especialista:d1145f8b,a81b6f5ca3a4f70c2cdbca1436fd138ccc84976ee981aa1726e3dff9ae4e4311,1573,142,0.00000000
webtransport-go:CWE-401:Serve:vuln,quic-go/webtransport-go,CWE-401,TP_prata,ollama:qwen2.5-coder:7b,especialista,vulneravel,NAO_DETECTADO,Semgrep FN (ponto cego simbólico),N/A,N/A (Semgrep nao detectou),0.00,Semgrep nao emitiu alerta para esta CWE (cobertura simbolica).,1,fallback,especialista:d1145f8b,a81b6f5ca3a4f70c2cdbca1436fd138ccc84976ee981aa1726e3dff9ae4e4311,0,0,0.00000000
webtransport-go:CWE-401:Serve:fix,quic-go/webtransport-go,CWE-401,TP_prata,ollama:qwen2.5-coder:7b,especialista,seguro,NAO_DETECTADO,Semgrep VN (silêncio correto),N/A,N/A (Semgrep nao detectou),0.00,Semgrep nao emitiu alerta para esta CWE (cobertura simbolica).,1,fallback,especialista:d1145f8b,a81b6f5ca3a4f70c2cdbca1436fd138ccc84976ee981aa1726e3dff9ae4e4311,0,0,0.00000000
webtransport-go:CWE-401:maybeSendStreamHeader:vuln,quic-go/webtransport-go,CWE-401,TP_prata,ollama:qwen2.5-coder:7b,especialista,vulneravel,NAO_DETECTADO,Semgrep FN (ponto cego simbólico),N/A,N/A (Semgrep nao detectou),0.00,Semgrep nao emitiu alerta para esta CWE (cobertura simbolica).,1,fallback,especialista:d1145f8b,a81b6f5ca3a4f70c2cdbca1436fd138ccc84976ee981aa1726e3dff9ae4e4311,0,0,0.00000000
webtransport-go:CWE-401:maybeSendStreamHeader:fix,quic-go/webtransport-go,CWE-401,TP_prata,ollama:qwen2.5-coder:7b,especialista,seguro,NAO_DETECTADO,Semgrep VN (silêncio correto),N/A,N/A (Semgrep nao detectou),0.00,Semgrep nao emitiu alerta para esta CWE (cobertura simbolica).,1,fallback,especialista:d1145f8b,a81b6f5ca3a4f70c2cdbca1436fd138ccc84976ee981aa1726e3dff9ae4e4311,0,0,0.00000000
cli:CWE-22:runDownload:vuln,cli/cli,CWE-22,TP_prata,ollama:qwen2.5-coder:7b,especialista,vulneravel,NAO_DETECTADO,Semgrep FN (ponto cego simbólico),N/A,N/A (Semgrep nao detectou),0.00,Semgrep nao emitiu alerta para esta CWE (cobertura simbolica).,1,fallback,especialista:d1145f8b,a81b6f5ca3a4f70c2cdbca1436fd138ccc84976ee981aa1726e3dff9ae4e4311,0,0,0.00000000
cli:CWE-22:runDownload:fix,cli/cli,CWE-22,TP_prata,ollama:qwen2.5-coder:7b,especialista,seguro,NAO_DETECTADO,Semgrep VN (silêncio correto),N/A,N/A (Semgrep nao detectou),0.00,Semgrep nao emitiu alerta para esta CWE (cobertura simbolica).,1,fallback,especialista:d1145f8b,a81b6f5ca3a4f70c2cdbca1436fd138ccc84976ee981aa1726e3dff9ae4e4311,0,0,0.00000000
plenti:CWE-74:postLocal:vuln,plentico/plenti,CWE-74,TP_prata,ollama:qwen2.5-coder:7b,especialista,vulneravel,NAO_DETECTADO,Semgrep FN (ponto cego simbólico),N/A,N/A (Semgrep nao detectou),0.00,Semgrep nao emitiu alerta para esta CWE (cobertura simbolica).,1,fallback,especialista:d1145f8b,a81b6f5ca3a4f70c2cdbca1436fd138ccc84976ee981aa1726e3dff9ae4e4311,0,0,0.00000000
plenti:CWE-74:postLocal:fix,plentico/plenti,CWE-74,TP_prata,ollama:qwen2.5-coder:7b,especialista,seguro,NAO_DETECTADO,Semgrep VN (silêncio correto),N/A,N/A (Semgrep nao detectou),0.00,Semgrep nao emitiu alerta para esta CWE (cobertura simbolica).,1,fallback,especialista:d1145f8b,a81b6f5ca3a4f70c2cdbca1436fd138ccc84976ee981aa1726e3dff9ae4e4311,0,0,0.00000000
minio:CWE-269:verifyBinary:vuln,minio/minio,CWE-269,TP_prata,ollama:qwen2.5-coder:7b,especialista,vulneravel,DETECTADO,Semgrep VP (detectou vuln real),FP,Falso Negativo (Falha Crítica),5.20,"A entrada para a configuração TLS não é controlada pelo usuário externo. A função `getUpdateTransport` cria uma configuração de transporte HTTP que inclui um objeto `tls.Config`, mas essa configuração é definida internamente dentro da função e não recebe qualquer valor de entrada do usuário. Portanto, não há risco de exploração por parte de um agente externo.",1,fallback,especialista:d1145f8b,a81b6f5ca3a4f70c2cdbca1436fd138ccc84976ee981aa1726e3dff9ae4e4311,1039,101,0.00000000
minio:CWE-269:verifyBinary:fix,minio/minio,CWE-269,TP_prata,ollama:qwen2.5-coder:7b,especialista,seguro,DETECTADO,Semgrep FP (ruído sobre código seguro),FP,Verdadeiro Negativo (Acerto),4.44,"A entrada para a configuração TLS não é controlada pelo usuário externo. A função `getUpdateTransport` cria uma configuração de transporte HTTP que inclui um objeto `tls.Config`, mas essa configuração é definida internamente dentro da função e não recebe qualquer valor de entrada do usuário. Portanto, não há risco de exploração por parte de um agente externo.",1,fallback,especialista:d1145f8b,a81b6f5ca3a4f70c2cdbca1436fd138ccc84976ee981aa1726e3dff9ae4e4311,1039,101,0.00000000
containerd:CWE-400:createStreams:vuln,containerd/containerd,CWE-400,TP_prata,ollama:qwen2.5-coder:7b,especialista,vulneravel,NAO_DETECTADO,Semgrep FN (ponto cego simbólico),N/A,N/A (Semgrep nao detectou),0.00,Semgrep nao emitiu alerta para esta CWE (cobertura simbolica).,1,fallback,especialista:d1145f8b,a81b6f5ca3a4f70c2cdbca1436fd138ccc84976ee981aa1726e3dff9ae4e4311,0,0,0.00000000
containerd:CWE-400:createStreams:fix,containerd/containerd,CWE-400,TP_prata,ollama:qwen2.5-coder:7b,especialista,seguro,NAO_DETECTADO,Semgrep VN (silêncio correto),N/A,N/A (Semgrep nao detectou),0.00,Semgrep nao emitiu alerta para esta CWE (cobertura simbolica).,1,fallback,especialista:d1145f8b,a81b6f5ca3a4f70c2cdbca1436fd138ccc84976ee981aa1726e3dff9ae4e4311,0,0,0.00000000
containerd:CWE-400:handleResizeEvents:vuln,containerd/containerd,CWE-400,TP_prata,ollama:qwen2.5-coder:7b,especialista,vulneravel,NAO_DETECTADO,Semgrep FN (ponto cego simbólico),N/A,N/A (Semgrep nao detectou),0.00,Semgrep nao emitiu alerta para esta CWE (cobertura simbolica).,1,fallback,especialista:d1145f8b,a81b6f5ca3a4f70c2cdbca1436fd138ccc84976ee981aa1726e3dff9ae4e4311,0,0,0.00000000
containerd:CWE-400:handleResizeEvents:fix,containerd/containerd,CWE-400,TP_prata,ollama:qwen2.5-coder:7b,especialista,seguro,NAO_DETECTADO,Semgrep VN (silêncio correto),N/A,N/A (Semgrep nao detectou),0.00,Semgrep nao emitiu alerta para esta CWE (cobertura simbolica).,1,fallback,especialista:d1145f8b,a81b6f5ca3a4f70c2cdbca1436fd138ccc84976ee981aa1726e3dff9ae4e4311,0,0,0.00000000
kubevirt:CWE-59:NewController:vuln,kubevirt/kubevirt,CWE-59,TP_prata,ollama:qwen2.5-coder:7b,especialista,vulneravel,NAO_DETECTADO,Semgrep FN (ponto cego simbólico),N/A,N/A (Semgrep nao detectou),0.00,Semgrep nao emitiu alerta para esta CWE (cobertura simbolica).,1,fallback,especialista:d1145f8b,a81b6f5ca3a4f70c2cdbca1436fd138ccc84976ee981aa1726e3dff9ae4e4311,0,0,0.00000000
kubevirt:CWE-59:NewController:fix,kubevirt/kubevirt,CWE-59,TP_prata,ollama:qwen2.5-coder:7b,especialista,seguro,NAO_DETECTADO,Semgrep VN (silêncio correto),N/A,N/A (Semgrep nao detectou),0.00,Semgrep nao emitiu alerta para esta CWE (cobertura simbolica).,1,fallback,especialista:d1145f8b,a81b6f5ca3a4f70c2cdbca1436fd138ccc84976ee981aa1726e3dff9ae4e4311,0,0,0.00000000
TPD:5e5c4b7d:CWE-200:true_positive,argoproj/argo-cd,CWE-200,TP_dataset,ollama:qwen2.5-coder:7b,especialista,vulneravel,NAO_DETECTADO,Semgrep FN (ponto cego simbólico),N/A,N/A (Semgrep nao detectou),0.00,Semgrep nao emitiu alerta para esta CWE (cobertura simbolica).,5,fallback,especialista:d1145f8b,a81b6f5ca3a4f70c2cdbca1436fd138ccc84976ee981aa1726e3dff9ae4e4311,0,0,0.00000000
TPD:5e5c4b7d:CWE-200:true_positive#1,argoproj/argo-cd,CWE-200,TP_dataset,ollama:qwen2.5-coder:7b,especialista,vulneravel,NAO_DETECTADO,Semgrep FN (ponto cego simbólico),N/A,N/A (Semgrep nao detectou),0.00,Semgrep nao emitiu alerta para esta CWE (cobertura simbolica).,5,fallback,especialista:d1145f8b,a81b6f5ca3a4f70c2cdbca1436fd138ccc84976ee981aa1726e3dff9ae4e4311,0,0,0.00000000
TPD:5e5c4b7d:CWE-200:true_positive#4,argoproj/argo-cd,CWE-200,TP_dataset,ollama:qwen2.5-coder:7b,especialista,vulneravel,NAO_DETECTADO,Semgrep FN (ponto cego simbólico),N/A,N/A (Semgrep nao detectou),0.00,Semgrep nao emitiu alerta para esta CWE (cobertura simbolica).,5,fallback,especialista:d1145f8b,a81b6f5ca3a4f70c2cdbca1436fd138ccc84976ee981aa1726e3dff9ae4e4311,0,0,0.00000000
TPD:d78929e7:CWE-200:true_positive,argoproj/gitops-engine,CWE-200,TP_dataset,ollama:qwen2.5-coder:7b,especialista,vulneravel,NAO_DETECTADO,Semgrep FN (ponto cego simbólico),N/A,N/A (Semgrep nao detectou),0.00,Semgrep nao emitiu alerta para esta CWE (cobertura simbolica).,1,fallback,especialista:d1145f8b,a81b6f5ca3a4f70c2cdbca1436fd138ccc84976ee981aa1726e3dff9ae4e4311,0,0,0.00000000
TPD:d78929e7:CWE-209:true_positive,argoproj/gitops-engine,CWE-209,TP_dataset,ollama:qwen2.5-coder:7b,especialista,vulneravel,NAO_DETECTADO,Semgrep FN (ponto cego simbólico),N/A,N/A (Semgrep nao detectou),0.00,Semgrep nao emitiu alerta para esta CWE (cobertura simbolica).,1,fallback,especialista:d1145f8b,a81b6f5ca3a4f70c2cdbca1436fd138ccc84976ee981aa1726e3dff9ae4e4311,0,0,0.00000000
TPD:1f40a88b:CWE-79:true_positive,beego/beego,CWE-79,TP_dataset,ollama:qwen2.5-coder:7b,especialista,vulneravel,DETECTADO,Semgrep VP (detectou vuln real),FP,Falso Negativo (Falha Crítica),5.42,"O código não envolve a incorporação de dados do usuário em uma saída HTML. A função Str2html é usada para converter uma string em template.HTML, mas essa conversão ocorre dentro de outra função que deve ser responsável por garantir a segurança contra XSS. O alerta foi emitido porque Semgrep não pôde determinar com certeza se o argumento passado para 'template.HTML()' é uma constante. No contexto fornecido, não há evidências de entrada do usuário sendo manipulada ou incorporada à saída HTML sem escape apropriado.",1,especifica,especialista:d1145f8b,a81b6f5ca3a4f70c2cdbca1436fd138ccc84976ee981aa1726e3dff9ae4e4311,905,139,0.00000000
TPD:33d71763:CWE-22:true_positive,ctfer-io/chall-manager,CWE-22,TP_dataset,ollama:qwen2.5-coder:7b,especialista,vulneravel,NAO_DETECTADO,Semgrep FN (ponto cego simbólico),N/A,N/A (Semgrep nao detectou),0.00,Semgrep nao emitiu alerta para esta CWE (cobertura simbolica).,2,fallback,especialista:d1145f8b,a81b6f5ca3a4f70c2cdbca1436fd138ccc84976ee981aa1726e3dff9ae4e4311,0,0,0.00000000
TPD:3be55f59:CWE-405:true_positive,ctfer-io/chall-manager,CWE-405,TP_dataset,ollama:qwen2.5-coder:7b,especialista,vulneravel,NAO_DETECTADO,Semgrep FN (ponto cego simbólico),N/A,N/A (Semgrep nao detectou),0.00,Semgrep nao emitiu alerta para esta CWE (cobertura simbolica).,5,fallback,especialista:d1145f8b,a81b6f5ca3a4f70c2cdbca1436fd138ccc84976ee981aa1726e3dff9ae4e4311,0,0,0.00000000
TPD:3be55f59:CWE-405:true_positive#3,ctfer-io/chall-manager,CWE-405,TP_dataset,ollama:qwen2.5-coder:7b,especialista,vulneravel,NAO_DETECTADO,Semgrep FN (ponto cego simbólico),N/A,N/A (Semgrep nao detectou),0.00,Semgrep nao emitiu alerta para esta CWE (cobertura simbolica).,5,fallback,especialista:d1145f8b,a81b6f5ca3a4f70c2cdbca1436fd138ccc84976ee981aa1726e3dff9ae4e4311,0,0,0.00000000
TPD:4611d05d:CWE-78:true_positive#1,drakkan/sftpgo,CWE-78,TP_dataset,ollama:qwen2.5-coder:7b,especialista,vulneravel,NAO_DETECTADO,Semgrep FN (ponto cego simbólico),N/A,N/A (Semgrep nao detectou),0.00,Semgrep nao emitiu alerta para esta CWE (cobertura simbolica).,2,fallback,especialista:d1145f8b,a81b6f5ca3a4f70c2cdbca1436fd138ccc84976ee981aa1726e3dff9ae4e4311,0,0,0.00000000
TPD:ff7c877f:CWE-290:true_positive,go-vela/server,CWE-290,TP_dataset,ollama:qwen2.5-coder:7b,especialista,vulneravel,NAO_DETECTADO,Semgrep FN (ponto cego simbólico),N/A,N/A (Semgrep nao detectou),0.00,Semgrep nao emitiu alerta para esta CWE (cobertura simbolica).,11,fallback,especialista:d1145f8b,a81b6f5ca3a4f70c2cdbca1436fd138ccc84976ee981aa1726e3dff9ae4e4311,0,0,0.00000000
TPD:ff7c877f:CWE-290:true_positive#4,go-vela/server,CWE-290,TP_dataset,ollama:qwen2.5-coder:7b,especialista,vulneravel,NAO_DETECTADO,Semgrep FN (ponto cego simbólico),N/A,N/A (Semgrep nao detectou),0.00,Semgrep nao emitiu alerta para esta CWE (cobertura simbolica).,11,fallback,especialista:d1145f8b,a81b6f5ca3a4f70c2cdbca1436fd138ccc84976ee981aa1726e3dff9ae4e4311,0,0,0.00000000
TPD:ff7c877f:CWE-290:true_positive#8,go-vela/server,CWE-290,TP_dataset,ollama:qwen2.5-coder:7b,especialista,vulneravel,NAO_DETECTADO,Semgrep FN (ponto cego simbólico),N/A,N/A (Semgrep nao detectou),0.00,Semgrep nao emitiu alerta para esta CWE (cobertura simbolica).,11,fallback,especialista:d1145f8b,a81b6f5ca3a4f70c2cdbca1436fd138ccc84976ee981aa1726e3dff9ae4e4311,0,0,0.00000000
TPD:ff7c877f:CWE-290:true_positive#9,go-vela/server,CWE-290,TP_dataset,ollama:qwen2.5-coder:7b,especialista,vulneravel,NAO_DETECTADO,Semgrep FN (ponto cego simbólico),N/A,N/A (Semgrep nao detectou),0.00,Semgrep nao emitiu alerta para esta CWE (cobertura simbolica).,11,fallback,especialista:d1145f8b,a81b6f5ca3a4f70c2cdbca1436fd138ccc84976ee981aa1726e3dff9ae4e4311,0,0,0.00000000
TPD:ff7c877f:CWE-290:true_positive#10,go-vela/server,CWE-290,TP_dataset,ollama:qwen2.5-coder:7b,especialista,vulneravel,NAO_DETECTADO,Semgrep FN (ponto cego simbólico),N/A,N/A (Semgrep nao detectou),0.00,Semgrep nao emitiu alerta para esta CWE (cobertura simbolica).,11,fallback,especialista:d1145f8b,a81b6f5ca3a4f70c2cdbca1436fd138ccc84976ee981aa1726e3dff9ae4e4311,0,0,0.00000000
TPD:ff7c877f:CWE-345:true_positive,go-vela/server,CWE-345,TP_dataset,ollama:qwen2.5-coder:7b,especialista,vulneravel,NAO_DETECTADO,Semgrep FN (ponto cego simbólico),N/A,N/A (Semgrep nao detectou),0.00,Semgrep nao emitiu alerta para esta CWE (cobertura simbolica).,9,fallback,especialista:d1145f8b,a81b6f5ca3a4f70c2cdbca1436fd138ccc84976ee981aa1726e3dff9ae4e4311,0,0,0.00000000
TPD:ff7c877f:CWE-345:true_positive#4,go-vela/server,CWE-345,TP_dataset,ollama:qwen2.5-coder:7b,especialista,vulneravel,NAO_DETECTADO,Semgrep FN (ponto cego simbólico),N/A,N/A (Semgrep nao detectou),0.00,Semgrep nao emitiu alerta para esta CWE (cobertura simbolica).,9,fallback,especialista:d1145f8b,a81b6f5ca3a4f70c2cdbca1436fd138ccc84976ee981aa1726e3dff9ae4e4311,0,0,0.00000000
TPD:ff7c877f:CWE-345:true_positive#8,go-vela/server,CWE-345,TP_dataset,ollama:qwen2.5-coder:7b,especialista,vulneravel,NAO_DETECTADO,Semgrep FN (ponto cego simbólico),N/A,N/A (Semgrep nao detectou),0.00,Semgrep nao emitiu alerta para esta CWE (cobertura simbolica).,9,fallback,especialista:d1145f8b,a81b6f5ca3a4f70c2cdbca1436fd138ccc84976ee981aa1726e3dff9ae4e4311,0,0,0.00000000
TPD:be0de1ab:CWE-22:true_positive,harness/harness,CWE-22,TP_dataset,ollama:qwen2.5-coder:7b,especialista,vulneravel,NAO_DETECTADO,Semgrep FN (ponto cego simbólico),N/A,N/A (Semgrep nao detectou),0.00,Semgrep nao emitiu alerta para esta CWE (cobertura simbolica).,1,fallback,especialista:d1145f8b,a81b6f5ca3a4f70c2cdbca1436fd138ccc84976ee981aa1726e3dff9ae4e4311,0,0,0.00000000
TPD:be0de1ab:CWE-73:true_positive,harness/harness,CWE-73,TP_dataset,ollama:qwen2.5-coder:7b,especialista,vulneravel,NAO_DETECTADO,Semgrep FN (ponto cego simbólico),N/A,N/A (Semgrep nao detectou),0.00,Semgrep nao emitiu alerta para esta CWE (cobertura simbolica).,1,fallback,especialista:d1145f8b,a81b6f5ca3a4f70c2cdbca1436fd138ccc84976ee981aa1726e3dff9ae4e4311,0,0,0.00000000
TPD:e5c9c1fe:CWE-352:true_positive,justinas/nosurf,CWE-352,TP_dataset,ollama:qwen2.5-coder:7b,especialista,vulneravel,NAO_DETECTADO,Semgrep FN (ponto cego simbólico),N/A,N/A (Semgrep nao detectou),0.00,Semgrep nao emitiu alerta para esta CWE (cobertura simbolica).,6,especifica,especialista:d1145f8b,a81b6f5ca3a4f70c2cdbca1436fd138ccc84976ee981aa1726e3dff9ae4e4311,0,0,0.00000000
TPD:53d08d80:CWE-20:true_positive,kyverno/kyverno,CWE-20,TP_dataset,ollama:qwen2.5-coder:7b,especialista,vulneravel,NAO_DETECTADO,Semgrep FN (ponto cego simbólico),N/A,N/A (Semgrep nao detectou),0.00,Semgrep nao emitiu alerta para esta CWE (cobertura simbolica).,1,fallback,especialista:d1145f8b,a81b6f5ca3a4f70c2cdbca1436fd138ccc84976ee981aa1726e3dff9ae4e4311,0,0,0.00000000
TPD:53d08d80:CWE-248:true_positive,kyverno/kyverno,CWE-248,TP_dataset,ollama:qwen2.5-coder:7b,especialista,vulneravel,NAO_DETECTADO,Semgrep FN (ponto cego simbólico),N/A,N/A (Semgrep nao detectou),0.00,Semgrep nao emitiu alerta para esta CWE (cobertura simbolica).,1,fallback,especialista:d1145f8b,a81b6f5ca3a4f70c2cdbca1436fd138ccc84976ee981aa1726e3dff9ae4e4311,0,0,0.00000000
TPD:5f42a0ba:CWE-285:true_positive,kyverno/kyverno,CWE-285,TP_dataset,ollama:qwen2.5-coder:7b,especialista,vulneravel,NAO_DETECTADO,Semgrep FN (ponto cego simbólico),N/A,N/A (Semgrep nao detectou),0.00,Semgrep nao emitiu alerta para esta CWE (cobertura simbolica).,1,fallback,especialista:d1145f8b,a81b6f5ca3a4f70c2cdbca1436fd138ccc84976ee981aa1726e3dff9ae4e4311,0,0,0.00000000
TPD:c2b310d3:CWE-863:true_positive,lxc/incus,CWE-863,TP_dataset,ollama:qwen2.5-coder:7b,especialista,vulneravel,DETECTADO,Semgrep VP (detectou vuln real),FP,Falso Negativo (Falha Crítica),4.93,"O código não está diretamente envolvido em operações que renderizam conteúdo gerado pelo usuário, nem usa pacotes que possam ser usados para injeção de script. O uso do pacote `text/template` é seguro neste contexto porque ele não envolve a renderização de conteúdo HTML gerado por usuários.",1,fallback,especialista:d1145f8b,a81b6f5ca3a4f70c2cdbca1436fd138ccc84976ee981aa1726e3dff9ae4e4311,1103,86,0.00000000
TPD:d137a063:CWE-770:true_positive,lxc/incus,CWE-770,TP_dataset,ollama:qwen2.5-coder:7b,especialista,vulneravel,DETECTADO,Semgrep VP (detectou vuln real),FP,Falso Negativo (Falha Crítica),5.61,"A entrada que está sendo usada na função `nftablesContentTemplate` é uma constante definida no código, não controlável por um agente externo. Além disso, a função `text/template` é usada para processar essa constante, mas não há indicação de que ela seja renderizada ou exibida em algum lugar onde possa ser vulnerável a ataques XSS. Portanto, este código não constitui uma fraqueza real.",5,fallback,especialista:d1145f8b,a81b6f5ca3a4f70c2cdbca1436fd138ccc84976ee981aa1726e3dff9ae4e4311,1165,115,0.00000000
TPD:d137a063:CWE-770:true_positive#1,lxc/incus,CWE-770,TP_dataset,ollama:qwen2.5-coder:7b,especialista,vulneravel,DETECTADO,Semgrep VP (detectou vuln real),FP,Falso Negativo (Falha Crítica),4.39,"A entrada 'iptablesCmd' é uma constante definida dentro da função, não sendo controlada por um agente externo. Além disso, a função 'iptablesInUse' é chamada internamente e não exposta para uso externo, tornando o caminho inalcançável em produção.",5,fallback,especialista:d1145f8b,a81b6f5ca3a4f70c2cdbca1436fd138ccc84976ee981aa1726e3dff9ae4e4311,1122,82,0.00000000
TPD:d137a063:CWE-770:true_positive#2,lxc/incus,CWE-770,TP_dataset,ollama:qwen2.5-coder:7b,especialista,vulneravel,DETECTADO,Semgrep VP (detectou vuln real),FP,Falso Negativo (Falha Crítica),4.59,"A função `math/rand` é usada em um contexto onde a entrada não é controlável pelo usuário externo. Especificamente, ela é utilizada para gerar números aleatórios internos do sistema, como IDs temporários ou tokens de segurança. Esses valores não são expostos ao usuário e, portanto, não representam uma vulnerabilidade.",5,fallback,especialista:d1145f8b,a81b6f5ca3a4f70c2cdbca1436fd138ccc84976ee981aa1726e3dff9ae4e4311,1081,92,0.00000000
TPD:d137a063:CWE-770:true_positive#3,lxc/incus,CWE-770,TP_dataset,ollama:qwen2.5-coder:7b,especialista,vulneravel,DETECTADO,Semgrep VP (detectou vuln real),FP,Falso Negativo (Falha Crítica),4.17,"A entrada para o template é gerada internamente pelo código Go, não sendo controlável por um agente externo. O conteúdo do template é definido em tempo de compilação e não é sujeito a alterações dinâmicas provenientes da entrada do usuário.",5,fallback,especialista:d1145f8b,a81b6f5ca3a4f70c2cdbca1436fd138ccc84976ee981aa1726e3dff9ae4e4311,1110,74,0.00000000
TPD:d137a063:CWE-770:true_positive#4,lxc/incus,CWE-770,TP_dataset,ollama:qwen2.5-coder:7b,especialista,vulneravel,NAO_DETECTADO,Semgrep FN (ponto cego simbólico),N/A,N/A (Semgrep nao detectou),0.00,Semgrep nao emitiu alerta para esta CWE (cobertura simbolica).,5,fallback,especialista:d1145f8b,a81b6f5ca3a4f70c2cdbca1436fd138ccc84976ee981aa1726e3dff9ae4e4311,0,0,0.00000000
TPD:175964b1:CWE-89:true_positive,navidrome/navidrome,CWE-89,TP_dataset,ollama:qwen2.5-coder:7b,especialista,vulneravel,NAO_DETECTADO,Semgrep FN (ponto cego simbólico),N/A,N/A (Semgrep nao detectou),0.00,Semgrep nao emitiu alerta para esta CWE (cobertura simbolica).,1,fallback,especialista:d1145f8b,a81b6f5ca3a4f70c2cdbca1436fd138ccc84976ee981aa1726e3dff9ae4e4311,0,0,0.00000000
TPD:83ef736c:CWE-77:true_positive,nrkno/terraform-provider-windns,CWE-77,TP_dataset,ollama:qwen2.5-coder:7b,especialista,vulneravel,NAO_DETECTADO,Semgrep FN (ponto cego simbólico),N/A,N/A (Semgrep nao detectou),0.00,Semgrep nao emitiu alerta para esta CWE (cobertura simbolica).,10,fallback,especialista:d1145f8b,a81b6f5ca3a4f70c2cdbca1436fd138ccc84976ee981aa1726e3dff9ae4e4311,0,0,0.00000000
TPD:83ef736c:CWE-77:true_positive#4,nrkno/terraform-provider-windns,CWE-77,TP_dataset,ollama:qwen2.5-coder:7b,especialista,vulneravel,NAO_DETECTADO,Semgrep FN (ponto cego simbólico),N/A,N/A (Semgrep nao detectou),0.00,Semgrep nao emitiu alerta para esta CWE (cobertura simbolica).,10,fallback,especialista:d1145f8b,a81b6f5ca3a4f70c2cdbca1436fd138ccc84976ee981aa1726e3dff9ae4e4311,0,0,0.00000000
TPD:83ef736c:CWE-77:true_positive#6,nrkno/terraform-provider-windns,CWE-77,TP_dataset,ollama:qwen2.5-coder:7b,especialista,vulneravel,NAO_DETECTADO,Semgrep FN (ponto cego simbólico),N/A,N/A (Semgrep nao detectou),0.00,Semgrep nao emitiu alerta para esta CWE (cobertura simbolica).,10,fallback,especialista:d1145f8b,a81b6f5ca3a4f70c2cdbca1436fd138ccc84976ee981aa1726e3dff9ae4e4311,0,0,0.00000000
TPD:f4b33b64:CWE-290:true_positive,oauth2-proxy/oauth2-proxy,CWE-290,TP_dataset,ollama:qwen2.5-coder:7b,especialista,vulneravel,DETECTADO,Semgrep VP (detectou vuln real),VP,Verdadeiro Positivo (Acerto),6.32,"A entrada `appRedirect` é controlada pelo usuário através do parâmetro de consulta `state`. Embora o código verifique se `appRedirect` está em uma lista permitida (`p.redirectValidator.IsValidRedirect(appRedirect)`), a validação ocorre após um redirecionamento. Isso significa que, se um atacante puder controlar o valor de `appRedirect`, ele pode levar os usuários para um site malicioso. Portanto, este é um possível ponto de vulnerabilidade.",3,fallback,especialista:d1145f8b,a81b6f5ca3a4f70c2cdbca1436fd138ccc84976ee981aa1726e3dff9ae4e4311,1777,124,0.00000000
TPD:b3976e39:CWE-918:true_positive,octo-sts/app,CWE-918,TP_dataset,ollama:qwen2.5-coder:7b,especialista,vulneravel,NAO_DETECTADO,Semgrep FN (ponto cego simbólico),N/A,N/A (Semgrep nao detectou),0.00,Semgrep nao emitiu alerta para esta CWE (cobertura simbolica).,1,fallback,especialista:d1145f8b,a81b6f5ca3a4f70c2cdbca1436fd138ccc84976ee981aa1726e3dff9ae4e4311,0,0,0.00000000
TPD:5693c58a:CWE-1284:true_positive,osrg/gobgp,CWE-1284,TP_dataset,ollama:qwen2.5-coder:7b,especialista,vulneravel,NAO_DETECTADO,Semgrep FN (ponto cego simbólico),N/A,N/A (Semgrep nao detectou),0.00,Semgrep nao emitiu alerta para esta CWE (cobertura simbolica).,1,fallback,especialista:d1145f8b,a81b6f5ca3a4f70c2cdbca1436fd138ccc84976ee981aa1726e3dff9ae4e4311,0,0,0.00000000
TPD:56e6b104:CWE-1284:true_positive,osrg/gobgp,CWE-1284,TP_dataset,ollama:qwen2.5-coder:7b,especialista,vulneravel,NAO_DETECTADO,Semgrep FN (ponto cego simbólico),N/A,N/A (Semgrep nao detectou),0.00,Semgrep nao emitiu alerta para esta CWE (cobertura simbolica).,1,fallback,especialista:d1145f8b,a81b6f5ca3a4f70c2cdbca1436fd138ccc84976ee981aa1726e3dff9ae4e4311,0,0,0.00000000
TPD:ca7383f4:CWE-193:true_positive,osrg/gobgp,CWE-193,TP_dataset,ollama:qwen2.5-coder:7b,especialista,vulneravel,NAO_DETECTADO,Semgrep FN (ponto cego simbólico),N/A,N/A (Semgrep nao detectou),0.00,Semgrep nao emitiu alerta para esta CWE (cobertura simbolica).,1,fallback,especialista:d1145f8b,a81b6f5ca3a4f70c2cdbca1436fd138ccc84976ee981aa1726e3dff9ae4e4311,0,0,0.00000000
TPD:defe9ac1:CWE-119:true_positive,osrg/gobgp,CWE-119,TP_dataset,ollama:qwen2.5-coder:7b,especialista,vulneravel,NAO_DETECTADO,Semgrep FN (ponto cego simbólico),N/A,N/A (Semgrep nao detectou),0.00,Semgrep nao emitiu alerta para esta CWE (cobertura simbolica).,2,fallback,especialista:d1145f8b,a81b6f5ca3a4f70c2cdbca1436fd138ccc84976ee981aa1726e3dff9ae4e4311,0,0,0.00000000
TPD:defe9ac1:CWE-125:true_positive,osrg/gobgp,CWE-125,TP_dataset,ollama:qwen2.5-coder:7b,especialista,vulneravel,NAO_DETECTADO,Semgrep FN (ponto cego simbólico),N/A,N/A (Semgrep nao detectou),0.00,Semgrep nao emitiu alerta para esta CWE (cobertura simbolica).,2,fallback,especialista:d1145f8b,a81b6f5ca3a4f70c2cdbca1436fd138ccc84976ee981aa1726e3dff9ae4e4311,0,0,0.00000000
TPD:cd1cbfd3:CWE-284:true_positive,patrickhener/goshs,CWE-284,TP_dataset,ollama:qwen2.5-coder:7b,especialista,vulneravel,NAO_DETECTADO,Semgrep FN (ponto cego simbólico),N/A,N/A (Semgrep nao detectou),0.00,Semgrep nao emitiu alerta para esta CWE (cobertura simbolica).,3,fallback,especialista:d1145f8b,a81b6f5ca3a4f70c2cdbca1436fd138ccc84976ee981aa1726e3dff9ae4e4311,0,0,0.00000000
TPD:cd1cbfd3:CWE-284:true_positive#1,patrickhener/goshs,CWE-284,TP_dataset,ollama:qwen2.5-coder:7b,especialista,vulneravel,NAO_DETECTADO,Semgrep FN (ponto cego simbólico),N/A,N/A (Semgrep nao detectou),0.00,Semgrep nao emitiu alerta para esta CWE (cobertura simbolica).,3,fallback,especialista:d1145f8b,a81b6f5ca3a4f70c2cdbca1436fd138ccc84976ee981aa1726e3dff9ae4e4311,0,0,0.00000000
TPD:cd1cbfd3:CWE-284:true_positive#2,patrickhener/goshs,CWE-284,TP_dataset,ollama:qwen2.5-coder:7b,especialista,vulneravel,NAO_DETECTADO,Semgrep FN (ponto cego simbólico),N/A,N/A (Semgrep nao detectou),0.00,Semgrep nao emitiu alerta para esta CWE (cobertura simbolica).,3,fallback,especialista:d1145f8b,a81b6f5ca3a4f70c2cdbca1436fd138ccc84976ee981aa1726e3dff9ae4e4311,0,0,0.00000000
TPD:cd1cbfd3:CWE-77:true_positive,patrickhener/goshs,CWE-77,TP_dataset,ollama:qwen2.5-coder:7b,especialista,vulneravel,NAO_DETECTADO,Semgrep FN (ponto cego simbólico),N/A,N/A (Semgrep nao detectou),0.00,Semgrep nao emitiu alerta para esta CWE (cobertura simbolica).,3,fallback,especialista:d1145f8b,a81b6f5ca3a4f70c2cdbca1436fd138ccc84976ee981aa1726e3dff9ae4e4311,0,0,0.00000000
TPD:cd1cbfd3:CWE-77:true_positive#1,patrickhener/goshs,CWE-77,TP_dataset,ollama:qwen2.5-coder:7b,especialista,vulneravel,NAO_DETECTADO,Semgrep FN (ponto cego simbólico),N/A,N/A (Semgrep nao detectou),0.00,Semgrep nao emitiu alerta para esta CWE (cobertura simbolica).,3,fallback,especialista:d1145f8b,a81b6f5ca3a4f70c2cdbca1436fd138ccc84976ee981aa1726e3dff9ae4e4311,0,0,0.00000000
TPD:cd1cbfd3:CWE-77:true_positive#2,patrickhener/goshs,CWE-77,TP_dataset,ollama:qwen2.5-coder:7b,especialista,vulneravel,NAO_DETECTADO,Semgrep FN (ponto cego simbólico),N/A,N/A (Semgrep nao detectou),0.00,Semgrep nao emitiu alerta para esta CWE (cobertura simbolica).,3,fallback,especialista:d1145f8b,a81b6f5ca3a4f70c2cdbca1436fd138ccc84976ee981aa1726e3dff9ae4e4311,0,0,0.00000000
TPD:731afbee:CWE-200:true_positive,portainer/portainer,CWE-200,TP_dataset,ollama:qwen2.5-coder:7b,especialista,vulneravel,DETECTADO,Semgrep VP (detectou vuln real),FP,Falso Negativo (Falha Crítica),4.65,"A entrada para a função `NewSingleHostReverseProxyWithHostHeader` é uma URL de destino fixa, não controlada por um agente externo. A função `Director` é usada para configurar o proxy, mas não há evidências de que esta entrada seja manipulada ou alterada em tempo de execução por um usuário ou outro agente externo. Portanto, este código não constitui uma vulnerabilidade.",6,fallback,especialista:d1145f8b,a81b6f5ca3a4f70c2cdbca1436fd138ccc84976ee981aa1726e3dff9ae4e4311,836,107,0.00000000
TPD:af4a46b3:CWE-532:true_positive,project-zot/zot,CWE-532,TP_dataset,ollama:qwen2.5-coder:7b,especialista,vulneravel,NAO_DETECTADO,Semgrep FN (ponto cego simbólico),N/A,N/A (Semgrep nao detectou),0.00,Semgrep nao emitiu alerta para esta CWE (cobertura simbolica).,1,fallback,especialista:d1145f8b,a81b6f5ca3a4f70c2cdbca1436fd138ccc84976ee981aa1726e3dff9ae4e4311,0,0,0.00000000
TPD:fba695ad:CWE-269:true_positive,project-zot/zot,CWE-269,TP_dataset,ollama:qwen2.5-coder:7b,especialista,vulneravel,NAO_DETECTADO,Semgrep FN (ponto cego simbólico),N/A,N/A (Semgrep nao detectou),0.00,Semgrep nao emitiu alerta para esta CWE (cobertura simbolica).,3,fallback,especialista:d1145f8b,a81b6f5ca3a4f70c2cdbca1436fd138ccc84976ee981aa1726e3dff9ae4e4311,0,0,0.00000000
TPD:fba695ad:CWE-269:true_positive#2,project-zot/zot,CWE-269,TP_dataset,ollama:qwen2.5-coder:7b,especialista,vulneravel,NAO_DETECTADO,Semgrep FN (ponto cego simbólico),N/A,N/A (Semgrep nao detectou),0.00,Semgrep nao emitiu alerta para esta CWE (cobertura simbolica).,3,fallback,especialista:d1145f8b,a81b6f5ca3a4f70c2cdbca1436fd138ccc84976ee981aa1726e3dff9ae4e4311,0,0,0.00000000
TPD:d726a795:CWE-248:true_positive,quic-go/quic-go,CWE-248,TP_dataset,ollama:qwen2.5-coder:7b,especialista,vulneravel,NAO_DETECTADO,Semgrep FN (ponto cego simbólico),N/A,N/A (Semgrep nao detectou),0.00,Semgrep nao emitiu alerta para esta CWE (cobertura simbolica).,2,fallback,especialista:d1145f8b,a81b6f5ca3a4f70c2cdbca1436fd138ccc84976ee981aa1726e3dff9ae4e4311,0,0,0.00000000
TPD:98819ca4:CWE-459:true_positive,siyuan-note/siyuan,CWE-459,TP_dataset,ollama:qwen2.5-coder:7b,especialista,vulneravel,NAO_DETECTADO,Semgrep FN (ponto cego simbólico),N/A,N/A (Semgrep nao detectou),0.00,Semgrep nao emitiu alerta para esta CWE (cobertura simbolica).,1,fallback,especialista:d1145f8b,a81b6f5ca3a4f70c2cdbca1436fd138ccc84976ee981aa1726e3dff9ae4e4311,0,0,0.00000000
TPD:98819ca4:CWE-552:true_positive,siyuan-note/siyuan,CWE-552,TP_dataset,ollama:qwen2.5-coder:7b,especialista,vulneravel,NAO_DETECTADO,Semgrep FN (ponto cego simbólico),N/A,N/A (Semgrep nao detectou),0.00,Semgrep nao emitiu alerta para esta CWE (cobertura simbolica).,1,fallback,especialista:d1145f8b,a81b6f5ca3a4f70c2cdbca1436fd138ccc84976ee981aa1726e3dff9ae4e4311,0,0,0.00000000
TPD:b311a5c9:CWE-862:true_positive,sysadminsmedia/homebox,CWE-862,TP_dataset,ollama:qwen2.5-coder:7b,especialista,vulneravel,DETECTADO,Semgrep VP (detectou vuln real),FP,Falso Negativo (Falha Crítica),5.30,"A entrada para a função md5.New() é determinada internamente pelo código, não sendo controlável por um agente externo. O valor da variável contentBytes é calculado a partir dos dados do arquivo enviado pelo usuário, mas o algoritmo de hash MD5 em si é chamado dentro do contexto deste cálculo interno e não exposto para entrada externa.",8,fallback,especialista:d1145f8b,a81b6f5ca3a4f70c2cdbca1436fd138ccc84976ee981aa1726e3dff9ae4e4311,1273,97,0.00000000
TPD:b311a5c9:CWE-862:true_positive#4,sysadminsmedia/homebox,CWE-862,TP_dataset,ollama:qwen2.5-coder:7b,especialista,vulneravel,NAO_DETECTADO,Semgrep FN (ponto cego simbólico),N/A,N/A (Semgrep nao detectou),0.00,Semgrep nao emitiu alerta para esta CWE (cobertura simbolica).,8,fallback,especialista:d1145f8b,a81b6f5ca3a4f70c2cdbca1436fd138ccc84976ee981aa1726e3dff9ae4e4311,0,0,0.00000000
TPD:b311a5c9:CWE-862:true_positive#7,sysadminsmedia/homebox,CWE-862,TP_dataset,ollama:qwen2.5-coder:7b,especialista,vulneravel,NAO_DETECTADO,Semgrep FN (ponto cego simbólico),N/A,N/A (Semgrep nao detectou),0.00,Semgrep nao emitiu alerta para esta CWE (cobertura simbolica).,8,fallback,especialista:d1145f8b,a81b6f5ca3a4f70c2cdbca1436fd138ccc84976ee981aa1726e3dff9ae4e4311,0,0,0.00000000
