ID_Caso,Repositorio,CWE,Origem,Modelo_LLM,Tipo_Prompt,Gabarito,Status_Semgrep,Classificacao_Semgrep,Veredito_LLM,Classificacao_LLM,Tempo_Execucao_s,Justificativa,Num_Locations,Ficha_CWE,Versao_Prompt,Hash_Catalogo,Tokens_Entrada,Tokens_Saida,Custo_USD,Motivo_Nao_Deteccao,Regras_Nao_Casadas
18ce5c27:CWE-1004:false_positive,argoproj/argo-cd,CWE-1004,FP,ollama:qwen2.5-coder:7b,baseline,seguro,DETECTADO,Semgrep FP (ruído sobre código seguro),FP,Verdadeiro Negativo (Acerto),13.39,"O alerta indica que a cookie de sessão não tem o 'HttpOnly' flag definido, o que pode aumentar o risco de ataques XSS. No entanto, no contexto fornecido, a função `ServeHTTP` está lidando com a saída da sessão do usuário e removendo todas as cookies relacionadas à autenticação antes de redirecionar para uma URL de logout. Portanto, não há risco real de XSS nesse ponto específico do código.",1,especifica,baseline:597fcfa9,a81b6f5ca3a4f70c2cdbca1436fd138ccc84976ee981aa1726e3dff9ae4e4311,1001,121,0.00000000,N/A,
18ce5c27:CWE-115:false_positive,argoproj/argo-cd,CWE-115,FP,ollama:qwen2.5-coder:7b,baseline,seguro,DETECTADO,Semgrep FP (ruído sobre código seguro),FP,Verdadeiro Negativo (Acerto),4.19,O alerta é um FALSO POSITIVO porque o código está usando `ReverseProxy.Director` de forma correta para configurar a solicitação de destino. O uso de `req.Header.Set(,2,especifica,baseline:597fcfa9,a81b6f5ca3a4f70c2cdbca1436fd138ccc84976ee981aa1726e3dff9ae4e4311,455,65,0.00000000,N/A,
18ce5c27:CWE-115:false_positive#1,argoproj/argo-cd,CWE-115,FP,ollama:qwen2.5-coder:7b,baseline,seguro,DETECTADO,Semgrep FP (ruído sobre código seguro),FP,Verdadeiro Negativo (Acerto),5.15,"O alerta é um FALSO POSITIVO porque o código está usando `ReverseProxy.Director` de forma correta para modificar a solicitação antes de encaminhá-la ao servidor de destino. A função `decorateDirector` é chamada para adicionar ou modificar cabeçalhos conforme necessário, e isso não remove headers adicionados pelo `Director`. O uso de `ModifyResponse` para manipular a resposta do servidor de destino é adequado neste contexto.",2,especifica,baseline:597fcfa9,a81b6f5ca3a4f70c2cdbca1436fd138ccc84976ee981aa1726e3dff9ae4e4311,626,115,0.00000000,N/A,
18ce5c27:CWE-300:false_positive,argoproj/argo-cd,CWE-300,FP,ollama:qwen2.5-coder:7b,baseline,seguro,DETECTADO,Semgrep FP (ruído sobre código seguro),FP,Verdadeiro Negativo (Acerto),4.62,"O código fornecido não configura explicitamente uma conexão gRPC insegura. A função `grpc.NewServer()` cria um servidor gRPC sem especificar credenciais, mas isso não significa que a conexão seja insegura. O alerta pode estar incorretamente identificando uma situação segura como potencialmente vulnerável.",2,fallback,baseline:597fcfa9,a81b6f5ca3a4f70c2cdbca1436fd138ccc84976ee981aa1726e3dff9ae4e4311,438,90,0.00000000,N/A,
18ce5c27:CWE-300:false_positive#1,argoproj/argo-cd,CWE-300,FP,ollama:qwen2.5-coder:7b,baseline,seguro,DETECTADO,Semgrep FP (ruído sobre código seguro),FP,Verdadeiro Negativo (Acerto),5.21,"O código fornecido não configura um servidor gRPC inseguro. Ele cria um servidor gRPC usando `grpc.NewServer()` sem especificar nenhuma credencial de segurança, o que é o comportamento padrão e não constitui uma vulnerabilidade. O alerta foi acionado por uma ferramenta que pode estar configurada para sinalizar a ausência de credenciais TLS em servidores gRPC, mas neste contexto específico, o código está criando um servidor seguro usando sockets Unix.",2,fallback,baseline:597fcfa9,a81b6f5ca3a4f70c2cdbca1436fd138ccc84976ee981aa1726e3dff9ae4e4311,439,124,0.00000000,N/A,
18ce5c27:CWE-319:false_positive,argoproj/argo-cd,CWE-319,FP,ollama:qwen2.5-coder:7b,baseline,seguro,DETECTADO,Semgrep FP (ruído sobre código seguro),FP,Verdadeiro Negativo (Acerto),5.50,"O código desabilita a verificação de certificados TLS/SSL apenas quando o parâmetro 'insecure' é verdadeiro. Isso ocorre em um contexto específico onde a insegurança é aceitável, como durante o desenvolvimento ou testes. O alerta foi acionado por uma ferramenta que considera qualquer desabilitação de verificação de certificados TLS/SSL como potencialmente perigosa, mas neste caso, a desativação ocorre apenas em um cenário controlado e não constitui uma vulnerabilidade real.",27,especifica,baseline:597fcfa9,a81b6f5ca3a4f70c2cdbca1436fd138ccc84976ee981aa1726e3dff9ae4e4311,505,134,0.00000000,N/A,
18ce5c27:CWE-319:false_positive#1,argoproj/argo-cd,CWE-319,FP,ollama:qwen2.5-coder:7b,baseline,seguro,DETECTADO,Semgrep FP (ruído sobre código seguro),FP,Verdadeiro Negativo (Acerto),4.80,"O código desabilita a verificação de certificados TLS/SSL apenas quando o parâmetro 'insecure' é verdadeiro. Isso ocorre em um contexto específico onde a desativação da verificação de certificados é considerada aceitável, pois está sendo usada para fins de depuração ou em ambientes controlados e seguros. O alerta não indica uma vulnerabilidade real neste caso.",27,especifica,baseline:597fcfa9,a81b6f5ca3a4f70c2cdbca1436fd138ccc84976ee981aa1726e3dff9ae4e4311,517,104,0.00000000,N/A,
18ce5c27:CWE-319:false_positive#2,argoproj/argo-cd,CWE-319,FP,ollama:qwen2.5-coder:7b,baseline,seguro,DETECTADO,Semgrep FP (ruído sobre código seguro),VP,Falso Positivo (Ruído Mantido),4.66,"O alerta é um VERDADEIRO POSITIVO (VP) porque o código está iniciando um servidor HTTP sem usar TLS. A função `http.ListenAndServe` não fornece criptografia, o que expõe os dados transmitidos ao público. Deve ser substituído por `http.ListenAndServeTLS` para garantir a segurança dos dados em trânsito.",27,especifica,baseline:597fcfa9,a81b6f5ca3a4f70c2cdbca1436fd138ccc84976ee981aa1726e3dff9ae4e4311,399,98,0.00000000,N/A,
18ce5c27:CWE-319:false_positive#3,argoproj/argo-cd,CWE-319,FP,ollama:qwen2.5-coder:7b,baseline,seguro,DETECTADO,Semgrep FP (ruído sobre código seguro),FP,Verdadeiro Negativo (Acerto),5.46,"O alerta indica a utilização de um servidor HTTP sem TLS, o que é uma prática insegura. No entanto, no contexto fornecido, o código está configurado para usar um servidor gRPC em vez de um servidor HTTP. O servidor gRPC usa TLS por padrão, conforme indicado pela linha `grpc := server.CreateGRPC()`. Portanto, este alerta não constitui uma vulnerabilidade real neste código.",27,especifica,baseline:597fcfa9,a81b6f5ca3a4f70c2cdbca1436fd138ccc84976ee981aa1726e3dff9ae4e4311,1235,108,0.00000000,N/A,
18ce5c27:CWE-319:false_positive#4,argoproj/argo-cd,CWE-319,FP,ollama:qwen2.5-coder:7b,baseline,seguro,DETECTADO,Semgrep FP (ruído sobre código seguro),FP,Verdadeiro Negativo (Acerto),6.64,"O alerta indica que o código está usando um servidor HTTP sem TLS, mas a linha em questão (linha 151) não é responsável por iniciar um servidor HTTP. Em vez disso, ela inicia um servidor de métricas usando `http.ListenAndServe`, que é configurado para usar TLS através da variável de ambiente `metricsPort`. Portanto, o alerta está incorretamente sinalizando uma vulnerabilidade em um código que não possui essa vulnerabilidade.",27,especifica,baseline:597fcfa9,a81b6f5ca3a4f70c2cdbca1436fd138ccc84976ee981aa1726e3dff9ae4e4311,1936,116,0.00000000,N/A,
18ce5c27:CWE-319:false_positive#5,argoproj/argo-cd,CWE-319,FP,ollama:qwen2.5-coder:7b,baseline,seguro,DETECTADO,Semgrep FP (ruído sobre código seguro),FP,Verdadeiro Negativo (Acerto),8.05,"O alerta indica que o código está usando um servidor HTTP sem TLS, sugerindo a substituição de `http.ListenAndServe` por `http.ListenAndServeTLS`. No entanto, no contexto fornecido, há uma verificação explícita para desabilitar o TLS (`if !disableTLS { ... }`). Se `disableTLS` for verdadeiro, o código não iniciará um servidor HTTP sem TLS. Portanto, este alerta é um FALSO POSITIVO porque a condição de desativação do TLS garante que o servidor HTTP seja iniciado com segurança.",27,especifica,baseline:597fcfa9,a81b6f5ca3a4f70c2cdbca1436fd138ccc84976ee981aa1726e3dff9ae4e4311,3299,138,0.00000000,N/A,
18ce5c27:CWE-319:false_positive#24,argoproj/argo-cd,CWE-319,FP,ollama:qwen2.5-coder:7b,baseline,seguro,DETECTADO,Semgrep FP (ruído sobre código seguro),FP,Verdadeiro Negativo (Acerto),5.56,"O código verifica se a verificação de certificado TLS/SSL está desabilitada e, em caso afirmativo, usa `insecure.NewCredentials()` para ignorar a verificação. No entanto, o código também verifica se a configuração `DisableTLS` é verdadeira antes de usar essa opção. Se `DisableTLS` for falso, a verificação de certificado TLS/SSL será realizada corretamente. Portanto, este código não constitui uma vulnerabilidade real.",27,especifica,baseline:597fcfa9,a81b6f5ca3a4f70c2cdbca1436fd138ccc84976ee981aa1726e3dff9ae4e4311,678,120,0.00000000,N/A,
18ce5c27:CWE-319:false_positive#25,argoproj/argo-cd,CWE-319,FP,ollama:qwen2.5-coder:7b,baseline,seguro,DETECTADO,Semgrep FP (ruído sobre código seguro),FP,Verdadeiro Negativo (Acerto),6.55,"O código não desabilita a verificação de TLS/SSL explicitamente. Em vez disso, ele usa uma variável booleana `insecureRedis` para controlar se a verificação de TLS deve ser ignorada. Se `insecureRedis` for verdadeiro, o campo `InsecureSkipVerify` do objeto `tls.Config` é definido como `true`. No entanto, isso não desabilita a verificação de TLS globalmente, apenas para conexões específicas onde `insecureRedis` for verdadeiro.",27,especifica,baseline:597fcfa9,a81b6f5ca3a4f70c2cdbca1436fd138ccc84976ee981aa1726e3dff9ae4e4311,1867,128,0.00000000,N/A,
18ce5c27:CWE-319:false_positive#26,argoproj/argo-cd,CWE-319,FP,ollama:qwen2.5-coder:7b,baseline,seguro,DETECTADO,Semgrep FP (ruído sobre código seguro),FP,Verdadeiro Negativo (Acerto),5.17,"O código verifica se o certificado do servidor DEX corresponde ao esperado. Embora `InsecureSkipVerify` esteja definido como `true`, isso ocorre apenas quando a verificação estrita está desativada (`!tlsConfig.StrictValidation`). Isso significa que, em casos normais de operação, a verificação TLS é realizada corretamente. Portanto, esta configuração não constitui uma vulnerabilidade real.",27,especifica,baseline:597fcfa9,a81b6f5ca3a4f70c2cdbca1436fd138ccc84976ee981aa1726e3dff9ae4e4311,454,110,0.00000000,N/A,
18ce5c27:CWE-322:false_positive,argoproj/argo-cd,CWE-322,FP,ollama:qwen2.5-coder:7b,baseline,seguro,DETECTADO,Semgrep FP (ruído sobre código seguro),VP,Falso Positivo (Ruído Mantido),4.82,"O código desabilita a verificação de chave do host SSH usando `ssh.InsecureIgnoreHostKey()`, o que expõe o sistema ao ataque man-in-the-middle. A ferramenta Semgrep corretoamente alerta sobre isso, pois ignorar a verificação de chave do host é uma prática insegura.",1,fallback,baseline:597fcfa9,a81b6f5ca3a4f70c2cdbca1436fd138ccc84976ee981aa1726e3dff9ae4e4311,884,86,0.00000000,N/A,
18ce5c27:CWE-327:false_positive,argoproj/argo-cd,CWE-327,FP,ollama:qwen2.5-coder:7b,baseline,seguro,DETECTADO,Semgrep FP (ruído sobre código seguro),FP,Verdadeiro Negativo (Acerto),6.09,"O alerta é um FALSO POSITIVO porque o código não configura explicitamente a versão mínima do TLS. O cliente HTTP criado usa `tls.Config{InsecureSkipVerify: true}`, que desativa a verificação de SSL/TLS, mas não define uma versão mínima para TLS. Isso é comumente usado em ambientes de desenvolvimento ou testes onde a segurança SSL/TLS não é um requisito crítico. No entanto, o código não viola diretamente as diretrizes de segurança recomendadas para produção, que sugerem usar TLS 1.3 como padrão.",13,especifica,baseline:597fcfa9,a81b6f5ca3a4f70c2cdbca1436fd138ccc84976ee981aa1726e3dff9ae4e4311,596,149,0.00000000,N/A,
18ce5c27:CWE-327:false_positive#1,argoproj/argo-cd,CWE-327,FP,ollama:qwen2.5-coder:7b,baseline,seguro,DETECTADO,Semgrep FP (ruído sobre código seguro),FP,Verdadeiro Negativo (Acerto),4.98,"O alerta é um FALSO POSITIVO porque o código não configura explicitamente a versão mínima do TLS. O cliente HTTP criado usa `tls.Config{InsecureSkipVerify: true}`, que desativa a verificação de SSL/TLS, mas não define uma versão mínima específica do protocolo TLS. Portanto, não há vulnerabilidade real relacionada à falta de configuração da versão mínima do TLS.",13,especifica,baseline:597fcfa9,a81b6f5ca3a4f70c2cdbca1436fd138ccc84976ee981aa1726e3dff9ae4e4311,608,110,0.00000000,N/A,
18ce5c27:CWE-327:false_positive#2,argoproj/argo-cd,CWE-327,FP,ollama:qwen2.5-coder:7b,baseline,seguro,DETECTADO,Semgrep FP (ruído sobre código seguro),FP,Verdadeiro Negativo (Acerto),5.65,"O código fornecido não configura explicitamente a versão mínima do TLS. A função `getTLSConfigWithCACert` cria uma instância de `tls.Config`, mas não define o campo `MinVersion`. No entanto, conforme mencionado no alerta, como o Go 1.22 usa TLS 1.2 por padrão e as aplicações de propósito geral devem usar TLS 1.3 com todas as outras versões desabilitadas, a ausência explícita de `MinVersion` não constitui uma vulnerabilidade neste contexto.",13,especifica,baseline:597fcfa9,a81b6f5ca3a4f70c2cdbca1436fd138ccc84976ee981aa1726e3dff9ae4e4311,648,138,0.00000000,N/A,
18ce5c27:CWE-327:false_positive#3,argoproj/argo-cd,CWE-327,FP,ollama:qwen2.5-coder:7b,baseline,seguro,DETECTADO,Semgrep FP (ruído sobre código seguro),FP,Verdadeiro Negativo (Acerto),6.09,"O alerta indica que a versão mínima do TLS deve ser definida como TLS 1.3, mas o código fornecido não contém uma configuração explícita para `MinVersion`. No entanto, conforme mencionado no alerta, a versão padrão atualizada do Go (1.22) já usa TLS 1.2 como a versão mínima. Como o código não desativa outras versões de TLS e não há indicação de que o sistema precisa suportar clientes ou navegadores legados com versões inseguras, é improvável que haja uma vulnerabilidade real nesse contexto.",13,especifica,baseline:597fcfa9,a81b6f5ca3a4f70c2cdbca1436fd138ccc84976ee981aa1726e3dff9ae4e4311,769,153,0.00000000,N/A,
18ce5c27:CWE-327:false_positive#4,argoproj/argo-cd,CWE-327,FP,ollama:qwen2.5-coder:7b,baseline,seguro,DETECTADO,Semgrep FP (ruído sobre código seguro),FP,Verdadeiro Negativo (Acerto),5.59,"O alerta indica que a versão mínima do TLS não foi definida, o que é considerado uma boa prática de segurança. No entanto, no contexto fornecido, a configuração TLS parece estar correta e segura, já que ela usa `NextProtos: []string{",13,especifica,baseline:597fcfa9,a81b6f5ca3a4f70c2cdbca1436fd138ccc84976ee981aa1726e3dff9ae4e4311,2047,80,0.00000000,N/A,
18ce5c27:CWE-327:false_positive#5,argoproj/argo-cd,CWE-327,FP,ollama:qwen2.5-coder:7b,baseline,seguro,DETECTADO,Semgrep FP (ruído sobre código seguro),FP,Verdadeiro Negativo (Acerto),7.42,"O alerta indica que a configuração TLS está faltando o valor `MinVersion`, mas o código não cria uma instância de `tls.Config` diretamente. Em vez disso, ele verifica se `redisUseTLS` é verdadeiro e então configura as opções de TLS dentro do bloco `if redisUseTLS`. Se `redisUseTLS` for falso, a variável `tlsConfig` permanecerá como `nil`, o que significa que não haverá uma configuração TLS aplicada. Portanto, este código não apresenta uma vulnerabilidade real relacionada à falta de configuração mínima da versão TLS.",13,especifica,baseline:597fcfa9,a81b6f5ca3a4f70c2cdbca1436fd138ccc84976ee981aa1726e3dff9ae4e4311,1958,155,0.00000000,N/A,
18ce5c27:CWE-327:false_positive#6,argoproj/argo-cd,CWE-327,FP,ollama:qwen2.5-coder:7b,baseline,seguro,DETECTADO,Semgrep FP (ruído sobre código seguro),FP,Verdadeiro Negativo (Acerto),5.52,"O alerta é um FALSO POSITIVO porque o código não configura explicitamente a versão mínima do TLS. A função `TLSConfig` retorna uma configuração de TLS que, por padrão, usa a versão mínima suportada pelo Go (TLS 1.2), conforme mencionado no alerta. O código não desativa outras versões do TLS ou define explicitamente `MinVersion: tls.VersionTLS13`, o que é necessário para atender ao recomendado no alerta.",13,especifica,baseline:597fcfa9,a81b6f5ca3a4f70c2cdbca1436fd138ccc84976ee981aa1726e3dff9ae4e4311,545,127,0.00000000,N/A,
18ce5c27:CWE-327:false_positive#7,argoproj/argo-cd,CWE-327,FP,ollama:qwen2.5-coder:7b,baseline,seguro,DETECTADO,Semgrep FP (ruído sobre código seguro),FP,Verdadeiro Negativo (Acerto),6.45,"O alerta indica que a versão mínima do TLS deve ser definida como TLS 1.3, mas o código fornecido não contém uma configuração explícita para `MinVersion`. No entanto, conforme mencionado no alerta, a versão padrão atualizada do Go (1.22) já usa TLS 1.2 como a versão mínima. Como o código não desativa outras versões de TLS e não há indicação de que o sistema precisa suportar clientes ou navegadores legados com versões inseguras, é improvável que essa ausência de configuração explícita para `MinVersion` seja uma vulnerabilidade real.",13,especifica,baseline:597fcfa9,a81b6f5ca3a4f70c2cdbca1436fd138ccc84976ee981aa1726e3dff9ae4e4311,920,164,0.00000000,N/A,
18ce5c27:CWE-327:false_positive#8,argoproj/argo-cd,CWE-327,FP,ollama:qwen2.5-coder:7b,baseline,seguro,DETECTADO,Semgrep FP (ruído sobre código seguro),FP,Verdadeiro Negativo (Acerto),6.20,"O alerta indica que a configuração TLS está faltando o valor `MinVersion`, o que é considerado uma boa prática de segurança. No entanto, no contexto fornecido, a função `TestTLS` não está configurando um servidor real para produção, mas sim realizando testes de conexão. A função desativa a verificação de certificado (`InsecureSkipVerify = true`) e realiza várias tentativas de conexão, incluindo uma com TLS e outra sem TLS. O objetivo é verificar se o servidor aceita conexões seguras ou não. Portanto, este código não representa uma vulnerabilidade real em um ambiente de produção.",13,especifica,baseline:597fcfa9,a81b6f5ca3a4f70c2cdbca1436fd138ccc84976ee981aa1726e3dff9ae4e4311,822,155,0.00000000,N/A,
18ce5c27:CWE-327:false_positive#9,argoproj/argo-cd,CWE-327,FP,ollama:qwen2.5-coder:7b,baseline,seguro,DETECTADO,Semgrep FP (ruído sobre código seguro),FP,Verdadeiro Negativo (Acerto),5.20,"O alerta indica que a versão mínima do TLS deve ser definida como TLS 1.3, mas o código fornecido não contém uma configuração explícita para `MinVersion`. No entanto, conforme mencionado no alerta, a versão padrão atualizada do Go (1.22) já usa TLS 1.2 como a versão mínima. Portanto, neste contexto específico, o código não constitui uma vulnerabilidade.",13,especifica,baseline:597fcfa9,a81b6f5ca3a4f70c2cdbca1436fd138ccc84976ee981aa1726e3dff9ae4e4311,662,118,0.00000000,N/A,
18ce5c27:CWE-327:false_positive#10,argoproj/argo-cd,CWE-327,FP,ollama:qwen2.5-coder:7b,baseline,seguro,DETECTADO,Semgrep FP (ruído sobre código seguro),FP,Verdadeiro Negativo (Acerto),5.83,"O alerta indica que a versão mínima do TLS deve ser definida como TLS 1.3, mas o código fornecido não contém uma configuração específica para a versão do TLS. No entanto, conforme mencionado no alerta, a versão padrão do Go 1.22 já usa TLS 1.2 como a mínima. Como o código não desativa outros protocolos TLS e não há indicação de necessidade de suporte a clientes legados que requerem versões mais antigas do TLS, este código não constitui uma vulnerabilidade.",13,especifica,baseline:597fcfa9,a81b6f5ca3a4f70c2cdbca1436fd138ccc84976ee981aa1726e3dff9ae4e4311,792,142,0.00000000,N/A,
18ce5c27:CWE-327:false_positive#11,argoproj/argo-cd,CWE-327,FP,ollama:qwen2.5-coder:7b,baseline,seguro,DETECTADO,Semgrep FP (ruído sobre código seguro),FP,Verdadeiro Negativo (Acerto),5.51,"O código fornecido não configura explicitamente a versão mínima do TLS, mas isso não constitui uma vulnerabilidade. A função `TLSConfig` retorna um objeto `tls.Config` com apenas o campo `RootCAs` configurado. O alerta é sobre a ausência de `MinVersion`, que por padrão no Go 1.22 é TLS 1.2. Como o código não desativa outros protocolos e não habilita TLS 1.0, ele segue as recomendações de segurança para versões atuais do Go.",13,especifica,baseline:597fcfa9,a81b6f5ca3a4f70c2cdbca1436fd138ccc84976ee981aa1726e3dff9ae4e4311,503,136,0.00000000,N/A,
18ce5c27:CWE-327:false_positive#12,argoproj/argo-cd,CWE-327,FP,ollama:qwen2.5-coder:7b,baseline,seguro,DETECTADO,Semgrep FP (ruído sobre código seguro),FP,Verdadeiro Negativo (Acerto),6.74,"O alerta indica que a versão mínima do protocolo SSL/TLS não foi definida na configuração TLS. No entanto, o código fornecido não contém nenhuma configuração de TLS explícita. A função `CreateServerTLSConfig` retorna uma instância de `tls.Config` sem especificar a versão mínima do protocolo SSL/TLS. Isso significa que, por padrão, o Go usará a versão mínima suportada, que é TLS 1.2 desde a versão 1.22. Como não há nenhuma configuração específica para desabilitar ou alterar a versão mínima do protocolo SSL/TLS, este alerta pode ser considerado um falso positivo.",13,especifica,baseline:597fcfa9,a81b6f5ca3a4f70c2cdbca1436fd138ccc84976ee981aa1726e3dff9ae4e4311,841,180,0.00000000,N/A,
18ce5c27:CWE-338:false_positive,argoproj/argo-cd,CWE-338,FP,ollama:qwen2.5-coder:7b,baseline,seguro,DETECTADO,Semgrep FP (ruído sobre código seguro),FP,Verdadeiro Negativo (Acerto),6.21,"O alerta é um FALSO POSITIVO porque o código não está utilizando a função `math/rand` diretamente. Em vez disso, o pacote `math/rand` é importado e usado em uma linha comentada (linha 10), que parece ser um exemplo ou comentário de código. A função `rand.Intn()` é chamada dentro de um bloco condicional que verifica se a variável `seeded` é falsa, o que sugere que este código está preparando uma semente para gerar números aleatórios de forma segura usando `crypto/rand`. Portanto, não há evidências de uso inseguro da função `math/rand`.",3,especifica,baseline:597fcfa9,a81b6f5ca3a4f70c2cdbca1436fd138ccc84976ee981aa1726e3dff9ae4e4311,539,160,0.00000000,N/A,
18ce5c27:CWE-338:false_positive#1,argoproj/argo-cd,CWE-338,FP,ollama:qwen2.5-coder:7b,baseline,seguro,DETECTADO,Semgrep FP (ruído sobre código seguro),FP,Verdadeiro Negativo (Acerto),5.46,"O alerta é um FALSO POSITIVO neste contexto. A ferramenta Semgrep está sinalizando o uso de `math/rand`, mas em um ambiente de aplicação Go, especialmente em sistemas que lidam com segurança (como Argo CD), é mais seguro e recomendado usar `crypto/rand` para geração de números aleatórios criptograficamente seguros. No entanto, neste código específico, não há evidências de uso inadequado ou vulnerabilidade relacionada à geração de números aleatórios.",3,especifica,baseline:597fcfa9,a81b6f5ca3a4f70c2cdbca1436fd138ccc84976ee981aa1726e3dff9ae4e4311,491,128,0.00000000,N/A,
18ce5c27:CWE-338:false_positive#2,argoproj/argo-cd,CWE-338,FP,ollama:qwen2.5-coder:7b,baseline,seguro,DETECTADO,Semgrep FP (ruído sobre código seguro),VP,Falso Positivo (Ruído Mantido),4.77,"O alerta indica que o código está usando a biblioteca `math/rand`, que não é segura para uso em contextos onde segurança é crítica, como geração de números aleatórios para autenticação ou criptografia. A ferramenta recomenda usar `crypto/rand` em vez disso, pois ela fornece geradores de números aleatórios cryptograficamente seguros.",3,especifica,baseline:597fcfa9,a81b6f5ca3a4f70c2cdbca1436fd138ccc84976ee981aa1726e3dff9ae4e4311,544,99,0.00000000,N/A,
18ce5c27:CWE-352:false_positive,argoproj/argo-cd,CWE-352,FP,ollama:qwen2.5-coder:7b,baseline,seguro,DETECTADO,Semgrep FP (ruído sobre código seguro),FP,Verdadeiro Negativo (Acerto),5.32,"O código fornecido não verifica o cabeçalho 'Origin' na requisição WebSocket, mas isso não constitui uma vulnerabilidade de Cross Site Request Forgery (CSRF) porque a verificação do 'Origin' é geralmente realizada em endpoints HTTP regulares e não em conexões WebSocket. Além disso, a ferramenta Semgrep está configurada para emitir um alerta nesse contexto específico, mas o padrão não constitui uma vulnerabilidade real neste caso.",1,especifica,baseline:597fcfa9,a81b6f5ca3a4f70c2cdbca1436fd138ccc84976ee981aa1726e3dff9ae4e4311,528,119,0.00000000,N/A,
18ce5c27:CWE-377:false_positive,argoproj/argo-cd,CWE-377,FP,ollama:qwen2.5-coder:7b,baseline,seguro,DETECTADO,Semgrep FP (ruído sobre código seguro),FP,Verdadeiro Negativo (Acerto),5.39,"O código cria arquivos temporários em um diretório compartilhado (/tmp), mas usa a função `os.WriteFile` para escrever os arquivos, que é considerada uma prática segura nesse contexto. A ferramenta Semgrep está alertando sobre o uso de `/tmp`, mas não há evidências de que isso seja uma vulnerabilidade específica neste caso.",1,fallback,baseline:597fcfa9,a81b6f5ca3a4f70c2cdbca1436fd138ccc84976ee981aa1726e3dff9ae4e4311,1272,95,0.00000000,N/A,
18ce5c27:CWE-400:false_positive,argoproj/argo-cd,CWE-400,FP,ollama:qwen2.5-coder:7b,baseline,seguro,DETECTADO,Semgrep FP (ruído sobre código seguro),FP,Verdadeiro Negativo (Acerto),5.74,"O código implementa um mecanismo de proteção contra ataques de bomba de descompressão (zip bombs) ao limitar o tamanho máximo de leitura (`io.LimitReader(gzr, maxSize)`). Isso mitiga a possibilidade de ataques de DoS causados por arquivos zip muito grandes. Portanto, o alerta é um FALSO POSITIVO porque o código já contém uma medida eficaz para prevenir esse tipo de ataque.",1,fallback,baseline:597fcfa9,a81b6f5ca3a4f70c2cdbca1436fd138ccc84976ee981aa1726e3dff9ae4e4311,955,119,0.00000000,N/A,
18ce5c27:CWE-470:false_positive,argoproj/argo-cd,CWE-470,FP,ollama:qwen2.5-coder:7b,baseline,seguro,DETECTADO,Semgrep FP (ruído sobre código seguro),FP,Verdadeiro Negativo (Acerto),4.44,"O uso de `reflect.ValueOf(rs).Elem().FieldByName(field)` é seguro neste contexto porque os nomes dos campos são constantes e definidos no código. O atacante não pode alterar esses nomes, então não há risco de controle de fluxo inesperado ou violação de segurança.",1,especifica,baseline:597fcfa9,a81b6f5ca3a4f70c2cdbca1436fd138ccc84976ee981aa1726e3dff9ae4e4311,451,83,0.00000000,N/A,
18ce5c27:CWE-601:false_positive,argoproj/argo-cd,CWE-601,FP,ollama:qwen2.5-coder:7b,baseline,seguro,DETECTADO,Semgrep FP (ruído sobre código seguro),FP,Verdadeiro Negativo (Acerto),5.34,"O alerta é um FALSO POSITIVO porque o código não está utilizando diretamente a entrada do usuário para criar uma URL de redirecionamento aberta. A variável `logoutRedirectURL` é definida como uma URL base (`argoURL`) que não depende da entrada do usuário. O redirecionamento ocorre apenas para essa URL base, e não para qualquer URL fornecida pelo usuário.",3,especifica,baseline:597fcfa9,a81b6f5ca3a4f70c2cdbca1436fd138ccc84976ee981aa1726e3dff9ae4e4311,1010,104,0.00000000,N/A,
18ce5c27:CWE-601:false_positive#1,argoproj/argo-cd,CWE-601,FP,ollama:qwen2.5-coder:7b,baseline,seguro,DETECTADO,Semgrep FP (ruído sobre código seguro),FP,Verdadeiro Negativo (Acerto),4.83,"O código não está vulnerável a redirecionamento aberto (open redirect) porque o valor de `req.Host` é usado diretamente como parte da URL de destino, sem ser manipulado ou alterado pelo usuário. O alerta foi acionado por uma prática comum em servidores web que redirecionam para a mesma origem do pedido.",3,especifica,baseline:597fcfa9,a81b6f5ca3a4f70c2cdbca1436fd138ccc84976ee981aa1726e3dff9ae4e4311,588,92,0.00000000,N/A,
18ce5c27:CWE-601:false_positive#2,argoproj/argo-cd,CWE-601,FP,ollama:qwen2.5-coder:7b,baseline,seguro,DETECTADO,Semgrep FP (ruído sobre código seguro),FP,Verdadeiro Negativo (Acerto),4.96,"O código verifica se o valor de `return_url` é válido antes de usá-lo para redirecionar. A função `isValidRedirectURL` garante que o protocolo, o host (incluindo a porta) e o caminho da URL estejam dentro dos domínios permitidos. Portanto, não há risco de open redirect neste código.",3,especifica,baseline:597fcfa9,a81b6f5ca3a4f70c2cdbca1436fd138ccc84976ee981aa1726e3dff9ae4e4311,857,93,0.00000000,N/A,
18ce5c27:CWE-614:false_positive,argoproj/argo-cd,CWE-614,FP,ollama:qwen2.5-coder:7b,baseline,seguro,DETECTADO,Semgrep FP (ruído sobre código seguro),FP,Verdadeiro Negativo (Acerto),5.57,"O alerta indica que a cookie de sessão não tem o 'Secure' flag definido, o que pode levar à transmissão da cookie por canais inseguros. No entanto, no contexto fornecido, a função `ServeHTTP` está redirecionando para uma URL segura (`http://` é automaticamente redirecionado para `https`). Portanto, não há risco real de transmissão insegura da cookie.",2,especifica,baseline:597fcfa9,a81b6f5ca3a4f70c2cdbca1436fd138ccc84976ee981aa1726e3dff9ae4e4311,989,112,0.00000000,N/A,
18ce5c27:CWE-614:false_positive#1,argoproj/argo-cd,CWE-614,FP,ollama:qwen2.5-coder:7b,baseline,seguro,DETECTADO,Semgrep FP (ruído sobre código seguro),VP,Falso Positivo (Ruído Mantido),5.98,"O alerta é um VERDADEIRO POSITIVO (VP) porque o código não está configurando a bandeira 'Secure' para o cookie de sessão. A bandeira 'Secure' deve ser definida como 'true' para garantir que o cookie só seja transmitido por canais seguros, como HTTPS. No contexto fornecido, a variável `a.secureCookie` é usada para determinar se a bandeira 'Secure' deve ser definida, mas não há uma verificação explícita de seu valor ou garantia de que ele esteja sendo configurado corretamente.",2,especifica,baseline:597fcfa9,a81b6f5ca3a4f70c2cdbca1436fd138ccc84976ee981aa1726e3dff9ae4e4311,610,145,0.00000000,N/A,
18ce5c27:CWE-665:false_positive,argoproj/argo-cd,CWE-665,FP,ollama:qwen2.5-coder:7b,baseline,seguro,DETECTADO,Semgrep FP (ruído sobre código seguro),FP,Verdadeiro Negativo (Acerto),6.35,"O alerta indica que a variável `resp` pode ser modificada e usada posteriormente em caso de erro, o que poderia resultar em um panic devido a uma desreferência nula. No entanto, no contexto fornecido, isso não constitui uma vulnerabilidade real. A função verifica se `resp.StatusCode` é igual a `http.StatusNotFound`, e se for, ela retorna um slice vazio sem tentar acessar qualquer campo de `resp`. Além disso, em caso de erro genérico, a função simplesmente retorna o erro, evitando uma desreferência nula. Portanto, este alerta é um FALSO POSITIVO.",4,especifica,baseline:597fcfa9,a81b6f5ca3a4f70c2cdbca1436fd138ccc84976ee981aa1726e3dff9ae4e4311,590,162,0.00000000,N/A,
18ce5c27:CWE-665:false_positive#1,argoproj/argo-cd,CWE-665,FP,ollama:qwen2.5-coder:7b,baseline,seguro,DETECTADO,Semgrep FP (ruído sobre código seguro),FP,Verdadeiro Negativo (Acerto),5.51,"O alerta indica que a iteração ocorre sobre um mapa `orphanedNodesMap`, mas o código verifica se o mapa está vazio antes de iterá-lo. Se o mapa estiver vazio, a iteração não ocorrerá e, portanto, não há risco de acessar uma chave inexistente.",4,especifica,baseline:597fcfa9,a81b6f5ca3a4f70c2cdbca1436fd138ccc84976ee981aa1726e3dff9ae4e4311,1634,86,0.00000000,N/A,
18ce5c27:CWE-665:false_positive#2,argoproj/argo-cd,CWE-665,FP,ollama:qwen2.5-coder:7b,baseline,seguro,DETECTADO,Semgrep FP (ruído sobre código seguro),FP,Verdadeiro Negativo (Acerto),5.34,"O alerta é um FALSO POSITIVO porque, embora o código itere sobre uma mapeia (`repoRefs`), isso não constitui necessariamente uma vulnerabilidade. A verificação de se a mapeia está vazia ocorre antes do loop e, se estiver vazia, o código dentro do loop não será executado. Além disso, o código atualiza os valores da mapeia apenas se ela não estiver vazia.",4,especifica,baseline:597fcfa9,a81b6f5ca3a4f70c2cdbca1436fd138ccc84976ee981aa1726e3dff9ae4e4311,659,115,0.00000000,N/A,
18ce5c27:CWE-665:false_positive#3,argoproj/argo-cd,CWE-665,FP,ollama:qwen2.5-coder:7b,baseline,seguro,DETECTADO,Semgrep FP (ruído sobre código seguro),FP,Verdadeiro Negativo (Acerto),5.64,"O alerta indica que a variável `r` pode ser modificada e usada posteriormente em caso de erro. No entanto, no contexto fornecido, se ocorrer um erro durante o processamento de um segredo, a função retorna imediatamente com o erro original, evitando qualquer uso potencial de uma referência nula (`nil`) para `r`. Além disso, a variável `r` é inicializada dentro do loop e não é modificada fora dele. Portanto, esta situação não constitui uma vulnerabilidade real.",4,especifica,baseline:597fcfa9,a81b6f5ca3a4f70c2cdbca1436fd138ccc84976ee981aa1726e3dff9ae4e4311,524,135,0.00000000,N/A,
18ce5c27:CWE-667:false_positive,argoproj/argo-cd,CWE-667,FP,ollama:qwen2.5-coder:7b,baseline,seguro,DETECTADO,Semgrep FP (ruído sobre código seguro),FP,Verdadeiro Negativo (Acerto),4.28,"O código não possui um `return` que possa causar uma condição de deadlock. A função `reconnect()` sempre retorna após o desbloqueio do mutex, garantindo que a variável `t.writeLock` seja desbloqueada antes da saída da função.",1,especifica,baseline:597fcfa9,a81b6f5ca3a4f70c2cdbca1436fd138ccc84976ee981aa1726e3dff9ae4e4311,465,76,0.00000000,N/A,
18ce5c27:CWE-94:false_positive,argoproj/argo-cd,CWE-94,FP,ollama:qwen2.5-coder:7b,baseline,seguro,DETECTADO,Semgrep FP (ruído sobre código seguro),FP,Verdadeiro Negativo (Acerto),5.06,"O código não executa comandos dinâmicos fornecidos pelo usuário. A função `command` é usada para criar um comando que será executado, mas o caminho do executável (`name`) e os argumentos (`arg...`) são fixos e definidos dentro da função. Não há evidências de que esses valores sejam obtidos ou modificados por entrada do usuário, tornando este código seguro contra injeção de comandos.",6,especifica,baseline:597fcfa9,a81b6f5ca3a4f70c2cdbca1436fd138ccc84976ee981aa1726e3dff9ae4e4311,453,114,0.00000000,N/A,
18ce5c27:CWE-94:false_positive#1,argoproj/argo-cd,CWE-94,FP,ollama:qwen2.5-coder:7b,baseline,seguro,DETECTADO,Semgrep FP (ruído sobre código seguro),FP,Verdadeiro Negativo (Acerto),5.15,"O código não está executando comandos dinâmicos fornecidos pelo usuário. A função `runCommand` espera um objeto `Command` que contém o comando a ser executado como uma string fixa, e os argumentos também são passados como parâmetros da função. Não há evidências de que o código esteja sujeito a injeção de comandos maliciosos.",6,especifica,baseline:597fcfa9,a81b6f5ca3a4f70c2cdbca1436fd138ccc84976ee981aa1726e3dff9ae4e4311,865,102,0.00000000,N/A,
18ce5c27:CWE-94:false_positive#2,argoproj/argo-cd,CWE-94,FP,ollama:qwen2.5-coder:7b,baseline,seguro,DETECTADO,Semgrep FP (ruído sobre código seguro),FP,Verdadeiro Negativo (Acerto),5.42,"O alerta é um FALSO POSITIVO porque o código não executa comandos externos diretamente. Em vez disso, ele usa a função `exec.Command` para iniciar uma sessão de edição interativa em um editor de texto especificado pelo usuário (ou padrão). O comando do editor é definido por variáveis que são controladas pelo sistema operacional e não pelo código-fonte. Portanto, não há risco de injeção de comandos maliciosos.",6,especifica,baseline:597fcfa9,a81b6f5ca3a4f70c2cdbca1436fd138ccc84976ee981aa1726e3dff9ae4e4311,580,122,0.00000000,N/A,
18ce5c27:CWE-94:false_positive#3,argoproj/argo-cd,CWE-94,FP,ollama:qwen2.5-coder:7b,baseline,seguro,DETECTADO,Semgrep FP (ruído sobre código seguro),FP,Verdadeiro Negativo (Acerto),4.22,O código não executa comandos dinâmicos fornecidos pelo usuário. A função `exec.Command` é chamada com argumentos estáticos (`name` e `arg...`). Não há evidências de que o código esteja sujeito a injeção de comandos maliciosos.,6,especifica,baseline:597fcfa9,a81b6f5ca3a4f70c2cdbca1436fd138ccc84976ee981aa1726e3dff9ae4e4311,347,82,0.00000000,N/A,
18ce5c27:CWE-94:false_positive#4,argoproj/argo-cd,CWE-94,FP,ollama:qwen2.5-coder:7b,baseline,seguro,DETECTADO,Semgrep FP (ruído sobre código seguro),FP,Verdadeiro Negativo (Acerto),4.88,"O código não executa comandos dinâmicos fornecidos pelo usuário. A variável 'wrapper' é um parâmetro fixo que representa o executável a ser chamado, enquanto 'args' são argumentos adicionais passados para esse executável. Não há evidências de que esses valores sejam obtidos do usuário ou possam ser alterados por ele, tornando este código seguro contra injeção de comandos.",6,especifica,baseline:597fcfa9,a81b6f5ca3a4f70c2cdbca1436fd138ccc84976ee981aa1726e3dff9ae4e4311,383,111,0.00000000,N/A,
18ce5c27:CWE-94:false_positive#5,argoproj/argo-cd,CWE-94,FP,ollama:qwen2.5-coder:7b,baseline,seguro,DETECTADO,Semgrep FP (ruído sobre código seguro),FP,Verdadeiro Negativo (Acerto),7.41,"O alerta é um FALSO POSITIVO porque o código não executa comandos externos diretamente. Em vez disso, ele cria objetos de comando (`exec.Command`) que são então executados por uma função separada (`executil.Run`). O conteúdo dos comandos é construído a partir de parâmetros controlados pelo sistema e não contém dados fornecidos pelo usuário sem validação adicional. Portanto, não há risco de injeção de código.",6,especifica,baseline:597fcfa9,a81b6f5ca3a4f70c2cdbca1436fd138ccc84976ee981aa1726e3dff9ae4e4311,3138,121,0.00000000,N/A,
5e5c4b7d:CWE-1004:false_positive,argoproj/argo-cd,CWE-1004,FP,ollama:qwen2.5-coder:7b,baseline,seguro,DETECTADO,Semgrep FP (ruído sobre código seguro),VP,Falso Positivo (Ruído Mantido),5.75,"O alerta é um VERDADEIRO POSITIVO (VP) porque o código não está configurando a bandeira 'HttpOnly' para os cookies de sessão. A ausência desta bandeira pode permitir que scripts do lado do cliente leiam os cookies, o que aumenta o risco de ataques XSS (Cross-Site Scripting). É recomendável adicionar a bandeira 'HttpOnly' ao definir os cookies de sessão para mitigar esse risco.",1,especifica,baseline:597fcfa9,a81b6f5ca3a4f70c2cdbca1436fd138ccc84976ee981aa1726e3dff9ae4e4311,1001,118,0.00000000,N/A,
5e5c4b7d:CWE-115:false_positive,argoproj/argo-cd,CWE-115,FP,ollama:qwen2.5-coder:7b,baseline,seguro,DETECTADO,Semgrep FP (ruído sobre código seguro),FP,Verdadeiro Negativo (Acerto),4.81,O alerta é um FALSO POSITIVO porque o código está usando `ReverseProxy.Director` de forma correta para configurar a solicitação de destino. O uso de `Director` é o padrão recomendado para modificar as solicitações antes que sejam encaminhadas ao servidor de destino. A ferramenta Semgrep está incorretamente sinalizando isso como uma vulnerabilidade.,2,especifica,baseline:597fcfa9,a81b6f5ca3a4f70c2cdbca1436fd138ccc84976ee981aa1726e3dff9ae4e4311,455,103,0.00000000,N/A,
5e5c4b7d:CWE-115:false_positive#1,argoproj/argo-cd,CWE-115,FP,ollama:qwen2.5-coder:7b,baseline,seguro,DETECTADO,Semgrep FP (ruído sobre código seguro),FP,Verdadeiro Negativo (Acerto),5.18,"O alerta é um FALSO POSITIVO porque o código está usando `ReverseProxy.Director` de forma correta para modificar a solicitação antes de encaminhá-la ao servidor de destino. A função `decorateDirector` é chamada para adicionar ou modificar cabeçalhos conforme necessário, e isso não remove headers adicionados pelo `Director`. O uso de `ModifyResponse` para manipular a resposta do servidor de destino é adequado neste contexto.",2,especifica,baseline:597fcfa9,a81b6f5ca3a4f70c2cdbca1436fd138ccc84976ee981aa1726e3dff9ae4e4311,626,115,0.00000000,N/A,
5e5c4b7d:CWE-300:false_positive,argoproj/argo-cd,CWE-300,FP,ollama:qwen2.5-coder:7b,baseline,seguro,DETECTADO,Semgrep FP (ruído sobre código seguro),FP,Verdadeiro Negativo (Acerto),5.21,"O código fornecido não configura um servidor gRPC inseguro. Ele cria um servidor gRPC usando `grpc.NewServer()` sem especificar nenhuma credencial de segurança, o que é o comportamento padrão e seguro para servidores gRPC Unix. O alerta é uma falsa positiva porque o código não expõe a conexão ao público ou à internet, tornando-a insegura apenas em termos de comunicação interna no sistema local.",1,fallback,baseline:597fcfa9,a81b6f5ca3a4f70c2cdbca1436fd138ccc84976ee981aa1726e3dff9ae4e4311,439,117,0.00000000,N/A,
5e5c4b7d:CWE-319:false_positive,argoproj/argo-cd,CWE-319,FP,ollama:qwen2.5-coder:7b,baseline,seguro,DETECTADO,Semgrep FP (ruído sobre código seguro),FP,Verdadeiro Negativo (Acerto),5.55,"O código desabilita a verificação de certificados TLS/SSL apenas quando o parâmetro 'insecure' é verdadeiro. Isso ocorre em um contexto específico onde a insegurança é aceitável, como durante o desenvolvimento ou testes. O alerta foi acionado por uma ferramenta que considera qualquer desabilitação de verificação de certificados TLS/SSL como potencialmente perigosa, mas neste caso, a desativação ocorre apenas em um cenário controlado e não constitui uma vulnerabilidade real.",23,especifica,baseline:597fcfa9,a81b6f5ca3a4f70c2cdbca1436fd138ccc84976ee981aa1726e3dff9ae4e4311,505,134,0.00000000,N/A,
5e5c4b7d:CWE-319:false_positive#1,argoproj/argo-cd,CWE-319,FP,ollama:qwen2.5-coder:7b,baseline,seguro,DETECTADO,Semgrep FP (ruído sobre código seguro),FP,Verdadeiro Negativo (Acerto),5.88,"O código desabilita a verificação de certificados TLS/SSL apenas quando o parâmetro 'insecure' é verdadeiro. Isso é aceitável em ambientes de desenvolvimento ou teste, onde a segurança pode ser comprometida por razões específicas (como testes de integração contínua). No entanto, no contexto normal de produção, essa prática deve ser evitada para evitar vulnerabilidades a ataques de man-in-the-middle (MTM). O alerta é um falso positivo porque o código não constitui uma vulnerabilidade real em ambientes de produção configurados corretamente.",23,especifica,baseline:597fcfa9,a81b6f5ca3a4f70c2cdbca1436fd138ccc84976ee981aa1726e3dff9ae4e4311,517,149,0.00000000,N/A,
5e5c4b7d:CWE-319:false_positive#2,argoproj/argo-cd,CWE-319,FP,ollama:qwen2.5-coder:7b,baseline,seguro,DETECTADO,Semgrep FP (ruído sobre código seguro),FP,Verdadeiro Negativo (Acerto),5.53,"O alerta indica que o código está iniciando um servidor HTTP sem TLS, o que é uma prática insegura. No entanto, no contexto fornecido, a função `startWebhookServer` não está sendo usada para servir conteúdo público ou acessível pela internet. Em vez disso, ela parece ser usada internamente dentro do cluster Kubernetes, onde a comunicação entre componentes é geralmente segurada por outros métodos (como o uso de Service Accounts e RBAC). Portanto, neste contexto específico, não há uma vulnerabilidade real.",23,especifica,baseline:597fcfa9,a81b6f5ca3a4f70c2cdbca1436fd138ccc84976ee981aa1726e3dff9ae4e4311,399,135,0.00000000,N/A,
5e5c4b7d:CWE-319:false_positive#3,argoproj/argo-cd,CWE-319,FP,ollama:qwen2.5-coder:7b,baseline,seguro,DETECTADO,Semgrep FP (ruído sobre código seguro),FP,Verdadeiro Negativo (Acerto),6.83,"O alerta indica a necessidade de usar 'http.ListenAndServeTLS' em vez de 'http.ListenAndServe', mas o código fornecido não está configurado para servir HTTP sem TLS. O servidor é configurado para ouvir na porta especificada usando 'net.Listen(",23,especifica,baseline:597fcfa9,a81b6f5ca3a4f70c2cdbca1436fd138ccc84976ee981aa1726e3dff9ae4e4311,1235,190,0.00000000,N/A,
5e5c4b7d:CWE-319:false_positive#4,argoproj/argo-cd,CWE-319,FP,ollama:qwen2.5-coder:7b,baseline,seguro,DETECTADO,Semgrep FP (ruído sobre código seguro),FP,Verdadeiro Negativo (Acerto),6.04,"O alerta indica que o código está usando um servidor HTTP sem TLS, mas a linha em questão (linha 150) não é responsável por iniciar um servidor HTTP. Em vez disso, ela inicia um servidor de métricas usando `http.ListenAndServe`, que é configurado para usar TLS através da variável de ambiente `metricsPort`. Portanto, o alerta está incorreto neste contexto.",23,especifica,baseline:597fcfa9,a81b6f5ca3a4f70c2cdbca1436fd138ccc84976ee981aa1726e3dff9ae4e4311,1908,103,0.00000000,N/A,
5e5c4b7d:CWE-319:false_positive#5,argoproj/argo-cd,CWE-319,FP,ollama:qwen2.5-coder:7b,baseline,seguro,DETECTADO,Semgrep FP (ruído sobre código seguro),FP,Verdadeiro Negativo (Acerto),7.98,"O alerta indica que o código está usando um servidor HTTP sem TLS, sugerindo a substituição de `http.ListenAndServe` por `http.ListenAndServeTLS`. No entanto, no contexto fornecido, há uma verificação condicional para desabilitar o TLS (`if !disableTLS { ... }`). Se `disableTLS` for verdadeiro, o código não iniciará um servidor HTTP sem TLS. Portanto, neste caso específico, a falta de uso de TLS não constitui uma vulnerabilidade.",23,especifica,baseline:597fcfa9,a81b6f5ca3a4f70c2cdbca1436fd138ccc84976ee981aa1726e3dff9ae4e4311,3629,121,0.00000000,N/A,
5e5c4b7d:CWE-319:false_positive#20,argoproj/argo-cd,CWE-319,FP,ollama:qwen2.5-coder:7b,baseline,seguro,DETECTADO,Semgrep FP (ruído sobre código seguro),FP,Verdadeiro Negativo (Acerto),6.50,"O código verifica se a verificação de TLS/SSL está desabilitada e, em caso afirmativo, usa `insecure.NewCredentials()` para ignorar a verificação. No entanto, o código também verifica se a configuração de TLS é estrita (`tlsConfig.StrictValidation`). Se for estrito, ele usa as certificações fornecidas em `tlsConfig.Certificates`. Portanto, a desativação da verificação de TLS/SSL só ocorre quando não há certificações fornecidas ou quando a verificação é estrita. Isso significa que o código não está desabilitando a verificação de TLS/SSL para fins de depuração, mas sim em situações específicas onde isso é seguro e necessário.",23,especifica,baseline:597fcfa9,a81b6f5ca3a4f70c2cdbca1436fd138ccc84976ee981aa1726e3dff9ae4e4311,663,174,0.00000000,N/A,
5e5c4b7d:CWE-319:false_positive#21,argoproj/argo-cd,CWE-319,FP,ollama:qwen2.5-coder:7b,baseline,seguro,DETECTADO,Semgrep FP (ruído sobre código seguro),FP,Verdadeiro Negativo (Acerto),5.19,"O código não desabilita a verificação de TLS/SSL explicitamente. Em vez disso, ele usa uma variável booleana `insecureRedis` para controlar se a verificação de TLS deve ser ignorada. Se `insecureRedis` for verdadeiro, o campo `InsecureSkipVerify` do objeto `tls.Config` é definido como `true`. No entanto, isso não desabilita a verificação de TLS globalmente, apenas para conexões específicas onde `insecureRedis` for verdadeiro.",23,especifica,baseline:597fcfa9,a81b6f5ca3a4f70c2cdbca1436fd138ccc84976ee981aa1726e3dff9ae4e4311,1867,128,0.00000000,N/A,
5e5c4b7d:CWE-319:false_positive#22,argoproj/argo-cd,CWE-319,FP,ollama:qwen2.5-coder:7b,baseline,seguro,DETECTADO,Semgrep FP (ruído sobre código seguro),FP,Verdadeiro Negativo (Acerto),4.19,"O código verifica se o certificado do servidor DEX corresponde ao esperado. Embora `InsecureSkipVerify` esteja definido como verdadeiro, isso é seguramente intencional e não constitui uma vulnerabilidade devido à verificação adicional de certificado.",23,especifica,baseline:597fcfa9,a81b6f5ca3a4f70c2cdbca1436fd138ccc84976ee981aa1726e3dff9ae4e4311,454,76,0.00000000,N/A,
5e5c4b7d:CWE-322:false_positive,argoproj/argo-cd,CWE-322,FP,ollama:qwen2.5-coder:7b,baseline,seguro,DETECTADO,Semgrep FP (ruído sobre código seguro),VP,Falso Positivo (Ruído Mantido),4.69,"O código desabilita a verificação de chave do host SSH usando `ssh.InsecureIgnoreHostKey()`, o que expõe o sistema ao ataque man-in-the-middle. A ferramenta Semgrep corretoamente alerta sobre isso, pois ignorar a verificação de chave do host é uma prática insegura.",1,fallback,baseline:597fcfa9,a81b6f5ca3a4f70c2cdbca1436fd138ccc84976ee981aa1726e3dff9ae4e4311,884,86,0.00000000,N/A,
5e5c4b7d:CWE-327:false_positive,argoproj/argo-cd,CWE-327,FP,ollama:qwen2.5-coder:7b,baseline,seguro,DETECTADO,Semgrep FP (ruído sobre código seguro),FP,Verdadeiro Negativo (Acerto),6.62,"O alerta é um FALSO POSITIVO porque o código não configura explicitamente a versão mínima do TLS. O cliente HTTP criado usa `tls.Config{InsecureSkipVerify: true}`, que desativa a verificação de SSL/TLS, mas não define uma versão mínima para TLS. Isso é comumente usado em ambientes de desenvolvimento ou teste onde a segurança SSL/TLS não é um requisito crítico. No entanto, o alerta sugere que a versão mínima do TLS deve ser definida como `tls.VersionTLS13` para melhorar a segurança. Como o código não está configurando uma versão mínima específica do TLS e sim desativando a verificação SSL/TLS, este alerta não constitui uma vulnerabilidade real neste contexto.",14,especifica,baseline:597fcfa9,a81b6f5ca3a4f70c2cdbca1436fd138ccc84976ee981aa1726e3dff9ae4e4311,596,188,0.00000000,N/A,
5e5c4b7d:CWE-327:false_positive#1,argoproj/argo-cd,CWE-327,FP,ollama:qwen2.5-coder:7b,baseline,seguro,DETECTADO,Semgrep FP (ruído sobre código seguro),FP,Verdadeiro Negativo (Acerto),5.27,"O alerta é um FALSO POSITIVO porque o código não configura explicitamente a versão mínima do TLS. O cliente HTTP criado usa `tls.Config{InsecureSkipVerify: true}`, que desativa a verificação de SSL/TLS em vez de definir uma versão mínima. Isso significa que, embora o alerta sugira a necessidade de configurar `MinVersion: tls.VersionTLS13`, o código fornecido não está violando essa recomendação específica.",14,especifica,baseline:597fcfa9,a81b6f5ca3a4f70c2cdbca1436fd138ccc84976ee981aa1726e3dff9ae4e4311,608,125,0.00000000,N/A,
5e5c4b7d:CWE-327:false_positive#2,argoproj/argo-cd,CWE-327,FP,ollama:qwen2.5-coder:7b,baseline,seguro,DETECTADO,Semgrep FP (ruído sobre código seguro),FP,Verdadeiro Negativo (Acerto),5.65,"O código fornecido não configura explicitamente a versão mínima do TLS. A função `getTLSConfigWithCACert` cria uma instância de `tls.Config`, mas não define o campo `MinVersion`. No entanto, conforme mencionado no alerta, como o Go 1.22 usa TLS 1.2 por padrão e as aplicações de propósito geral devem usar TLS 1.3 com todas as outras versões desabilitadas, a ausência explícita de `MinVersion` não constitui uma vulnerabilidade neste contexto.",14,especifica,baseline:597fcfa9,a81b6f5ca3a4f70c2cdbca1436fd138ccc84976ee981aa1726e3dff9ae4e4311,648,138,0.00000000,N/A,
5e5c4b7d:CWE-327:false_positive#3,argoproj/argo-cd,CWE-327,FP,ollama:qwen2.5-coder:7b,baseline,seguro,DETECTADO,Semgrep FP (ruído sobre código seguro),FP,Verdadeiro Negativo (Acerto),6.00,"O alerta indica que a versão mínima do TLS não foi definida, o que é considerado uma prática recomendada para segurança. No entanto, no contexto fornecido, a função `NewConnection` já está configurando um objeto `tls.Config` e passando-o para a conexão gRPC, o que sugere que a versão mínima do TLS foi definida de alguma forma. Além disso, a função não contém nenhuma lógica específica para desabilitar versões mais antigas do TLS, o que é consistente com a recomendação de usar TLS 1.3 por padrão.",14,especifica,baseline:597fcfa9,a81b6f5ca3a4f70c2cdbca1436fd138ccc84976ee981aa1726e3dff9ae4e4311,754,152,0.00000000,N/A,
5e5c4b7d:CWE-327:false_positive#4,argoproj/argo-cd,CWE-327,FP,ollama:qwen2.5-coder:7b,baseline,seguro,DETECTADO,Semgrep FP (ruído sobre código seguro),FP,Verdadeiro Negativo (Acerto),5.61,"O alerta indica que a versão mínima do TLS não foi definida, o que é considerado uma boa prática de segurança. No entanto, no contexto fornecido, a configuração TLS parece estar correta e segura, já que ela usa `NextProtos: []string{",14,especifica,baseline:597fcfa9,a81b6f5ca3a4f70c2cdbca1436fd138ccc84976ee981aa1726e3dff9ae4e4311,2118,80,0.00000000,N/A,
5e5c4b7d:CWE-327:false_positive#5,argoproj/argo-cd,CWE-327,FP,ollama:qwen2.5-coder:7b,baseline,seguro,DETECTADO,Semgrep FP (ruído sobre código seguro),FP,Verdadeiro Negativo (Acerto),5.90,"O alerta indica que a versão mínima do TLS não foi definida, o que é considerado uma boa prática de segurança. No entanto, no contexto fornecido, não há evidências de que essa falta de configuração esteja causando vulnerabilidades específicas ou comprometendo a segurança da aplicação. A função `AddCacheFlagsToCmd` configura um cliente Redis com TLS opcionalmente, e se o TLS for usado, as configurações padrão do Go (TLS 1.2) são aplicadas. Portanto, não há necessidade de definir explicitamente `MinVersion: tls.VersionTLS13` neste caso.",14,especifica,baseline:597fcfa9,a81b6f5ca3a4f70c2cdbca1436fd138ccc84976ee981aa1726e3dff9ae4e4311,1958,157,0.00000000,N/A,
5e5c4b7d:CWE-327:false_positive#6,argoproj/argo-cd,CWE-327,FP,ollama:qwen2.5-coder:7b,baseline,seguro,DETECTADO,Semgrep FP (ruído sobre código seguro),FP,Verdadeiro Negativo (Acerto),5.36,"O código fornecido não configura explicitamente a versão mínima do TLS. O alerta é um FALSO POSITIVO porque, conforme mencionado no alerta, o Go 1.22 usa TLS 1.2 como padrão e as aplicações de propósito geral devem usar TLS 1.3 por padrão. Como o código não desativa outras versões do TLS ou configura uma versão mínima específica, ele não constitui uma vulnerabilidade.",14,especifica,baseline:597fcfa9,a81b6f5ca3a4f70c2cdbca1436fd138ccc84976ee981aa1726e3dff9ae4e4311,545,121,0.00000000,N/A,
5e5c4b7d:CWE-327:false_positive#7,argoproj/argo-cd,CWE-327,FP,ollama:qwen2.5-coder:7b,baseline,seguro,DETECTADO,Semgrep FP (ruído sobre código seguro),FP,Verdadeiro Negativo (Acerto),6.43,"O alerta indica que a versão mínima do TLS deve ser definida como TLS 1.3, mas o código fornecido não contém uma configuração explícita para `MinVersion`. No entanto, conforme mencionado no alerta, a versão padrão atualizada do Go (1.22) já usa TLS 1.2 como a versão mínima. Como o código não desativa explicitamente outras versões de TLS e não há indicação de que o sistema precisa suportar clientes ou navegadores legados que requerem versões mais antigas, é razoável considerar que a configuração atual atenda aos requisitos de segurança recomendados.",14,especifica,baseline:597fcfa9,a81b6f5ca3a4f70c2cdbca1436fd138ccc84976ee981aa1726e3dff9ae4e4311,920,165,0.00000000,N/A,
5e5c4b7d:CWE-327:false_positive#8,argoproj/argo-cd,CWE-327,FP,ollama:qwen2.5-coder:7b,baseline,seguro,DETECTADO,Semgrep FP (ruído sobre código seguro),FP,Verdadeiro Negativo (Acerto),6.42,"O alerta indica que a configuração TLS está faltando o valor `MinVersion`, o que é considerado uma boa prática de segurança. No entanto, no contexto fornecido, a função `TestTLS` não está configurando um servidor real para produção, mas sim realizando testes de conexão. A configuração `InsecureSkipVerify: true` é aceitável neste caso porque o objetivo é verificar se o servidor aceita conexões TLS ou não, sem preocupações sobre a segurança do certificado. Além disso, a função também tenta uma conexão segura com `MinVersion: tls.VersionTLS13`, que é a configuração recomendada para aplicações de propósito geral.",14,especifica,baseline:597fcfa9,a81b6f5ca3a4f70c2cdbca1436fd138ccc84976ee981aa1726e3dff9ae4e4311,822,169,0.00000000,N/A,
5e5c4b7d:CWE-327:false_positive#9,argoproj/argo-cd,CWE-327,FP,ollama:qwen2.5-coder:7b,baseline,seguro,DETECTADO,Semgrep FP (ruído sobre código seguro),FP,Verdadeiro Negativo (Acerto),6.24,"O alerta indica que a versão mínima do TLS não foi definida, o que é considerado uma prática recomendada para segurança. No entanto, no código fornecido, a função `newTLSConfig` não configura explicitamente a versão mínima do TLS. Isso significa que, por padrão, o Go 1.22 usará TLS 1.2 como a versão mínima, conforme mencionado no alerta. Como a aplicação é um cliente e não um servidor web geral-purpose, não há necessidade de definir explicitamente `MinVersion: tls.VersionTLS13`. Portanto, este alerta não constitui uma vulnerabilidade real neste contexto.",14,especifica,baseline:597fcfa9,a81b6f5ca3a4f70c2cdbca1436fd138ccc84976ee981aa1726e3dff9ae4e4311,662,164,0.00000000,N/A,
5e5c4b7d:CWE-327:false_positive#10,argoproj/argo-cd,CWE-327,FP,ollama:qwen2.5-coder:7b,baseline,seguro,DETECTADO,Semgrep FP (ruído sobre código seguro),FP,Verdadeiro Negativo (Acerto),6.97,"O alerta indica que a versão mínima do TLS deve ser definida como TLS 1.3, mas o código fornecido não contém uma configuração específica para o `MinVersion`. No entanto, conforme mencionado no alerta, a versão padrão do Go 1.22 já usa TLS 1.2 como a mínima. Como o código não desativa outros protocolos TLS e não há indicação de necessidade de suporte a clientes legados que requerem TLS 1.0 ou inferior, é provável que esta seja uma configuração adequada para um aplicativo web geral.",14,especifica,baseline:597fcfa9,a81b6f5ca3a4f70c2cdbca1436fd138ccc84976ee981aa1726e3dff9ae4e4311,794,151,0.00000000,N/A,
5e5c4b7d:CWE-327:false_positive#11,argoproj/argo-cd,CWE-327,FP,ollama:qwen2.5-coder:7b,baseline,seguro,DETECTADO,Semgrep FP (ruído sobre código seguro),FP,Verdadeiro Negativo (Acerto),6.77,"O alerta indica que a versão mínima do TLS deve ser definida como TLS 1.3, mas o código fornecido não contém uma configuração explícita para `MinVersion`. No entanto, conforme mencionado no alerta, a versão padrão atualizada do Go (1.22) já usa TLS 1.2 como a versão mínima. Como o código não desativa outras versões de TLS e não há indicação de necessidade específica para suporte a versões mais antigas, é provável que este seja um falso positivo.",14,especifica,baseline:597fcfa9,a81b6f5ca3a4f70c2cdbca1436fd138ccc84976ee981aa1726e3dff9ae4e4311,626,144,0.00000000,N/A,
5e5c4b7d:CWE-327:false_positive#12,argoproj/argo-cd,CWE-327,FP,ollama:qwen2.5-coder:7b,baseline,seguro,DETECTADO,Semgrep FP (ruído sobre código seguro),FP,Verdadeiro Negativo (Acerto),6.24,"O código fornecido não configura explicitamente a versão mínima do TLS. A função `TLSConfig` retorna uma instância de `tls.Config` sem definir o campo `MinVersion`. No entanto, conforme alerta menciona, como o Go 1.22 usa TLS 1.2 por padrão e as aplicações de propósito geral devem usar TLS 1.3, este código não constitui uma vulnerabilidade em si. O alerta é mais uma recomendação de segurança para melhorar a configuração do TLS.",14,especifica,baseline:597fcfa9,a81b6f5ca3a4f70c2cdbca1436fd138ccc84976ee981aa1726e3dff9ae4e4311,503,135,0.00000000,N/A,
5e5c4b7d:CWE-327:false_positive#13,argoproj/argo-cd,CWE-327,FP,ollama:qwen2.5-coder:7b,baseline,seguro,DETECTADO,Semgrep FP (ruído sobre código seguro),FP,Verdadeiro Negativo (Acerto),13.95,"O alerta indica que a versão mínima do protocolo SSL/TLS não foi definida na configuração TLS. No entanto, o código fornecido já está configurado para usar TLS 1.3 como a versão mínima, conforme indicado pela mensagem de alerta: 'By default, as of Go 1.22, TLS 1.2 is currently used as the minimum.' Portanto, não há necessidade de adicionar explicitamente `MinVersion: tls.VersionTLS13` no código.",14,especifica,baseline:597fcfa9,a81b6f5ca3a4f70c2cdbca1436fd138ccc84976ee981aa1726e3dff9ae4e4311,841,129,0.00000000,N/A,
5e5c4b7d:CWE-338:false_positive,argoproj/argo-cd,CWE-338,FP,ollama:qwen2.5-coder:7b,baseline,seguro,DETECTADO,Semgrep FP (ruído sobre código seguro),FP,Verdadeiro Negativo (Acerto),5.87,"O alerta é um FALSO POSITIVO porque o código não está utilizando a função `math/rand` diretamente. Em vez disso, o pacote `math/rand` é importado e usado em uma chamada para `rand.Intn`, que provavelmente é parte de uma implementação mais complexa ou personalizada do gerador de números aleatórios. O alerta está incorretamente sinalizando a utilização de `math/rand` quando, na verdade, o código específico não está usando essa função diretamente.",3,especifica,baseline:597fcfa9,a81b6f5ca3a4f70c2cdbca1436fd138ccc84976ee981aa1726e3dff9ae4e4311,539,129,0.00000000,N/A,
5e5c4b7d:CWE-338:false_positive#1,argoproj/argo-cd,CWE-338,FP,ollama:qwen2.5-coder:7b,baseline,seguro,DETECTADO,Semgrep FP (ruído sobre código seguro),VP,Falso Positivo (Ruído Mantido),4.64,"O alerta é um VERDADEIRO POSITIVO (VP) porque o código está usando a biblioteca `math/rand`, que não é segura para uso em contextos onde segurança é crítica, como geração de números aleatórios para senhas ou tokens. A ferramenta recomenda usar `crypto/rand` em vez disso.",3,especifica,baseline:597fcfa9,a81b6f5ca3a4f70c2cdbca1436fd138ccc84976ee981aa1726e3dff9ae4e4311,476,89,0.00000000,N/A,
5e5c4b7d:CWE-338:false_positive#2,argoproj/argo-cd,CWE-338,FP,ollama:qwen2.5-coder:7b,baseline,seguro,DETECTADO,Semgrep FP (ruído sobre código seguro),VP,Falso Positivo (Ruído Mantido),4.65,"O alerta indica que o código está usando a biblioteca `math/rand`, que não é segura para uso em contextos onde segurança é crítica, como geração de números aleatórios para autenticação ou criptografia. A ferramenta recomenda usar `crypto/rand` em vez disso.",3,especifica,baseline:597fcfa9,a81b6f5ca3a4f70c2cdbca1436fd138ccc84976ee981aa1726e3dff9ae4e4311,546,81,0.00000000,N/A,
5e5c4b7d:CWE-352:false_positive,argoproj/argo-cd,CWE-352,FP,ollama:qwen2.5-coder:7b,baseline,seguro,DETECTADO,Semgrep FP (ruído sobre código seguro),FP,Verdadeiro Negativo (Acerto),5.43,"O código fornecido não verifica o cabeçalho 'Origin' na requisição HTTP WebSocket. No entanto, a função `upgrader.Upgrade` do pacote `gorilla/websocket` já implementa uma verificação padrão do cabeçalho 'Origin', que é suficiente para prevenir Cross-Site Request Forgery (CSRF) em conexões WebSocket. Portanto, este código não constitui uma vulnerabilidade real.",1,especifica,baseline:597fcfa9,a81b6f5ca3a4f70c2cdbca1436fd138ccc84976ee981aa1726e3dff9ae4e4311,521,112,0.00000000,N/A,
5e5c4b7d:CWE-377:false_positive,argoproj/argo-cd,CWE-377,FP,ollama:qwen2.5-coder:7b,baseline,seguro,DETECTADO,Semgrep FP (ruído sobre código seguro),FP,Verdadeiro Negativo (Acerto),6.03,"O código cria arquivos temporários em um diretório compartilhado (/tmp), mas usa a função `os.WriteFile` para escrever os arquivos, que é considerada uma prática segura nesse contexto. A ferramenta Semgrep está alertando sobre o uso de `/tmp`, mas não há evidências de que isso seja uma vulnerabilidade específica neste caso.",1,fallback,baseline:597fcfa9,a81b6f5ca3a4f70c2cdbca1436fd138ccc84976ee981aa1726e3dff9ae4e4311,1271,95,0.00000000,N/A,
5e5c4b7d:CWE-400:false_positive,argoproj/argo-cd,CWE-400,FP,ollama:qwen2.5-coder:7b,baseline,seguro,DETECTADO,Semgrep FP (ruído sobre código seguro),FP,Verdadeiro Negativo (Acerto),5.89,"O alerta é um FALSO POSITIVO porque o código não está lidando com arquivos ZIP, mas sim com arquivos TAR. A bomba de descompressão (zip bomb) é uma técnica específica para atacar sistemas que descomprimem arquivos ZIP, enquanto este código lida exclusivamente com arquivos TAR. Portanto, a detecção do Semgrep não constitui uma vulnerabilidade real neste contexto.",1,fallback,baseline:597fcfa9,a81b6f5ca3a4f70c2cdbca1436fd138ccc84976ee981aa1726e3dff9ae4e4311,878,108,0.00000000,N/A,
5e5c4b7d:CWE-470:false_positive,argoproj/argo-cd,CWE-470,FP,ollama:qwen2.5-coder:7b,baseline,seguro,DETECTADO,Semgrep FP (ruído sobre código seguro),FP,Verdadeiro Negativo (Acerto),5.27,"O uso de `reflect.ValueOf().Elem().FieldByName()` neste contexto não constitui uma vulnerabilidade de reflexão insegura. O código está sendo usado para atualizar campos específicos de um objeto, e os nomes dos campos são fixos e conhecidos em tempo de compilação. Não há nenhuma entrada do usuário que possa ser usada para determinar dinamicamente quais campos ou métodos devem ser invocados.",1,especifica,baseline:597fcfa9,a81b6f5ca3a4f70c2cdbca1436fd138ccc84976ee981aa1726e3dff9ae4e4311,451,112,0.00000000,N/A,
5e5c4b7d:CWE-601:false_positive,argoproj/argo-cd,CWE-601,FP,ollama:qwen2.5-coder:7b,baseline,seguro,DETECTADO,Semgrep FP (ruído sobre código seguro),FP,Verdadeiro Negativo (Acerto),5.89,"O alerta é um FALSO POSITIVO porque o código não está utilizando diretamente a entrada do usuário para criar uma URL de redirecionamento aberta. A variável `logoutRedirectURL` é definida como uma URL base (`argoURL`) que não depende da entrada do usuário. O redirecionamento ocorre apenas para essa URL base, e não para qualquer URL fornecida pelo usuário.",3,especifica,baseline:597fcfa9,a81b6f5ca3a4f70c2cdbca1436fd138ccc84976ee981aa1726e3dff9ae4e4311,1009,104,0.00000000,N/A,
5e5c4b7d:CWE-601:false_positive#1,argoproj/argo-cd,CWE-601,FP,ollama:qwen2.5-coder:7b,baseline,seguro,DETECTADO,Semgrep FP (ruído sobre código seguro),FP,Verdadeiro Negativo (Acerto),6.17,"O código não está vulnerável a redirecionamento aberto (open redirect) porque o valor de `req.Host` é usado diretamente como parte da URL de destino, sem qualquer manipulação ou validação adicional. Isso significa que o atacante não pode controlar completamente a URL de destino, pois ele depende do domínio fornecido pelo cliente (`req.Host`). Além disso, o código adiciona `rootPath` e `req.URL.Path` apenas se necessário, garantindo que a URL de destino seja sempre válida dentro dos limites definidos.",3,especifica,baseline:597fcfa9,a81b6f5ca3a4f70c2cdbca1436fd138ccc84976ee981aa1726e3dff9ae4e4311,585,138,0.00000000,N/A,
5e5c4b7d:CWE-601:false_positive#2,argoproj/argo-cd,CWE-601,FP,ollama:qwen2.5-coder:7b,baseline,seguro,DETECTADO,Semgrep FP (ruído sobre código seguro),FP,Verdadeiro Negativo (Acerto),5.76,"O alerta é um FALSO POSITIVO porque o código verifica se a URL de redirecionamento (`returnURL`) é válida antes de usá-la para criar uma resposta de redirecionamento. A função `isValidRedirectURL` garante que a URL esteja dentro dos domínios permitidos, evitando assim qualquer redirecionamento aberto (open redirect). Portanto, o código não apresenta vulnerabilidade a open redirects.",3,especifica,baseline:597fcfa9,a81b6f5ca3a4f70c2cdbca1436fd138ccc84976ee981aa1726e3dff9ae4e4311,904,113,0.00000000,N/A,
5e5c4b7d:CWE-614:false_positive,argoproj/argo-cd,CWE-614,FP,ollama:qwen2.5-coder:7b,baseline,seguro,DETECTADO,Semgrep FP (ruído sobre código seguro),FP,Verdadeiro Negativo (Acerto),6.17,"O alerta indica que a cookie de sessão não tem o 'Secure' flag definido, o que pode levar à transmissão da cookie por canais inseguros. No entanto, no contexto fornecido, a função `ServeHTTP` está redirecionando para uma URL segura (`http://` é automaticamente redirecionado para `https`). Portanto, não há risco real de transmissão insegura da cookie.",2,especifica,baseline:597fcfa9,a81b6f5ca3a4f70c2cdbca1436fd138ccc84976ee981aa1726e3dff9ae4e4311,989,112,0.00000000,N/A,
5e5c4b7d:CWE-614:false_positive#1,argoproj/argo-cd,CWE-614,FP,ollama:qwen2.5-coder:7b,baseline,seguro,DETECTADO,Semgrep FP (ruído sobre código seguro),VP,Falso Positivo (Ruído Mantido),6.59,"O alerta é um VERDADEIRO POSITIVO (VP) porque o código gera uma cookie de sessão sem definir a flag 'Secure'. A flag 'Secure' é essencial para garantir que a cookie só seja enviada por conexões HTTPS, protegendo-a contra ataques em trânsito. No contexto fornecido, a variável `a.secureCookie` deve ser um valor booleano que determina se a flag 'Secure' deve ser definida na cookie. Se `a.secureCookie` for `false`, a cookie não terá a flag 'Secure', o que constitui uma vulnerabilidade de segurança.",2,especifica,baseline:597fcfa9,a81b6f5ca3a4f70c2cdbca1436fd138ccc84976ee981aa1726e3dff9ae4e4311,621,154,0.00000000,N/A,
5e5c4b7d:CWE-665:false_positive,argoproj/argo-cd,CWE-665,FP,ollama:qwen2.5-coder:7b,baseline,seguro,DETECTADO,Semgrep FP (ruído sobre código seguro),FP,Verdadeiro Negativo (Acerto),5.39,"O alerta indica que a variável `response` pode ser modificada e usada posteriormente em caso de erro. No entanto, no contexto fornecido, isso não constitui uma vulnerabilidade real. A função verifica se o código de status da resposta é `http.StatusNotFound`, e nesse caso, retorna um erro personalizado sem usar a variável `response` após essa verificação.",5,especifica,baseline:597fcfa9,a81b6f5ca3a4f70c2cdbca1436fd138ccc84976ee981aa1726e3dff9ae4e4311,735,100,0.00000000,N/A,
5e5c4b7d:CWE-665:false_positive#1,argoproj/argo-cd,CWE-665,FP,ollama:qwen2.5-coder:7b,baseline,seguro,DETECTADO,Semgrep FP (ruído sobre código seguro),FP,Verdadeiro Negativo (Acerto),5.55,"O alerta indica que a variável `resp` pode ser modificada e usada posteriormente em caso de erro, o que poderia resultar em um panic devido a uma desreferência nula. No entanto, no contexto fornecido, isso não constitui uma vulnerabilidade real. A função verifica se ocorreu um erro e retorna adequadamente, evitando qualquer uso potencial da variável `resp` após um erro.",5,especifica,baseline:597fcfa9,a81b6f5ca3a4f70c2cdbca1436fd138ccc84976ee981aa1726e3dff9ae4e4311,590,111,0.00000000,N/A,
5e5c4b7d:CWE-665:false_positive#2,argoproj/argo-cd,CWE-665,FP,ollama:qwen2.5-coder:7b,baseline,seguro,DETECTADO,Semgrep FP (ruído sobre código seguro),FP,Verdadeiro Negativo (Acerto),7.19,"O alerta é um FALSO POSITIVO porque o código verifica se a `orphanedNodesMap` está vazia antes de iterá-la. Se a `orphanedNodesMap` estiver vazia, a iteração não ocorrerá e o código seguirá normalmente. Portanto, esta verificação previne uma possível execução ineficiente ou desnecessária da iteração sobre um mapa vazio.",5,especifica,baseline:597fcfa9,a81b6f5ca3a4f70c2cdbca1436fd138ccc84976ee981aa1726e3dff9ae4e4311,1656,107,0.00000000,N/A,
5e5c4b7d:CWE-665:false_positive#3,argoproj/argo-cd,CWE-665,FP,ollama:qwen2.5-coder:7b,baseline,seguro,DETECTADO,Semgrep FP (ruído sobre código seguro),FP,Verdadeiro Negativo (Acerto),5.68,"O alerta é um FALSO POSITIVO porque, embora o código itere sobre uma mapeia (`repoRefs`), isso não constitui necessariamente uma vulnerabilidade. A verificação de se a mapeia está vazia ocorre antes do loop e, se estiver vazia, o código dentro do loop não será executado. Além disso, o código atualiza os valores da mapeia apenas se ela não estiver vazia.",5,especifica,baseline:597fcfa9,a81b6f5ca3a4f70c2cdbca1436fd138ccc84976ee981aa1726e3dff9ae4e4311,659,115,0.00000000,N/A,
5e5c4b7d:CWE-665:false_positive#4,argoproj/argo-cd,CWE-665,FP,ollama:qwen2.5-coder:7b,baseline,seguro,DETECTADO,Semgrep FP (ruído sobre código seguro),FP,Verdadeiro Negativo (Acerto),5.69,"O alerta indica que a variável `r` pode ser modificada e usada posteriormente em caso de erro. No entanto, no contexto fornecido, se ocorrer um erro durante o processamento de uma secret, a função retorna imediatamente com o erro original, evitando qualquer uso potencial de `r`. Além disso, a variável `r` é inicializada dentro do loop e não é modificada fora dele. Portanto, esta situação não constitui uma vulnerabilidade.",5,especifica,baseline:597fcfa9,a81b6f5ca3a4f70c2cdbca1436fd138ccc84976ee981aa1726e3dff9ae4e4311,524,124,0.00000000,N/A,
5e5c4b7d:CWE-667:false_positive,argoproj/argo-cd,CWE-667,FP,ollama:qwen2.5-coder:7b,baseline,seguro,DETECTADO,Semgrep FP (ruído sobre código seguro),FP,Verdadeiro Negativo (Acerto),4.51,"O código não possui um `return` que possa causar uma condição de deadlock. A função `reconnect()` sempre retorna após o desbloqueio do mutex, garantindo que a variável `t.writeLock` seja desbloqueada antes da saída da função.",1,especifica,baseline:597fcfa9,a81b6f5ca3a4f70c2cdbca1436fd138ccc84976ee981aa1726e3dff9ae4e4311,465,76,0.00000000,N/A,
5e5c4b7d:CWE-79:false_positive,argoproj/argo-cd,CWE-79,FP,ollama:qwen2.5-coder:7b,baseline,seguro,DETECTADO,Semgrep FP (ruído sobre código seguro),FP,Verdadeiro Negativo (Acerto),6.07,"O alerta é um FALSO POSITIVO neste contexto. O código não está diretamente envolvido em renderização de conteúdo gerado pelo usuário, nem em operações que possam levar a vulnerabilidades XSS. A função `text/template` é usada para processar templates, mas o conteúdo sendo processado provavelmente não contém HTML ou scripts maliciosos. Além disso, o código não está exportando funções públicas que possam ser chamadas por outras partes do sistema com dados potencialmente inseguros.",9,especifica,baseline:597fcfa9,a81b6f5ca3a4f70c2cdbca1436fd138ccc84976ee981aa1726e3dff9ae4e4311,675,132,0.00000000,N/A,
5e5c4b7d:CWE-79:false_positive#1,argoproj/argo-cd,CWE-79,FP,ollama:qwen2.5-coder:7b,baseline,seguro,DETECTADO,Semgrep FP (ruído sobre código seguro),FP,Verdadeiro Negativo (Acerto),4.91,"O alerta é um FALSO POSITIVO neste contexto. O código não está renderizando conteúdo gerado pelo usuário, então não há risco de Cross-Site Scripting (XSS). A função `text/template` é usada corretamente para processar templates Go, que não envolvem a renderização direta de conteúdo HTML do usuário.",9,especifica,baseline:597fcfa9,a81b6f5ca3a4f70c2cdbca1436fd138ccc84976ee981aa1726e3dff9ae4e4311,649,92,0.00000000,N/A,
5e5c4b7d:CWE-79:false_positive#3,argoproj/argo-cd,CWE-79,FP,ollama:qwen2.5-coder:7b,baseline,seguro,DETECTADO,Semgrep FP (ruído sobre código seguro),FP,Verdadeiro Negativo (Acerto),4.98,"O código não está diretamente escrevendo dados em 'http.ResponseWriter' sem escape HTML. Ele está apenas escrevendo logs brutos, que não são vulneráveis a XSS se os logs forem de fontes confiáveis e não contiverem entrada do usuário não sanitizada.",9,especifica,baseline:597fcfa9,a81b6f5ca3a4f70c2cdbca1436fd138ccc84976ee981aa1726e3dff9ae4e4311,797,76,0.00000000,N/A,
5e5c4b7d:CWE-79:false_positive#4,argoproj/argo-cd,CWE-79,FP,ollama:qwen2.5-coder:7b,baseline,seguro,DETECTADO,Semgrep FP (ruído sobre código seguro),FP,Verdadeiro Negativo (Acerto),9.95,"O alerta é um FALSO POSITIVO neste contexto. O código está utilizando uma abordagem manual para construir uma string HTML, mas esta construção é segura porque os valores inseridos são validados e sanitizados antes de serem incorporados na string HTML. Especificamente, o valor do parâmetro 'name' é verificado pela função `argo.IsValidAppName`, que garante que ele seja um nome válido para uma aplicação. Além disso, a string HTML é construída usando placeholders (`$2`) e substituições seguras, garantindo que nenhum dado não sanitizado seja incorporado diretamente na string final.",9,especifica,baseline:597fcfa9,a81b6f5ca3a4f70c2cdbca1436fd138ccc84976ee981aa1726e3dff9ae4e4311,2230,153,0.00000000,N/A,
5e5c4b7d:CWE-79:false_positive#5,argoproj/argo-cd,CWE-79,FP,ollama:qwen2.5-coder:7b,baseline,seguro,DETECTADO,Semgrep FP (ruído sobre código seguro),FP,Verdadeiro Negativo (Acerto),6.12,"O alerta é um FALSO POSITIVO neste contexto. O código está usando o pacote `text/template` para processar templates, mas não há evidências de que ele esteja renderizando conteúdo gerado pelo usuário diretamente. A função `init()` exclui algumas funções do pacote sprig que podem ser usadas para acessar informações ambientais, mas isso não implica em vulnerabilidades XSS. Além disso, o código não mostra qualquer uso direto de templates para renderizar conteúdo HTML, então a recomendação de usar `html/template` não se aplica aqui.",9,especifica,baseline:597fcfa9,a81b6f5ca3a4f70c2cdbca1436fd138ccc84976ee981aa1726e3dff9ae4e4311,613,142,0.00000000,N/A,
5e5c4b7d:CWE-79:false_positive#6,argoproj/argo-cd,CWE-79,FP,ollama:qwen2.5-coder:7b,baseline,seguro,DETECTADO,Semgrep FP (ruído sobre código seguro),VP,Falso Positivo (Ruído Mantido),5.56,"O alerta é um VERDADEIRO POSITIVO (VP) porque o código está utilizando `fmt.Fprintf` para escrever diretamente no `http.ResponseWriter`, o que pode permitir a injeção de scripts maliciosos se os dados escritos não forem adequadamente escapados. A ferramenta recomenda usar o pacote `html/template` para renderizar dados de forma segura, evitando assim vulnerabilidades XSS.",9,especifica,baseline:597fcfa9,a81b6f5ca3a4f70c2cdbca1436fd138ccc84976ee981aa1726e3dff9ae4e4311,660,111,0.00000000,N/A,
5e5c4b7d:CWE-79:false_positive#7,argoproj/argo-cd,CWE-79,FP,ollama:qwen2.5-coder:7b,baseline,seguro,DETECTADO,Semgrep FP (ruído sobre código seguro),FP,Verdadeiro Negativo (Acerto),4.83,"O alerta é um FALSO POSITIVO porque o código não está diretamente envolvido em renderização de conteúdo gerado pelo usuário. A função `Render` neste código parece ser usada para processar e formatar dados, mas não há evidências de que ela esteja lidando com conteúdo HTML ou seja vulnerável a ataques XSS.",9,especifica,baseline:597fcfa9,a81b6f5ca3a4f70c2cdbca1436fd138ccc84976ee981aa1726e3dff9ae4e4311,591,91,0.00000000,N/A,
5e5c4b7d:CWE-79:false_positive#8,argoproj/argo-cd,CWE-79,FP,ollama:qwen2.5-coder:7b,baseline,seguro,DETECTADO,Semgrep FP (ruído sobre código seguro),FP,Verdadeiro Negativo (Acerto),6.76,"O alerta é um FALSO POSITIVO porque o código não está diretamente envolvido em operações de escrita que possam levar a uma injeção de script. A função `fmt.Fprint(w, swaggerJSON)` está sendo usada para enviar dados JSON, que geralmente são seguros se os dados forem corretamente validados e escapados antes de serem enviados. No contexto deste código, não há evidências de que isso possa levar a uma vulnerabilidade XSS (Cross-Site Scripting). Além disso, o uso do pacote `html/template` para renderizar dados em situações mais complexas é mencionado como uma alternativa recomendada, mas não é aplicável neste caso específico.",9,especifica,baseline:597fcfa9,a81b6f5ca3a4f70c2cdbca1436fd138ccc84976ee981aa1726e3dff9ae4e4311,476,175,0.00000000,N/A,
5e5c4b7d:CWE-94:false_positive,argoproj/argo-cd,CWE-94,FP,ollama:qwen2.5-coder:7b,baseline,seguro,DETECTADO,Semgrep FP (ruído sobre código seguro),FP,Verdadeiro Negativo (Acerto),5.24,"O código não executa comandos dinâmicos fornecidos pelo usuário. A função `command` é usada para criar um comando que será executado, mas o caminho do executável (`name`) e os argumentos (`arg...`) são fixos e definidos dentro da função. Não há evidências de que esses valores sejam obtidos ou modificados por entrada do usuário em qualquer ponto do código fornecido.",6,especifica,baseline:597fcfa9,a81b6f5ca3a4f70c2cdbca1436fd138ccc84976ee981aa1726e3dff9ae4e4311,453,108,0.00000000,N/A,
5e5c4b7d:CWE-94:false_positive#1,argoproj/argo-cd,CWE-94,FP,ollama:qwen2.5-coder:7b,baseline,seguro,DETECTADO,Semgrep FP (ruído sobre código seguro),FP,Verdadeiro Negativo (Acerto),5.62,"O código não está executando comandos dinâmicos fornecidos pelo usuário. A função `runCommand` espera um objeto `Command` que contém o comando a ser executado como uma string fixa, e os argumentos como uma fatia de strings. Não há evidências de que o comando ou os argumentos sejam alterados em tempo de execução com base em entrada do usuário não verificada.",6,especifica,baseline:597fcfa9,a81b6f5ca3a4f70c2cdbca1436fd138ccc84976ee981aa1726e3dff9ae4e4311,862,105,0.00000000,N/A,
5e5c4b7d:CWE-94:false_positive#2,argoproj/argo-cd,CWE-94,FP,ollama:qwen2.5-coder:7b,baseline,seguro,DETECTADO,Semgrep FP (ruído sobre código seguro),FP,Verdadeiro Negativo (Acerto),5.75,"O alerta é um FALSO POSITIVO porque o código não executa comandos externos diretamente. Em vez disso, ele usa a função `exec.Command` para iniciar uma sessão de edição interativa em um editor de texto especificado pelo usuário (ou padrão). O comando do editor é definido por variáveis que são controladas pelo sistema operacional e não pelo código-fonte. Portanto, não há risco de injeção de comandos maliciosos.",6,especifica,baseline:597fcfa9,a81b6f5ca3a4f70c2cdbca1436fd138ccc84976ee981aa1726e3dff9ae4e4311,580,122,0.00000000,N/A,
5e5c4b7d:CWE-94:false_positive#3,argoproj/argo-cd,CWE-94,FP,ollama:qwen2.5-coder:7b,baseline,seguro,DETECTADO,Semgrep FP (ruído sobre código seguro),FP,Verdadeiro Negativo (Acerto),4.58,"O alerta é um FALSO POSITIVO porque o código não executa comandos externos diretamente. A função `exec.Command` é usada para criar um comando que será executado, mas o comando em si é definido pelos parâmetros da função, não por entrada do usuário. Portanto, não há risco de injeção de código.",6,especifica,baseline:597fcfa9,a81b6f5ca3a4f70c2cdbca1436fd138ccc84976ee981aa1726e3dff9ae4e4311,347,95,0.00000000,N/A,
5e5c4b7d:CWE-94:false_positive#4,argoproj/argo-cd,CWE-94,FP,ollama:qwen2.5-coder:7b,baseline,seguro,DETECTADO,Semgrep FP (ruído sobre código seguro),FP,Verdadeiro Negativo (Acerto),4.48,"O código não executa comandos dinâmicos fornecidos pelo usuário. A função `runGnuPGWrapper` aceita apenas parâmetros fixos (`wrapper` e `args`) que são definidos dentro da própria função, não recebendo dados do usuário para serem inseridos no comando a ser executado.",6,especifica,baseline:597fcfa9,a81b6f5ca3a4f70c2cdbca1436fd138ccc84976ee981aa1726e3dff9ae4e4311,386,86,0.00000000,N/A,
5e5c4b7d:CWE-94:false_positive#5,argoproj/argo-cd,CWE-94,FP,ollama:qwen2.5-coder:7b,baseline,seguro,DETECTADO,Semgrep FP (ruído sobre código seguro),FP,Verdadeiro Negativo (Acerto),10.85,"O alerta é um FALSO POSITIVO porque o código não está executando comandos externos diretamente. Em vez disso, ele está usando a função `exec.Command` para construir e executar comandos internos dentro do próprio programa Go. Não há evidências de que os comandos sejam baseados em dados de entrada não verificados do usuário, o que torna improvável uma injeção de código malicioso.",6,especifica,baseline:597fcfa9,a81b6f5ca3a4f70c2cdbca1436fd138ccc84976ee981aa1726e3dff9ae4e4311,3204,114,0.00000000,N/A,
e4311d83:CWE-1004:false_positive,argoproj/argo-cd,CWE-1004,FP,ollama:qwen2.5-coder:7b,baseline,seguro,DETECTADO,Semgrep FP (ruído sobre código seguro),FP,Verdadeiro Negativo (Acerto),6.46,"O alerta indica que a cookie de sessão não tem o 'HttpOnly' flag definido, o que pode aumentar o risco de ataques XSS. No entanto, no contexto fornecido, a função `ServeHTTP` está lidando com a saída da sessão do usuário e removendo todas as cookies relacionadas à autenticação antes de redirecionar para uma URL de logout. Portanto, não há risco real de XSS nesse ponto específico do código.",1,especifica,baseline:597fcfa9,a81b6f5ca3a4f70c2cdbca1436fd138ccc84976ee981aa1726e3dff9ae4e4311,1001,121,0.00000000,N/A,
e4311d83:CWE-115:false_positive,argoproj/argo-cd,CWE-115,FP,ollama:qwen2.5-coder:7b,baseline,seguro,DETECTADO,Semgrep FP (ruído sobre código seguro),FP,Verdadeiro Negativo (Acerto),4.99,"O alerta indica que o ReverseProxy pode remover cabeçalhos adicionados pelo Director, sugerindo a utilização de ReverseProxy.Rewrite em vez de ReverseProxy.Director. No entanto, no código fornecido, os cabeçalhos são explicitamente definidos e não removidos pelo Director. O uso de Director neste contexto é intencional para configurar o proxy conforme necessário.",2,especifica,baseline:597fcfa9,a81b6f5ca3a4f70c2cdbca1436fd138ccc84976ee981aa1726e3dff9ae4e4311,455,101,0.00000000,N/A,
e4311d83:CWE-115:false_positive#1,argoproj/argo-cd,CWE-115,FP,ollama:qwen2.5-coder:7b,baseline,seguro,DETECTADO,Semgrep FP (ruído sobre código seguro),FP,Verdadeiro Negativo (Acerto),5.51,"O alerta é um FALSO POSITIVO porque o código está usando `ReverseProxy.Director` de forma correta para modificar a solicitação antes de encaminhá-la ao servidor de destino. A função `decorateDirector` é chamada para adicionar ou modificar cabeçalhos conforme necessário, e isso não remove headers adicionados pelo `Director`. O uso de `ModifyResponse` para manipular a resposta do servidor de destino é adequado neste contexto.",2,especifica,baseline:597fcfa9,a81b6f5ca3a4f70c2cdbca1436fd138ccc84976ee981aa1726e3dff9ae4e4311,626,115,0.00000000,N/A,
e4311d83:CWE-300:false_positive,argoproj/argo-cd,CWE-300,FP,ollama:qwen2.5-coder:7b,baseline,seguro,DETECTADO,Semgrep FP (ruído sobre código seguro),FP,Verdadeiro Negativo (Acerto),4.80,"O código fornecido não configura explicitamente uma conexão gRPC insegura. A função `grpc.NewServer()` cria um servidor gRPC sem especificar credenciais, mas isso não significa que a conexão seja insegura. O alerta pode estar incorretamente identificando uma situação segura como potencialmente vulnerável.",2,fallback,baseline:597fcfa9,a81b6f5ca3a4f70c2cdbca1436fd138ccc84976ee981aa1726e3dff9ae4e4311,438,90,0.00000000,N/A,
e4311d83:CWE-300:false_positive#1,argoproj/argo-cd,CWE-300,FP,ollama:qwen2.5-coder:7b,baseline,seguro,DETECTADO,Semgrep FP (ruído sobre código seguro),FP,Verdadeiro Negativo (Acerto),4.77,"O código fornecido não configura um servidor gRPC inseguro. Ele cria um servidor gRPC usando `grpc.NewServer()` sem especificar nenhuma credencial de segurança, o que é o comportamento padrão e seguro para servidores gRPC Unix. O alerta é uma falsa positiva porque o código não está exposto a conexões inseguras.",2,fallback,baseline:597fcfa9,a81b6f5ca3a4f70c2cdbca1436fd138ccc84976ee981aa1726e3dff9ae4e4311,437,96,0.00000000,N/A,
e4311d83:CWE-319:false_positive,argoproj/argo-cd,CWE-319,FP,ollama:qwen2.5-coder:7b,baseline,seguro,DETECTADO,Semgrep FP (ruído sobre código seguro),FP,Verdadeiro Negativo (Acerto),6.48,"O código está configurando um cliente HTTP que desabilita a verificação de certificados TLS/SSL apenas quando o parâmetro 'insecure' é verdadeiro. Isso é aceitável em ambientes de desenvolvimento ou teste, onde a segurança pode ser comprometida por razões específicas (como testes de integração com serviços que não têm certificados válidos). No entanto, no contexto fornecido, o código verifica se 'insecure' é verdadeiro antes de desabilitar a verificação de certificados, o que sugere que isso é uma decisão consciente e controlada. Portanto, este código não constitui uma vulnerabilidade real.",32,especifica,baseline:597fcfa9,a81b6f5ca3a4f70c2cdbca1436fd138ccc84976ee981aa1726e3dff9ae4e4311,496,159,0.00000000,N/A,
e4311d83:CWE-319:false_positive#1,argoproj/argo-cd,CWE-319,FP,ollama:qwen2.5-coder:7b,baseline,seguro,DETECTADO,Semgrep FP (ruído sobre código seguro),FP,Verdadeiro Negativo (Acerto),5.07,"O código desabilita a verificação de certificados TLS/SSL apenas quando o parâmetro 'insecure' é verdadeiro. Isso ocorre em um contexto específico onde a desativação da verificação de certificados é considerada aceitável, pois está sendo usada para fins de depuração ou em ambientes controlados e seguros. O alerta não indica uma vulnerabilidade real neste caso.",32,especifica,baseline:597fcfa9,a81b6f5ca3a4f70c2cdbca1436fd138ccc84976ee981aa1726e3dff9ae4e4311,517,104,0.00000000,N/A,
e4311d83:CWE-319:false_positive#2,argoproj/argo-cd,CWE-319,FP,ollama:qwen2.5-coder:7b,baseline,seguro,DETECTADO,Semgrep FP (ruído sobre código seguro),VP,Falso Positivo (Ruído Mantido),4.75,"O alerta é um VERDADEIRO POSITIVO (VP) porque o código está iniciando um servidor HTTP sem usar TLS. A função `http.ListenAndServe` não fornece criptografia, o que expõe os dados transmitidos ao público. Deve ser substituído por `http.ListenAndServeTLS` para garantir a segurança dos dados em trânsito.",32,especifica,baseline:597fcfa9,a81b6f5ca3a4f70c2cdbca1436fd138ccc84976ee981aa1726e3dff9ae4e4311,399,98,0.00000000,N/A,
e4311d83:CWE-319:false_positive#3,argoproj/argo-cd,CWE-319,FP,ollama:qwen2.5-coder:7b,baseline,seguro,DETECTADO,Semgrep FP (ruído sobre código seguro),FP,Verdadeiro Negativo (Acerto),8.77,"O alerta indica a necessidade de usar 'http.ListenAndServeTLS' em vez de 'http.ListenAndServe', mas o código fornecido não está configurado para servir HTTP sem TLS. O servidor é configurado para ouvir na porta especificada usando 'net.Listen(",32,especifica,baseline:597fcfa9,a81b6f5ca3a4f70c2cdbca1436fd138ccc84976ee981aa1726e3dff9ae4e4311,1234,190,0.00000000,N/A,
e4311d83:CWE-319:false_positive#4,argoproj/argo-cd,CWE-319,FP,ollama:qwen2.5-coder:7b,baseline,seguro,DETECTADO,Semgrep FP (ruído sobre código seguro),FP,Verdadeiro Negativo (Acerto),7.36,"O alerta indica que o código está usando um servidor HTTP sem TLS, mas a função `http.ListenAndServeTLS` não é chamada em nenhum lugar no código fornecido. A função `http.ListenAndServe` é usada para iniciar um servidor HTTP na linha 151, conforme indicado pelo alerta, mas não há nenhuma configuração ou uso de TLS nesta chamada.",32,especifica,baseline:597fcfa9,a81b6f5ca3a4f70c2cdbca1436fd138ccc84976ee981aa1726e3dff9ae4e4311,1936,101,0.00000000,N/A,
e4311d83:CWE-319:false_positive#5,argoproj/argo-cd,CWE-319,FP,ollama:qwen2.5-coder:7b,baseline,seguro,DETECTADO,Semgrep FP (ruído sobre código seguro),FP,Verdadeiro Negativo (Acerto),13.27,"O alerta indica que o código está usando um servidor HTTP sem TLS, sugerindo a substituição de `http.ListenAndServe` por `http.ListenAndServeTLS`. No entanto, no contexto fornecido, há uma verificação explícita para desabilitar o TLS (`if !disableTLS { ... }`). Se `disableTLS` for verdadeiro, o código não iniciará um servidor HTTP sem TLS. Portanto, este alerta é um FALSO POSITIVO porque a condição de desativação do TLS garante que o servidor HTTP seja iniciado com segurança.",32,especifica,baseline:597fcfa9,a81b6f5ca3a4f70c2cdbca1436fd138ccc84976ee981aa1726e3dff9ae4e4311,3298,138,0.00000000,N/A,
e4311d83:CWE-319:false_positive#29,argoproj/argo-cd,CWE-319,FP,ollama:qwen2.5-coder:7b,baseline,seguro,DETECTADO,Semgrep FP (ruído sobre código seguro),FP,Verdadeiro Negativo (Acerto),5.49,"O código verifica se a verificação de certificado TLS/SSL está desabilitada e, em caso afirmativo, usa `insecure.NewCredentials()` para ignorar a verificação. No entanto, o código também contém uma verificação condicional que reativa a verificação de certificado quando `tlsConfig.StrictValidation` é verdadeiro. Portanto, esta configuração não constitui uma vulnerabilidade real.",32,especifica,baseline:597fcfa9,a81b6f5ca3a4f70c2cdbca1436fd138ccc84976ee981aa1726e3dff9ae4e4311,684,104,0.00000000,N/A,
e4311d83:CWE-319:false_positive#30,argoproj/argo-cd,CWE-319,FP,ollama:qwen2.5-coder:7b,baseline,seguro,DETECTADO,Semgrep FP (ruído sobre código seguro),FP,Verdadeiro Negativo (Acerto),8.82,"O código não desabilita a verificação de TLS/SSL explicitamente. Em vez disso, ele usa uma variável booleana `insecureRedis` para controlar se a verificação do certificado deve ser ignorada. Se `insecureRedis` for verdadeiro, o campo `InsecureSkipVerify` do objeto `tls.Config` é definido como `true`. No entanto, isso não desabilita a verificação de TLS/SSL globalmente, apenas para conexões específicas onde `insecureRedis` for verdadeiro. Além disso, o código ainda configura certificados de cliente e CA quando necessário.",32,especifica,baseline:597fcfa9,a81b6f5ca3a4f70c2cdbca1436fd138ccc84976ee981aa1726e3dff9ae4e4311,1867,149,0.00000000,N/A,
e4311d83:CWE-319:false_positive#31,argoproj/argo-cd,CWE-319,FP,ollama:qwen2.5-coder:7b,baseline,seguro,DETECTADO,Semgrep FP (ruído sobre código seguro),FP,Verdadeiro Negativo (Acerto),5.32,"O código verifica se o certificado do servidor DEX corresponde ao esperado. Embora `InsecureSkipVerify` esteja definido como `true`, isso ocorre apenas quando a verificação estrita está desativada (`!tlsConfig.StrictValidation`). Isso significa que, em casos normais de operação, a verificação TLS é realizada corretamente. Portanto, esta configuração não constitui uma vulnerabilidade real.",32,especifica,baseline:597fcfa9,a81b6f5ca3a4f70c2cdbca1436fd138ccc84976ee981aa1726e3dff9ae4e4311,454,110,0.00000000,N/A,
e4311d83:CWE-322:false_positive,argoproj/argo-cd,CWE-322,FP,ollama:qwen2.5-coder:7b,baseline,seguro,DETECTADO,Semgrep FP (ruído sobre código seguro),VP,Falso Positivo (Ruído Mantido),5.10,"O código desabilita a verificação de chave do host SSH usando `ssh.InsecureIgnoreHostKey()`, o que expõe o sistema ao ataque man-in-the-middle. A ferramenta Semgrep corretoamente alerta sobre isso, pois ignorar a verificação de chave do host é uma prática insegura.",1,fallback,baseline:597fcfa9,a81b6f5ca3a4f70c2cdbca1436fd138ccc84976ee981aa1726e3dff9ae4e4311,854,86,0.00000000,N/A,
e4311d83:CWE-327:false_positive,argoproj/argo-cd,CWE-327,FP,ollama:qwen2.5-coder:7b,baseline,seguro,DETECTADO,Semgrep FP (ruído sobre código seguro),FP,Verdadeiro Negativo (Acerto),6.04,"O alerta indica que a versão mínima do TLS deve ser definida como TLS 1.3 para melhor segurança. No entanto, no contexto fornecido, o código está configurado para ignorar a verificação de certificados SSL (`InsecureSkipVerify: true`). Isso significa que, embora não esteja especificando uma versão mínima do TLS, o código desabilita completamente a verificação de segurança SSL. Portanto, o alerta é um falso positivo porque a ausência de `MinVersion` não constitui uma vulnerabilidade real neste caso.",13,especifica,baseline:597fcfa9,a81b6f5ca3a4f70c2cdbca1436fd138ccc84976ee981aa1726e3dff9ae4e4311,587,140,0.00000000,N/A,
e4311d83:CWE-327:false_positive#1,argoproj/argo-cd,CWE-327,FP,ollama:qwen2.5-coder:7b,baseline,seguro,DETECTADO,Semgrep FP (ruído sobre código seguro),FP,Verdadeiro Negativo (Acerto),5.24,"O alerta é um FALSO POSITIVO porque o código não configura explicitamente a versão mínima do TLS. O cliente HTTP criado usa `tls.Config{InsecureSkipVerify: true}`, que desativa a verificação de SSL/TLS, mas não define uma versão mínima específica do protocolo TLS. Portanto, não há vulnerabilidade real relacionada à falta de configuração da versão mínima do TLS.",13,especifica,baseline:597fcfa9,a81b6f5ca3a4f70c2cdbca1436fd138ccc84976ee981aa1726e3dff9ae4e4311,608,110,0.00000000,N/A,
e4311d83:CWE-327:false_positive#2,argoproj/argo-cd,CWE-327,FP,ollama:qwen2.5-coder:7b,baseline,seguro,DETECTADO,Semgrep FP (ruído sobre código seguro),FP,Verdadeiro Negativo (Acerto),6.54,"O código fornecido não configura explicitamente a versão mínima do TLS. A função `getTlsConfigWithCACert` cria uma configuração de TLS, mas não define o valor de `MinVersion`. No entanto, conforme mencionado no alerta, como o Go 1.22 usa TLS 1.2 por padrão e as aplicações de propósito geral devem usar TLS 1.3, este código em si não constitui uma vulnerabilidade. O alerta é um falso positivo porque a ausência explícita de `MinVersion` não implica necessariamente em uma configuração insegura.",13,especifica,baseline:597fcfa9,a81b6f5ca3a4f70c2cdbca1436fd138ccc84976ee981aa1726e3dff9ae4e4311,649,157,0.00000000,N/A,
e4311d83:CWE-327:false_positive#3,argoproj/argo-cd,CWE-327,FP,ollama:qwen2.5-coder:7b,baseline,seguro,DETECTADO,Semgrep FP (ruído sobre código seguro),FP,Verdadeiro Negativo (Acerto),6.66,"O alerta indica que a versão mínima do TLS deve ser definida como TLS 1.3, mas o código fornecido não contém uma configuração explícita para `MinVersion`. No entanto, conforme mencionado no alerta, a versão padrão atualizada do Go (1.22) já usa TLS 1.2 como a versão mínima. Como o código não desativa explicitamente outras versões de TLS e não há indicação de que o sistema precisa suportar clientes ou navegadores com versões mais antigas, é improvável que haja uma vulnerabilidade real nesse contexto.",13,especifica,baseline:597fcfa9,a81b6f5ca3a4f70c2cdbca1436fd138ccc84976ee981aa1726e3dff9ae4e4311,775,153,0.00000000,N/A,
e4311d83:CWE-327:false_positive#4,argoproj/argo-cd,CWE-327,FP,ollama:qwen2.5-coder:7b,baseline,seguro,DETECTADO,Semgrep FP (ruído sobre código seguro),FP,Verdadeiro Negativo (Acerto),6.73,"O alerta indica que a versão mínima do TLS não foi definida, o que é considerado uma boa prática de segurança. No entanto, no contexto fornecido, a configuração TLS parece estar correta e segura, já que ela usa `NextProtos: []string{",13,especifica,baseline:597fcfa9,a81b6f5ca3a4f70c2cdbca1436fd138ccc84976ee981aa1726e3dff9ae4e4311,2047,80,0.00000000,N/A,
e4311d83:CWE-327:false_positive#5,argoproj/argo-cd,CWE-327,FP,ollama:qwen2.5-coder:7b,baseline,seguro,DETECTADO,Semgrep FP (ruído sobre código seguro),FP,Verdadeiro Negativo (Acerto),9.22,"O alerta indica que a versão mínima do TLS não foi definida, o que é considerado uma boa prática de segurança. No entanto, no contexto fornecido, não há evidências de que essa falta de configuração esteja causando vulnerabilidades específicas ou comprometendo a segurança da aplicação. A função `AddCacheFlagsToCmd` configura um cliente Redis com TLS opcionalmente, e se o TLS for usado, as configurações padrão do Go (TLS 1.2) são aplicadas. Portanto, não há necessidade de definir explicitamente `MinVersion: tls.VersionTLS13` neste caso.",13,especifica,baseline:597fcfa9,a81b6f5ca3a4f70c2cdbca1436fd138ccc84976ee981aa1726e3dff9ae4e4311,1958,157,0.00000000,N/A,
e4311d83:CWE-327:false_positive#6,argoproj/argo-cd,CWE-327,FP,ollama:qwen2.5-coder:7b,baseline,seguro,DETECTADO,Semgrep FP (ruído sobre código seguro),FP,Verdadeiro Negativo (Acerto),5.90,"O alerta é um FALSO POSITIVO porque o código não configura explicitamente a versão mínima do TLS. A função `TLSConfig` retorna uma configuração de TLS que, por padrão, usa a versão mínima suportada pelo Go (TLS 1.2), conforme mencionado no alerta. O código não desativa outras versões do TLS ou define explicitamente `MinVersion: tls.VersionTLS13`, o que é necessário para atender ao recomendado no alerta.",13,especifica,baseline:597fcfa9,a81b6f5ca3a4f70c2cdbca1436fd138ccc84976ee981aa1726e3dff9ae4e4311,545,127,0.00000000,N/A,
e4311d83:CWE-327:false_positive#7,argoproj/argo-cd,CWE-327,FP,ollama:qwen2.5-coder:7b,baseline,seguro,DETECTADO,Semgrep FP (ruído sobre código seguro),FP,Verdadeiro Negativo (Acerto),6.79,"O alerta indica que a versão mínima do TLS deve ser definida como TLS 1.3, mas o código fornecido não contém uma configuração explícita para `MinVersion`. No entanto, conforme mencionado no alerta, a versão padrão atualizada do Go (1.22) já usa TLS 1.2 como a versão mínima. Como o código não desativa outras versões de TLS e não há indicação de que o sistema precisa suportar clientes ou navegadores legados com versões inseguras, é improvável que haja uma vulnerabilidade real nesse contexto.",13,especifica,baseline:597fcfa9,a81b6f5ca3a4f70c2cdbca1436fd138ccc84976ee981aa1726e3dff9ae4e4311,920,153,0.00000000,N/A,
e4311d83:CWE-327:false_positive#8,argoproj/argo-cd,CWE-327,FP,ollama:qwen2.5-coder:7b,baseline,seguro,DETECTADO,Semgrep FP (ruído sobre código seguro),FP,Verdadeiro Negativo (Acerto),7.17,"O alerta indica que a configuração TLS está faltando o valor `MinVersion`, o que é considerado uma boa prática de segurança. No entanto, no contexto fornecido, a função `TestTLS` não está configurando um servidor real para produção, mas sim realizando testes de conexão. A configuração `InsecureSkipVerify: true` é aceitável neste caso porque o objetivo é verificar se o servidor aceita conexões TLS ou não, sem preocupações sobre a segurança do certificado. Além disso, a função também tenta uma conexão segura com `MinVersion: tls.VersionTLS13`, que é a configuração desejada para aplicações de propósito geral.",13,especifica,baseline:597fcfa9,a81b6f5ca3a4f70c2cdbca1436fd138ccc84976ee981aa1726e3dff9ae4e4311,822,170,0.00000000,N/A,
e4311d83:CWE-327:false_positive#9,argoproj/argo-cd,CWE-327,FP,ollama:qwen2.5-coder:7b,baseline,seguro,DETECTADO,Semgrep FP (ruído sobre código seguro),FP,Verdadeiro Negativo (Acerto),5.48,"O alerta indica que a versão mínima do TLS deve ser definida como TLS 1.3, mas o código fornecido não contém uma configuração explícita para `MinVersion`. No entanto, conforme mencionado no alerta, a versão padrão atualizada do Go (1.22) já usa TLS 1.2 como a versão mínima. Portanto, neste contexto específico, o código não constitui uma vulnerabilidade.",13,especifica,baseline:597fcfa9,a81b6f5ca3a4f70c2cdbca1436fd138ccc84976ee981aa1726e3dff9ae4e4311,662,118,0.00000000,N/A,
e4311d83:CWE-327:false_positive#10,argoproj/argo-cd,CWE-327,FP,ollama:qwen2.5-coder:7b,baseline,seguro,DETECTADO,Semgrep FP (ruído sobre código seguro),FP,Verdadeiro Negativo (Acerto),6.43,"O alerta indica que a versão mínima do TLS deve ser definida como TLS 1.3, mas o código fornecido não contém uma configuração específica para `MinVersion`. No entanto, conforme mencionado no alerta, a versão padrão do Go 1.22 já usa TLS 1.2 como a mínima. Como o código não desativa outros protocolos TLS e não há indicação de necessidade de suporte a clientes legados que requerem TLS 1.0 ou inferior, é provável que este seja um falso positivo.",13,especifica,baseline:597fcfa9,a81b6f5ca3a4f70c2cdbca1436fd138ccc84976ee981aa1726e3dff9ae4e4311,792,143,0.00000000,N/A,
e4311d83:CWE-327:false_positive#11,argoproj/argo-cd,CWE-327,FP,ollama:qwen2.5-coder:7b,baseline,seguro,DETECTADO,Semgrep FP (ruído sobre código seguro),FP,Verdadeiro Negativo (Acerto),5.43,"O código fornecido não configura explicitamente a versão mínima do TLS. No entanto, conforme o alerta indica, como o Go 1.22 usa TLS 1.2 por padrão e as aplicações de propósito geral devem usar TLS 1.3 com todas as outras versões desabilitadas, este código não constitui uma vulnerabilidade em si. O alerta é mais uma recomendação de segurança para melhorar a configuração do TLS.",13,especifica,baseline:597fcfa9,a81b6f5ca3a4f70c2cdbca1436fd138ccc84976ee981aa1726e3dff9ae4e4311,503,120,0.00000000,N/A,
e4311d83:CWE-327:false_positive#12,argoproj/argo-cd,CWE-327,FP,ollama:qwen2.5-coder:7b,baseline,seguro,DETECTADO,Semgrep FP (ruído sobre código seguro),FP,Verdadeiro Negativo (Acerto),6.08,"O alerta indica que a versão mínima do protocolo SSL/TLS não foi definida na configuração TLS. No entanto, o código fornecido não contém nenhuma configuração de TLS explícita, então é improvável que haja uma vulnerabilidade real. A função `CreateServerTLSConfig` parece estar configurando um servidor TLS com base em certificados e chaves existentes ou gerando um certificado autoassinado se os caminhos dos certificados não forem fornecidos.",13,especifica,baseline:597fcfa9,a81b6f5ca3a4f70c2cdbca1436fd138ccc84976ee981aa1726e3dff9ae4e4311,841,128,0.00000000,N/A,
e4311d83:CWE-338:false_positive,argoproj/argo-cd,CWE-338,FP,ollama:qwen2.5-coder:7b,baseline,seguro,DETECTADO,Semgrep FP (ruído sobre código seguro),FP,Verdadeiro Negativo (Acerto),5.90,"O alerta é um FALSO POSITIVO porque o código não está utilizando a função `math/rand` diretamente. Em vez disso, o pacote `math/rand` é importado e usado em uma chamada para `rand.Intn`, que provavelmente é parte de uma implementação mais complexa ou personalizada do gerador de números aleatórios. O alerta está incorretamente sinalizando a utilização de `math/rand` quando, na verdade, o código específico não está usando essa função diretamente.",3,especifica,baseline:597fcfa9,a81b6f5ca3a4f70c2cdbca1436fd138ccc84976ee981aa1726e3dff9ae4e4311,539,129,0.00000000,N/A,
e4311d83:CWE-338:false_positive#1,argoproj/argo-cd,CWE-338,FP,ollama:qwen2.5-coder:7b,baseline,seguro,DETECTADO,Semgrep FP (ruído sobre código seguro),FP,Verdadeiro Negativo (Acerto),5.72,"O alerta é um FALSO POSITIVO neste contexto. A ferramenta Semgrep está sinalizando o uso de `math/rand`, mas em um ambiente de aplicação Go, especialmente em sistemas que lidam com segurança (como Argo CD), é mais seguro e recomendado usar `crypto/rand` para geração de números aleatórios criptograficamente seguros. No entanto, neste código específico, não há evidências de uso inadequado ou vulnerabilidade relacionada à geração de números aleatórios.",3,especifica,baseline:597fcfa9,a81b6f5ca3a4f70c2cdbca1436fd138ccc84976ee981aa1726e3dff9ae4e4311,491,128,0.00000000,N/A,
e4311d83:CWE-338:false_positive#2,argoproj/argo-cd,CWE-338,FP,ollama:qwen2.5-coder:7b,baseline,seguro,DETECTADO,Semgrep FP (ruído sobre código seguro),FP,Verdadeiro Negativo (Acerto),6.22,"O alerta é um FALSO POSITIVO porque o código não está utilizando a função `math/rand` diretamente. Em vez disso, o pacote `math/rand` é importado e usado em uma chamada para `rand.Intn`, que provavelmente é parte de uma implementação mais complexa ou personalizada do gerador de números aleatórios. Além disso, a função `rand.Intn` é usada dentro de um contexto controlado, onde o valor gerado pode ser determinístico e não necessariamente seguro para uso em operações críticas que exigem alta segurança.",3,especifica,baseline:597fcfa9,a81b6f5ca3a4f70c2cdbca1436fd138ccc84976ee981aa1726e3dff9ae4e4311,564,145,0.00000000,N/A,
e4311d83:CWE-352:false_positive,argoproj/argo-cd,CWE-352,FP,ollama:qwen2.5-coder:7b,baseline,seguro,DETECTADO,Semgrep FP (ruído sobre código seguro),FP,Verdadeiro Negativo (Acerto),5.65,"O código fornecido não verifica o cabeçalho 'Origin' na requisição WebSocket, mas isso não constitui uma vulnerabilidade de Cross Site Request Forgery (CSRF) porque a verificação do 'Origin' é geralmente realizada em endpoints HTTP regulares e não em conexões WebSocket. Além disso, a ferramenta Semgrep está configurada para emitir um alerta nesse contexto específico, mas o padrão não constitui uma vulnerabilidade real neste caso.",1,especifica,baseline:597fcfa9,a81b6f5ca3a4f70c2cdbca1436fd138ccc84976ee981aa1726e3dff9ae4e4311,528,119,0.00000000,N/A,
e4311d83:CWE-377:false_positive,argoproj/argo-cd,CWE-377,FP,ollama:qwen2.5-coder:7b,baseline,seguro,DETECTADO,Semgrep FP (ruído sobre código seguro),FP,Verdadeiro Negativo (Acerto),6.17,"O código cria arquivos temporários em um diretório compartilhado (/tmp), mas usa a função `os.WriteFile` para escrever os arquivos, que é considerada uma prática segura nesse contexto. A ferramenta Semgrep está alertando sobre o uso de `/tmp`, mas não há evidências de que isso seja uma vulnerabilidade específica neste caso.",1,fallback,baseline:597fcfa9,a81b6f5ca3a4f70c2cdbca1436fd138ccc84976ee981aa1726e3dff9ae4e4311,1272,95,0.00000000,N/A,
e4311d83:CWE-400:false_positive,argoproj/argo-cd,CWE-400,FP,ollama:qwen2.5-coder:7b,baseline,seguro,DETECTADO,Semgrep FP (ruído sobre código seguro),FP,Verdadeiro Negativo (Acerto),5.81,"O código implementa um mecanismo de proteção contra ataques de bomba de descompressão (zip bombs) ao limitar o tamanho máximo de leitura (`io.LimitReader(gzr, maxSize)`). Além disso, ele realiza verificações adicionais para evitar ataques zip-slip e symlinks maliciosos. Portanto, este código não constitui uma vulnerabilidade real.",1,fallback,baseline:597fcfa9,a81b6f5ca3a4f70c2cdbca1436fd138ccc84976ee981aa1726e3dff9ae4e4311,955,101,0.00000000,N/A,
e4311d83:CWE-470:false_positive,argoproj/argo-cd,CWE-470,FP,ollama:qwen2.5-coder:7b,baseline,seguro,DETECTADO,Semgrep FP (ruído sobre código seguro),FP,Verdadeiro Negativo (Acerto),5.64,"O uso de `reflect.ValueOf().Elem().FieldByName()` neste contexto não constitui uma vulnerabilidade de reflexão insegura. O código está sendo usado para atualizar campos específicos de um objeto, e não para invocar métodos ou acessar campos arbitrários com base em entradas do usuário. A entrada do usuário é limitada a um conjunto predefinido de campos ('Status', 'Health', 'Hook', 'Message'), o que reduz significativamente o risco de ataque.",1,especifica,baseline:597fcfa9,a81b6f5ca3a4f70c2cdbca1436fd138ccc84976ee981aa1726e3dff9ae4e4311,451,124,0.00000000,N/A,
e4311d83:CWE-601:false_positive,argoproj/argo-cd,CWE-601,FP,ollama:qwen2.5-coder:7b,baseline,seguro,DETECTADO,Semgrep FP (ruído sobre código seguro),FP,Verdadeiro Negativo (Acerto),5.78,"O alerta é um FALSO POSITIVO porque o código não está utilizando diretamente a entrada do usuário para criar uma URL de redirecionamento aberta. A variável `logoutRedirectURL` é definida como uma URL base (`argoURL`) que não depende da entrada do usuário. O redirecionamento ocorre apenas para essa URL base, e não para qualquer URL fornecida pelo usuário.",3,especifica,baseline:597fcfa9,a81b6f5ca3a4f70c2cdbca1436fd138ccc84976ee981aa1726e3dff9ae4e4311,1010,104,0.00000000,N/A,
e4311d83:CWE-601:false_positive#1,argoproj/argo-cd,CWE-601,FP,ollama:qwen2.5-coder:7b,baseline,seguro,DETECTADO,Semgrep FP (ruído sobre código seguro),FP,Verdadeiro Negativo (Acerto),5.09,"O código não está criando uma URL de redirecionamento a partir do usuário. Em vez disso, ele está construindo uma URL baseada no host da solicitação (`req.Host`) e adicionando o caminho e a consulta da solicitação original. Isso não constitui um open redirect porque não há manipulação direta do valor de redirecionamento fornecido pelo usuário.",3,especifica,baseline:597fcfa9,a81b6f5ca3a4f70c2cdbca1436fd138ccc84976ee981aa1726e3dff9ae4e4311,504,102,0.00000000,N/A,
e4311d83:CWE-601:false_positive#2,argoproj/argo-cd,CWE-601,FP,ollama:qwen2.5-coder:7b,baseline,seguro,DETECTADO,Semgrep FP (ruído sobre código seguro),FP,Verdadeiro Negativo (Acerto),5.17,"O código verifica se o valor de `return_url` é válido antes de usá-lo para redirecionar. A função `isValidRedirectURL` garante que o protocolo, o host (incluindo a porta) e o caminho da URL estejam dentro dos domínios permitidos. Portanto, não há risco de open redirect.",3,especifica,baseline:597fcfa9,a81b6f5ca3a4f70c2cdbca1436fd138ccc84976ee981aa1726e3dff9ae4e4311,826,91,0.00000000,N/A,
e4311d83:CWE-614:false_positive,argoproj/argo-cd,CWE-614,FP,ollama:qwen2.5-coder:7b,baseline,seguro,DETECTADO,Semgrep FP (ruído sobre código seguro),FP,Verdadeiro Negativo (Acerto),5.96,"O alerta indica que a cookie de sessão não tem o 'Secure' flag definido, o que pode levar à transmissão da cookie por canais inseguros. No entanto, no contexto fornecido, a função `ServeHTTP` está redirecionando para uma URL segura (`http://` é automaticamente redirecionado para `https`). Portanto, não há risco real de transmissão insegura da cookie.",2,especifica,baseline:597fcfa9,a81b6f5ca3a4f70c2cdbca1436fd138ccc84976ee981aa1726e3dff9ae4e4311,989,112,0.00000000,N/A,
e4311d83:CWE-614:false_positive#1,argoproj/argo-cd,CWE-614,FP,ollama:qwen2.5-coder:7b,baseline,seguro,DETECTADO,Semgrep FP (ruído sobre código seguro),VP,Falso Positivo (Ruído Mantido),6.39,"O alerta é um VERDADEIRO POSITIVO (VP) porque o código não está configurando a bandeira 'Secure' para o cookie de sessão. A bandeira 'Secure' deve ser definida como 'true' para garantir que o cookie só seja transmitido por canais seguros, como HTTPS. No contexto fornecido, a variável `a.secureCookie` é usada para determinar se a bandeira 'Secure' deve ser definida, mas não há uma verificação explícita de seu valor ou garantia de que ele esteja sendo configurado corretamente.",2,especifica,baseline:597fcfa9,a81b6f5ca3a4f70c2cdbca1436fd138ccc84976ee981aa1726e3dff9ae4e4311,610,145,0.00000000,N/A,
e4311d83:CWE-665:false_positive,argoproj/argo-cd,CWE-665,FP,ollama:qwen2.5-coder:7b,baseline,seguro,DETECTADO,Semgrep FP (ruído sobre código seguro),FP,Verdadeiro Negativo (Acerto),5.73,"O alerta indica que a variável `resp` pode ser modificada e usada posteriormente em caso de erro. No entanto, no contexto fornecido, isso não constitui uma vulnerabilidade real. A variável `resp` é usada para verificar o código de status HTTP em caso de erro, o que é uma prática comum e segura. Além disso, a função retorna um erro imediatamente se ocorrer um problema, evitando qualquer uso potencial de `resp` após uma modificação.",5,especifica,baseline:597fcfa9,a81b6f5ca3a4f70c2cdbca1436fd138ccc84976ee981aa1726e3dff9ae4e4311,590,128,0.00000000,N/A,
e4311d83:CWE-665:false_positive#1,argoproj/argo-cd,CWE-665,FP,ollama:qwen2.5-coder:7b,baseline,seguro,DETECTADO,Semgrep FP (ruído sobre código seguro),FP,Verdadeiro Negativo (Acerto),7.28,"O alerta é um FALSO POSITIVO porque o código verifica se a `orphanedNodesMap` está vazia antes de iterá-la. Se a `orphanedNodesMap` estiver vazia, a iteração não ocorrerá e o código seguirá normalmente. Portanto, esta verificação previne uma possível execução ineficiente ou desnecessária da iteração sobre um mapa vazio.",5,especifica,baseline:597fcfa9,a81b6f5ca3a4f70c2cdbca1436fd138ccc84976ee981aa1726e3dff9ae4e4311,1635,107,0.00000000,N/A,
e4311d83:CWE-665:false_positive#2,argoproj/argo-cd,CWE-665,FP,ollama:qwen2.5-coder:7b,baseline,seguro,DETECTADO,Semgrep FP (ruído sobre código seguro),FP,Verdadeiro Negativo (Acerto),5.24,"O alerta é um FALSO POSITIVO porque o código verifica se `repoRefs` está vazia antes de iterar sobre ela. A linha 2890 contém a verificação `for normalizedURL := range repoRefs {`, que só será executada se `repoRefs` não estiver vazia. Portanto, a iteração sobre um mapa vazio não ocorrerá neste código.",5,especifica,baseline:597fcfa9,a81b6f5ca3a4f70c2cdbca1436fd138ccc84976ee981aa1726e3dff9ae4e4311,659,103,0.00000000,N/A,
e4311d83:CWE-665:false_positive#3,argoproj/argo-cd,CWE-665,FP,ollama:qwen2.5-coder:7b,baseline,seguro,DETECTADO,Semgrep FP (ruído sobre código seguro),FP,Verdadeiro Negativo (Acerto),10749.84,"O alerta indica que a variável `r` pode ser modificada e usada posteriormente em caso de erro. No entanto, no contexto fornecido, isso não constitui uma vulnerabilidade real. A variável `r` é inicializada dentro do bloco `if err != nil`, garantindo que ela sempre esteja definida antes de ser usada. Além disso, a verificação `if r == nil || !errors.IsCredentialsConfigurationError(err)` garante que o código não acessará um ponteiro nulo em caso de erro. Portanto, esta é uma falsa positiva.",5,especifica,baseline:597fcfa9,a81b6f5ca3a4f70c2cdbca1436fd138ccc84976ee981aa1726e3dff9ae4e4311,526,146,0.00000000,N/A,
e4311d83:CWE-665:false_positive#4,argoproj/argo-cd,CWE-665,FP,ollama:qwen2.5-coder:7b,baseline,seguro,DETECTADO,Semgrep FP (ruído sobre código seguro),FP,Verdadeiro Negativo (Acerto),5.42,"O alerta indica que a variável `r` pode ser modificada e usada posteriormente em caso de erro. No entanto, no contexto fornecido, se ocorrer um erro durante o processamento de um segredo, a função retorna imediatamente com o erro original, evitando qualquer uso potencial de uma referência nula (`nil`) para `r`. Além disso, a variável `r` é inicializada dentro do loop e não é modificada fora dele. Portanto, esta situação não constitui uma vulnerabilidade real.",5,especifica,baseline:597fcfa9,a81b6f5ca3a4f70c2cdbca1436fd138ccc84976ee981aa1726e3dff9ae4e4311,524,135,0.00000000,N/A,
e4311d83:CWE-667:false_positive,argoproj/argo-cd,CWE-667,FP,ollama:qwen2.5-coder:7b,baseline,seguro,DETECTADO,Semgrep FP (ruído sobre código seguro),FP,Verdadeiro Negativo (Acerto),4.22,"O código não possui um `return` que possa causar uma condição de deadlock. A função `reconnect()` sempre retorna após o desbloqueio do mutex, garantindo que a variável `t.writeLock` seja desbloqueada antes da saída da função.",1,especifica,baseline:597fcfa9,a81b6f5ca3a4f70c2cdbca1436fd138ccc84976ee981aa1726e3dff9ae4e4311,465,76,0.00000000,N/A,
e4311d83:CWE-79:false_positive,argoproj/argo-cd,CWE-79,FP,ollama:qwen2.5-coder:7b,baseline,seguro,DETECTADO,Semgrep FP (ruído sobre código seguro),FP,Verdadeiro Negativo (Acerto),4.94,"O alerta é um FALSO POSITIVO neste contexto. O código não está diretamente envolvido em renderização de conteúdo gerado pelo usuário, nem em operações que possam levar a vulnerabilidades XSS. A função `text/template` é usada para processar templates, mas o conteúdo sendo processado provavelmente não é gerado pelo usuário e, portanto, não há risco de injeção de script.",8,especifica,baseline:597fcfa9,a81b6f5ca3a4f70c2cdbca1436fd138ccc84976ee981aa1726e3dff9ae4e4311,671,110,0.00000000,N/A,
e4311d83:CWE-79:false_positive#1,argoproj/argo-cd,CWE-79,FP,ollama:qwen2.5-coder:7b,baseline,seguro,DETECTADO,Semgrep FP (ruído sobre código seguro),FP,Verdadeiro Negativo (Acerto),4.78,"O alerta é um FALSO POSITIVO porque o código não está diretamente envolvido em renderização de conteúdo gerado pelo usuário. O pacote `text/template` é usado apenas para processar templates Go, que são definidos no código e não são baseados em entrada do usuário. Portanto, não há risco de Cross-Site Scripting (XSS) nesse contexto.",8,especifica,baseline:597fcfa9,a81b6f5ca3a4f70c2cdbca1436fd138ccc84976ee981aa1726e3dff9ae4e4311,645,101,0.00000000,N/A,
e4311d83:CWE-79:false_positive#3,argoproj/argo-cd,CWE-79,FP,ollama:qwen2.5-coder:7b,baseline,seguro,DETECTADO,Semgrep FP (ruído sobre código seguro),FP,Verdadeiro Negativo (Acerto),3.83,"O código não está diretamente escrevendo em 'http.ResponseWriter' sem escape HTML. Ele está escrevendo logs brutos, que não são vulneráveis a XSS se os dados de entrada forem corretamente validados e sanitizados antes da escrita.",8,especifica,baseline:597fcfa9,a81b6f5ca3a4f70c2cdbca1436fd138ccc84976ee981aa1726e3dff9ae4e4311,797,71,0.00000000,N/A,
e4311d83:CWE-79:false_positive#4,argoproj/argo-cd,CWE-79,FP,ollama:qwen2.5-coder:7b,baseline,seguro,DETECTADO,Semgrep FP (ruído sobre código seguro),FP,Verdadeiro Negativo (Acerto),6.84,"O alerta é um FALSO POSITIVO neste contexto. O código está utilizando uma abordagem manual para construir uma string HTML, mas esta construção é segura porque os valores inseridos são validados e sanitizados antes de serem incorporados na string HTML. Especificamente, o valor do parâmetro 'name' é verificado pela função `argo.IsValidAppName`, que garante que ele seja um nome válido para uma aplicação. Além disso, a string HTML é construída usando placeholders (`$2`) e substituições seguras, garantindo que nenhum dado não sanitizado seja incorporado diretamente na string final.",8,especifica,baseline:597fcfa9,a81b6f5ca3a4f70c2cdbca1436fd138ccc84976ee981aa1726e3dff9ae4e4311,2235,153,0.00000000,N/A,
e4311d83:CWE-79:false_positive#5,argoproj/argo-cd,CWE-79,FP,ollama:qwen2.5-coder:7b,baseline,seguro,DETECTADO,Semgrep FP (ruído sobre código seguro),FP,Verdadeiro Negativo (Acerto),18.54,"O alerta é um FALSO POSITIVO neste contexto. O código está usando o pacote `text/template` para processar templates, mas não há evidências de que ele esteja renderizando conteúdo gerado pelo usuário diretamente. A função `init()` exclui algumas funções do pacote sprig que podem ser usadas para acessar informações ambientais, mas isso não implica em vulnerabilidades XSS. Além disso, o código não mostra qualquer uso direto de templates para renderizar conteúdo HTML, então a recomendação de usar `html/template` não se aplica aqui.",8,especifica,baseline:597fcfa9,a81b6f5ca3a4f70c2cdbca1436fd138ccc84976ee981aa1726e3dff9ae4e4311,613,142,0.00000000,N/A,
e4311d83:CWE-79:false_positive#6,argoproj/argo-cd,CWE-79,FP,ollama:qwen2.5-coder:7b,baseline,seguro,DETECTADO,Semgrep FP (ruído sobre código seguro),FP,Verdadeiro Negativo (Acerto),5.46,"O alerta é um FALSO POSITIVO porque o código não está diretamente escrevendo dados em 'http.ResponseWriter' sem escape HTML. Em vez disso, ele está escrevendo uma string formatada que inclui informações de caminho e nome de arquivo, seguida por conteúdo do arquivo. Este padrão não constitui uma vulnerabilidade XSS porque os dados são escritos como parte de um comentário JavaScript e não são inseridos diretamente no HTML ou em outro contexto onde a injeção de script seria possível.",8,especifica,baseline:597fcfa9,a81b6f5ca3a4f70c2cdbca1436fd138ccc84976ee981aa1726e3dff9ae4e4311,664,126,0.00000000,N/A,
e4311d83:CWE-79:false_positive#7,argoproj/argo-cd,CWE-79,FP,ollama:qwen2.5-coder:7b,baseline,seguro,DETECTADO,Semgrep FP (ruído sobre código seguro),FP,Verdadeiro Negativo (Acerto),6.37,"O alerta é um FALSO POSITIVO porque o código não está diretamente envolvido em operações de escrita que possam levar a uma injeção de script. A função `fmt.Fprint(w, swaggerJSON)` está sendo usada para enviar dados JSON, que geralmente são seguros se os dados forem corretamente validados e escapados antes de serem enviados. No contexto deste código, não há evidências de que isso possa levar a uma vulnerabilidade XSS (Cross-Site Scripting). Além disso, o uso do pacote `html/template` para renderizar dados em situações mais complexas é mencionado como uma alternativa recomendada, mas não é aplicável neste caso específico.",8,especifica,baseline:597fcfa9,a81b6f5ca3a4f70c2cdbca1436fd138ccc84976ee981aa1726e3dff9ae4e4311,476,175,0.00000000,N/A,
e4311d83:CWE-94:false_positive,argoproj/argo-cd,CWE-94,FP,ollama:qwen2.5-coder:7b,baseline,seguro,DETECTADO,Semgrep FP (ruído sobre código seguro),FP,Verdadeiro Negativo (Acerto),6.01,"O código não está executando comandos dinâmicos provenientes de dados não verificados do usuário. A função `runCommand` espera um objeto `Command` como parâmetro, que contém o comando a ser executado e seus argumentos. Esses valores são passados diretamente para `exec.CommandContext`, mas não há indicação de que esses valores sejam obtidos de uma fonte não confiável. Além disso, o código inclui verificações adicionais, como verificar se o comando está vazio, garantindo que apenas comandos válidos sejam executados.",4,especifica,baseline:597fcfa9,a81b6f5ca3a4f70c2cdbca1436fd138ccc84976ee981aa1726e3dff9ae4e4311,868,143,0.00000000,N/A,
e4311d83:CWE-94:false_positive#1,argoproj/argo-cd,CWE-94,FP,ollama:qwen2.5-coder:7b,baseline,seguro,DETECTADO,Semgrep FP (ruído sobre código seguro),FP,Verdadeiro Negativo (Acerto),5.30,"O alerta é um FALSO POSITIVO porque o código não executa comandos externos diretamente. Em vez disso, ele usa a função `exec.Command` para iniciar uma sessão de edição interativa em um editor de texto especificado pelo usuário (ou padrão). O comando do editor é definido por variáveis que são controladas pelo sistema operacional e não pelo código-fonte. Portanto, não há risco de injeção de comandos maliciosos.",4,especifica,baseline:597fcfa9,a81b6f5ca3a4f70c2cdbca1436fd138ccc84976ee981aa1726e3dff9ae4e4311,580,122,0.00000000,N/A,
e4311d83:CWE-94:false_positive#2,argoproj/argo-cd,CWE-94,FP,ollama:qwen2.5-coder:7b,baseline,seguro,DETECTADO,Semgrep FP (ruído sobre código seguro),FP,Verdadeiro Negativo (Acerto),4.47,"O código não executa comandos dinâmicos fornecidos pelo usuário. A variável 'wrapper' é uma string estática que representa o executável a ser chamado, e 'args' são parâmetros adicionais também estáticos. Não há evidências de entrada do usuário sendo usada diretamente para formar ou alterar esses comandos.",4,especifica,baseline:597fcfa9,a81b6f5ca3a4f70c2cdbca1436fd138ccc84976ee981aa1726e3dff9ae4e4311,383,95,0.00000000,N/A,
e4311d83:CWE-94:false_positive#3,argoproj/argo-cd,CWE-94,FP,ollama:qwen2.5-coder:7b,baseline,seguro,DETECTADO,Semgrep FP (ruído sobre código seguro),FP,Verdadeiro Negativo (Acerto),7.25,"O alerta é um FALSO POSITIVO porque o código não está executando comandos externos diretamente. Em vez disso, ele está usando a função `exec.Command` para construir e executar comandos baseados em parâmetros de entrada controlados pelo sistema (como `opts.NamePrefix`, `opts.Images`, etc.). Esses parâmetros são passados para o comando como argumentos, não como parte da string do comando em si. Portanto, não há risco de injeção de código malicioso.",4,especifica,baseline:597fcfa9,a81b6f5ca3a4f70c2cdbca1436fd138ccc84976ee981aa1726e3dff9ae4e4311,2903,133,0.00000000,N/A,
d78929e7:CWE-319:false_positive,argoproj/gitops-engine,CWE-319,FP,ollama:qwen2.5-coder:7b,baseline,seguro,DETECTADO,Semgrep FP (ruído sobre código seguro),FP,Verdadeiro Negativo (Acerto),4.58,"O alerta é um FALSO POSITIVO porque o código está sendo usado para iniciar um servidor de perfilamento (pprof) em uma máquina local (127.0.0.1) e não exposto à internet. Portanto, não há risco de exposição a vulnerabilidades relacionadas à falta de TLS.",1,especifica,baseline:597fcfa9,a81b6f5ca3a4f70c2cdbca1436fd138ccc84976ee981aa1726e3dff9ae4e4311,422,89,0.00000000,N/A,
d78929e7:CWE-328:false_positive,argoproj/gitops-engine,CWE-328,FP,ollama:qwen2.5-coder:7b,baseline,seguro,DETECTADO,Semgrep FP (ruído sobre código seguro),FP,Verdadeiro Negativo (Acerto),5.58,"O alerta é um FALSO POSITIVO porque o uso de MD5 neste contexto não constitui uma vulnerabilidade. O código está sendo usado para ordenar subconjuntos com base em hashes, e não como parte de um processo de autenticação ou assinatura digital. A fragilidade do algoritmo MD5 neste caso é limitada ao fato de que os hashes podem colidir, o que pode levar a uma ordem incorreta dos elementos no subconjunto. No entanto, isso não compromete a segurança da aplicação em termos de autenticidade ou integridade.",1,especifica,baseline:597fcfa9,a81b6f5ca3a4f70c2cdbca1436fd138ccc84976ee981aa1726e3dff9ae4e4311,357,146,0.00000000,N/A,
d78929e7:CWE-489:false_positive,argoproj/gitops-engine,CWE-489,FP,ollama:qwen2.5-coder:7b,baseline,seguro,DETECTADO,Semgrep FP (ruído sobre código seguro),VP,Falso Positivo (Ruído Mantido),4.86,"O alerta é um VERDADEIRO POSITIVO (VP) porque o código expõe automaticamente o endpoint 'pprof' em /debug/pprof, o que pode levar a vazamento de informações sobre o servidor. Embora o código configure o perfil para ser acessível apenas localmente (127.0.0.1), a exposição desse endpoint ainda constitui uma vulnerabilidade potencial.",1,fallback,baseline:597fcfa9,a81b6f5ca3a4f70c2cdbca1436fd138ccc84976ee981aa1726e3dff9ae4e4311,463,108,0.00000000,N/A,
d78929e7:CWE-665:false_positive,argoproj/gitops-engine,CWE-665,FP,ollama:qwen2.5-coder:7b,baseline,seguro,DETECTADO,Semgrep FP (ruído sobre código seguro),FP,Verdadeiro Negativo (Acerto),5.09,"O código itera sobre um mapa chamado `resources`, que é inicializado com os valores de `c.nsIndex[namespace]` ou `c.resources`. Antes da iteração, há uma verificação para garantir que o mapa não esteja vazio. Se o mapa estiver vazio, a função retorna imediatamente um mapa vazio. Portanto, a iteração sobre um mapa possivelmente vazio é segura neste contexto e não constitui uma vulnerabilidade.",1,especifica,baseline:597fcfa9,a81b6f5ca3a4f70c2cdbca1436fd138ccc84976ee981aa1726e3dff9ae4e4311,460,119,0.00000000,N/A,
1f40a88b:CWE-1004:false_positive,beego/beego,CWE-1004,FP,ollama:qwen2.5-coder:7b,baseline,seguro,DETECTADO,Semgrep FP (ruído sobre código seguro),VP,Falso Positivo (Ruído Mantido),5.99,"O alerta é um VERDADEIRO POSITIVO (VP) porque o código não está configurando a bandeira 'HttpOnly' para o cookie de sessão. A configuração `HttpOnly: !manager.config.DisableHTTPOnly` pode resultar em uma condição onde a bandeira 'HttpOnly' não é definida, dependendo do valor de `manager.config.DisableHTTPOnly`. Se `DisableHTTPOnly` for falso, a bandeira 'HttpOnly' será falsa (ou seja, ausente), o que expõe o cookie à leitura por scripts cliente-side e potencialmente a ataques XSS.",1,especifica,baseline:597fcfa9,a81b6f5ca3a4f70c2cdbca1436fd138ccc84976ee981aa1726e3dff9ae4e4311,675,152,0.00000000,N/A,
1f40a88b:CWE-327:false_positive,beego/beego,CWE-327,FP,ollama:qwen2.5-coder:7b,baseline,seguro,DETECTADO,Semgrep FP (ruído sobre código seguro),FP,Verdadeiro Negativo (Acerto),5.61,"O alerta indica que a versão mínima do protocolo TLS não foi definida na configuração de TLS. No entanto, o código fornecido já está configurado para usar TLS 1.3 como a versão mínima, conforme indicado pela linha `tlsConn := &tls.Config{InsecureSkipVerify: s.InsecureSkipVerify, ServerName: host}`. A função `smtp.Dial` e `client.StartTLS(tlsConn)` garantem que o protocolo TLS seja usado para a comunicação segura com o servidor SMTP.",3,especifica,baseline:597fcfa9,a81b6f5ca3a4f70c2cdbca1436fd138ccc84976ee981aa1726e3dff9ae4e4311,643,134,0.00000000,N/A,
1f40a88b:CWE-327:false_positive#1,beego/beego,CWE-327,FP,ollama:qwen2.5-coder:7b,baseline,seguro,DETECTADO,Semgrep FP (ruído sobre código seguro),FP,Verdadeiro Negativo (Acerto),5.11,"O código fornecido não está configurando explicitamente a versão mínima do TLS. A ferramenta Semgrep está alertando sobre uma prática recomendada, mas o código em questão não viola diretamente as diretrizes de segurança em vigor. O padrão de usar TLS 1.2 como mínimo é aceitável para muitos aplicativos web modernos e a ausência explícita de `MinVersion: tls.VersionTLS13` não constitui uma vulnerabilidade.",3,especifica,baseline:597fcfa9,a81b6f5ca3a4f70c2cdbca1436fd138ccc84976ee981aa1726e3dff9ae4e4311,616,119,0.00000000,N/A,
1f40a88b:CWE-327:false_positive#2,beego/beego,CWE-327,FP,ollama:qwen2.5-coder:7b,baseline,seguro,DETECTADO,Semgrep FP (ruído sobre código seguro),FP,Verdadeiro Negativo (Acerto),6.78,"O alerta indica que a versão mínima do protocolo SSL/TLS não foi definida, o que pode ser considerado uma prática recomendada para segurança. No entanto, no contexto fornecido, não há evidências de que essa falta de configuração esteja causando uma vulnerabilidade específica. A função `Run` parece estar configurando um servidor HTTP/HTTPS usando a biblioteca Go padrão, e a ausência explícita de `MinVersion` pode ser considerada uma boa prática em vez de uma falha segura.",3,especifica,baseline:597fcfa9,a81b6f5ca3a4f70c2cdbca1436fd138ccc84976ee981aa1726e3dff9ae4e4311,2376,132,0.00000000,N/A,
1f40a88b:CWE-328:false_positive,beego/beego,CWE-328,FP,ollama:qwen2.5-coder:7b,baseline,seguro,DETECTADO,Semgrep FP (ruído sobre código seguro),VP,Falso Positivo (Ruído Mantido),5.29,"O uso do algoritmo MD5 para calcular o hash do corpo da solicitação é considerado inseguro devido à sua vulnerabilidade a colisões. O alerta indica que MD5 não é resistente a colisões e, portanto, não deve ser usado como um algoritmo criptográfico seguro. A recomendação para usar SHA256 ou SHA3 em vez disso é válida e aponta uma vulnerabilidade real no código.",1,especifica,baseline:597fcfa9,a81b6f5ca3a4f70c2cdbca1436fd138ccc84976ee981aa1726e3dff9ae4e4311,689,117,0.00000000,N/A,
1f40a88b:CWE-338:false_positive,beego/beego,CWE-338,FP,ollama:qwen2.5-coder:7b,baseline,seguro,DETECTADO,Semgrep FP (ruído sobre código seguro),VP,Falso Positivo (Ruído Mantido),5.09,"O alerta é um VERDADEIRO POSITIVO (VP) porque o código está usando a biblioteca `math/rand` para gerar números aleatórios, que não é seguro para uso em contextos críticos como geração de tokens de segurança ou expiração de cache. A ferramenta recomenda usar `crypto/rand` em vez disso, pois ela fornece números aleatórios criptograficamente seguros.",3,especifica,baseline:597fcfa9,a81b6f5ca3a4f70c2cdbca1436fd138ccc84976ee981aa1726e3dff9ae4e4311,591,110,0.00000000,N/A,
1f40a88b:CWE-338:false_positive#1,beego/beego,CWE-338,FP,ollama:qwen2.5-coder:7b,baseline,seguro,DETECTADO,Semgrep FP (ruído sobre código seguro),FP,Verdadeiro Negativo (Acerto),5.08,"O alerta é um FALSO POSITIVO porque o código está usando `crypto/rand` para gerar números aleatórios criptograficamente seguros, conforme indicado na linha 19. A função `RandomCreateBytes` utiliza `crypto/rand.Read` para preencher os bytes de forma segura, evitando a necessidade de usar `math/rand`, que não é recomendada para geração de números aleatórios criptograficamente seguros.",3,especifica,baseline:597fcfa9,a81b6f5ca3a4f70c2cdbca1436fd138ccc84976ee981aa1726e3dff9ae4e4311,606,116,0.00000000,N/A,
1f40a88b:CWE-338:false_positive#2,beego/beego,CWE-338,FP,ollama:qwen2.5-coder:7b,baseline,seguro,DETECTADO,Semgrep FP (ruído sobre código seguro),FP,Verdadeiro Negativo (Acerto),4.94,"O alerta é um FALSO POSITIVO porque o código em questão não está utilizando a função `math/rand` diretamente. Em vez disso, ele utiliza uma função chamada `InSliceIface`, que verifica se um valor de interface específico existe em uma fatia de interface. Esta função não envolve a geração ou uso de números aleatórios, portanto, não constitui uma vulnerabilidade relacionada à segurança criptográfica.",3,especifica,baseline:597fcfa9,a81b6f5ca3a4f70c2cdbca1436fd138ccc84976ee981aa1726e3dff9ae4e4311,536,112,0.00000000,N/A,
1f40a88b:CWE-470:false_positive,beego/beego,CWE-470,FP,ollama:qwen2.5-coder:7b,baseline,seguro,DETECTADO,Semgrep FP (ruído sobre código seguro),FP,Verdadeiro Negativo (Acerto),5.25,"O uso de `reflect.Indirect(reflect.ValueOf(ins)).FieldByName(pkName)` não constitui uma vulnerabilidade em si, pois o valor do campo é obtido a partir de um objeto que já foi verificado como não nulo (`if ins == nil { return }`). Além disso, o código verifica se o campo é zero-value antes de tentar definir um valor padrão. Portanto, este uso específico de reflexão não apresenta riscos de injeção ou controle de fluxo indesejado.",7,especifica,baseline:597fcfa9,a81b6f5ca3a4f70c2cdbca1436fd138ccc84976ee981aa1726e3dff9ae4e4311,441,129,0.00000000,N/A,
1f40a88b:CWE-470:false_positive#1,beego/beego,CWE-470,FP,ollama:qwen2.5-coder:7b,baseline,seguro,DETECTADO,Semgrep FP (ruído sobre código seguro),FP,Verdadeiro Negativo (Acerto),5.87,"O alerta é um FALSO POSITIVO porque o código não está utilizando a função `reflect.ValueOf().MethodByName()` ou `reflect.ValueOf().FieldByName()` de forma insegura. O código está usando `ind.FieldByName(models.CamelString(key))`, onde `models.CamelString(key)` é uma função que garante que o nome do campo esteja em formato CamelCase, evitando a possibilidade de ataques baseados na reflexão. Além disso, o código verifica se o campo é válido antes de acessá-lo, adicionando mais segurança.",7,especifica,baseline:597fcfa9,a81b6f5ca3a4f70c2cdbca1436fd138ccc84976ee981aa1726e3dff9ae4e4311,1024,138,0.00000000,N/A,
1f40a88b:CWE-470:false_positive#2,beego/beego,CWE-470,FP,ollama:qwen2.5-coder:7b,baseline,seguro,DETECTADO,Semgrep FP (ruído sobre código seguro),FP,Verdadeiro Negativo (Acerto),5.56,"O alerta é um FALSO POSITIVO porque o código não está utilizando a função `reflect.Value.MethodByName` ou `reflect.Value.FieldByName` de forma insegura. O código está usando essas funções dentro de uma estrutura controlada, onde os nomes dos métodos e campos são determinados por valores fixos (tagValue) e não por entradas do usuário. Portanto, não há risco de ataque de injeção ou controle de fluxo indesejado.",7,especifica,baseline:597fcfa9,a81b6f5ca3a4f70c2cdbca1436fd138ccc84976ee981aa1726e3dff9ae4e4311,837,123,0.00000000,N/A,
1f40a88b:CWE-470:false_positive#3,beego/beego,CWE-470,FP,ollama:qwen2.5-coder:7b,baseline,seguro,DETECTADO,Semgrep FP (ruído sobre código seguro),FP,Verdadeiro Negativo (Acerto),6.17,"O alerta é um FALSO POSITIVO porque o código não está utilizando `reflect.ValueOf().MethodByName()` ou `reflect.ValueOf().FieldByName()` de forma dinâmica com entradas do usuário. Em vez disso, o código está iterando sobre campos e métodos definidos em uma estrutura conhecida (`bm.Fields`). O valor dos campos é determinado por um conjunto fixo de valores padrão (`fm.DftValue`) que não são influenciados pelo usuário. Portanto, não há risco de ataque de injeção ou controle de fluxo indesejado.",7,especifica,baseline:597fcfa9,a81b6f5ca3a4f70c2cdbca1436fd138ccc84976ee981aa1726e3dff9ae4e4311,1210,144,0.00000000,N/A,
1f40a88b:CWE-470:false_positive#4,beego/beego,CWE-470,FP,ollama:qwen2.5-coder:7b,baseline,seguro,DETECTADO,Semgrep FP (ruído sobre código seguro),FP,Verdadeiro Negativo (Acerto),4.77,"O código utiliza `reflect.FieldByName` para acessar campos de uma estrutura, mas não permite que os usuários insiram valores diretamente para determinar o nome do campo. O valor do campo é obtido a partir dos parâmetros da URL (`params`) e processado internamente pelo método `bindValue`, garantindo que apenas nomes de campos válidos sejam acessados.",7,especifica,baseline:597fcfa9,a81b6f5ca3a4f70c2cdbca1436fd138ccc84976ee981aa1726e3dff9ae4e4311,586,97,0.00000000,N/A,
1f40a88b:CWE-470:false_positive#5,beego/beego,CWE-470,FP,ollama:qwen2.5-coder:7b,baseline,seguro,DETECTADO,Semgrep FP (ruído sobre código seguro),FP,Verdadeiro Negativo (Acerto),6.06,"O alerta é um FALSO POSITIVO porque o uso de `reflect.MethodByName` e `method.Call([]reflect.Value{})` neste contexto não constitui uma vulnerabilidade de reflexão insegura. O código está sendo usado para invocar métodos em um controlador, que é um comportamento típico e seguro em aplicações web. A ferramenta Semgrep pode estar sinalizando um alerta falso porque o uso de reflexão neste caso não permite que os usuários externos determinem dinamicamente quais métodos ou campos invocar. Em vez disso, os métodos são invocados com base em valores conhecidos e controlados pelo desenvolvedor.",7,especifica,baseline:597fcfa9,a81b6f5ca3a4f70c2cdbca1436fd138ccc84976ee981aa1726e3dff9ae4e4311,588,166,0.00000000,N/A,
1f40a88b:CWE-470:false_positive#6,beego/beego,CWE-470,FP,ollama:qwen2.5-coder:7b,baseline,seguro,DETECTADO,Semgrep FP (ruído sobre código seguro),VP,Falso Positivo (Ruído Mantido),4.80,"O código utiliza `reflect.ValueOf(c).MethodByName(colon[1])` para invocar métodos dinamicamente com base em entradas do usuário. Se um atacante for capaz de controlar o valor de `colon[1]`, ele pode invocar qualquer método disponível no objeto `c`, potencialmente permitindo que ele execute funções não autorizadas ou cause comportamentos inesperados.",7,especifica,baseline:597fcfa9,a81b6f5ca3a4f70c2cdbca1436fd138ccc84976ee981aa1726e3dff9ae4e4311,575,106,0.00000000,N/A,
1f40a88b:CWE-614:false_positive,beego/beego,CWE-614,FP,ollama:qwen2.5-coder:7b,baseline,seguro,DETECTADO,Semgrep FP (ruído sobre código seguro),VP,Falso Positivo (Ruído Mantido),4.65,"O alerta é um VERDADEIRO POSITIVO (VP) porque a função `SessionRelease` está criando uma cookie sem definir o sinalizador 'Secure'. A presença do sinalizador 'Secure' é crucial para garantir que a cookie só seja enviada por conexões HTTPS, protegendo-a contra ataques de interceptação em redes não seguras.",2,especifica,baseline:597fcfa9,a81b6f5ca3a4f70c2cdbca1436fd138ccc84976ee981aa1726e3dff9ae4e4311,471,96,0.00000000,N/A,
1f40a88b:CWE-614:false_positive#1,beego/beego,CWE-614,FP,ollama:qwen2.5-coder:7b,baseline,seguro,DETECTADO,Semgrep FP (ruído sobre código seguro),VP,Falso Positivo (Ruído Mantido),4.36,"O alerta é um VERDADEIRO POSITIVO (VP) porque o código não está configurando a bandeira 'Secure' para o cookie de sessão. Isso significa que o cookie pode ser enviado via HTTP em vez de HTTPS, tornando-o vulnerável a ataques de interceptação.",2,especifica,baseline:597fcfa9,a81b6f5ca3a4f70c2cdbca1436fd138ccc84976ee981aa1726e3dff9ae4e4311,663,80,0.00000000,N/A,
1f40a88b:CWE-665:false_positive,beego/beego,CWE-665,FP,ollama:qwen2.5-coder:7b,baseline,seguro,DETECTADO,Semgrep FP (ruído sobre código seguro),FP,Verdadeiro Negativo (Acerto),5.49,"O alerta indica que a variável `f` pode ser modificada e usada posteriormente em um erro, o que poderia resultar em uma derreferência nula (panic). No entanto, no contexto fornecido, a variável `f` é fechada imediatamente após sua leitura, garantindo que ela não seja utilizada de forma inadequada ou modificada posteriormente. Portanto, este alerta não constitui uma vulnerabilidade real.",1,especifica,baseline:597fcfa9,a81b6f5ca3a4f70c2cdbca1436fd138ccc84976ee981aa1726e3dff9ae4e4311,816,119,0.00000000,N/A,
1f40a88b:CWE-89:false_positive,beego/beego,CWE-89,FP,ollama:qwen2.5-coder:7b,baseline,seguro,DETECTADO,Semgrep FP (ruído sobre código seguro),FP,Verdadeiro Negativo (Acerto),5.84,"O código não está utilizando uma string formatada para construir a consulta SQL. Em vez disso, ele está usando métodos como `db.Exec(query)` diretamente com as consultas SQL armazenadas em variáveis (`query := drops[i]`, `query := getColumnAddQuery(d.al, fi)`, etc.). Isso reduz significativamente o risco de injeção SQL, pois não há concatenação direta de strings que possam ser manipuladas pelo usuário.",3,fallback,baseline:597fcfa9,a81b6f5ca3a4f70c2cdbca1436fd138ccc84976ee981aa1726e3dff9ae4e4311,1196,119,0.00000000,N/A,
1f40a88b:CWE-89:false_positive#1,beego/beego,CWE-89,FP,ollama:qwen2.5-coder:7b,baseline,seguro,DETECTADO,Semgrep FP (ruído sobre código seguro),VP,Falso Positivo (Ruído Mantido),4.99,"O código utiliza uma string-formatted SQL query para gerar dinamicamente a consulta SQL que chama a função setval do PostgreSQL. Se as entradas `mi.Table` e `name` não forem corretamente sanitizadas, isso pode levar a uma injeção de SQL. O alerta é verdadeiro porque o código está vulnerável a injeções SQL se os valores de entrada não forem adequadamente validados ou escapados.",3,fallback,baseline:597fcfa9,a81b6f5ca3a4f70c2cdbca1436fd138ccc84976ee981aa1726e3dff9ae4e4311,454,113,0.00000000,N/A,
1f40a88b:CWE-89:false_positive#2,beego/beego,CWE-89,FP,ollama:qwen2.5-coder:7b,baseline,seguro,DETECTADO,Semgrep FP (ruído sobre código seguro),FP,Verdadeiro Negativo (Acerto),4.96,"O código utiliza uma consulta SQL formatada (`fmt.Sprintf`) para verificar a existência de um índice em uma tabela SQLite. No entanto, esta consulta não é manipulável por dados externos, pois os parâmetros da consulta são fixos e não vêm de fontes inseguras. A função `db.QueryContext` é usada corretamente para executar a consulta seguramente. Portanto, este código não constitui uma vulnerabilidade de injeção SQL.",3,fallback,baseline:597fcfa9,a81b6f5ca3a4f70c2cdbca1436fd138ccc84976ee981aa1726e3dff9ae4e4311,427,118,0.00000000,N/A,
1f40a88b:CWE-94:false_positive,beego/beego,CWE-94,FP,ollama:qwen2.5-coder:7b,baseline,seguro,DETECTADO,Semgrep FP (ruído sobre código seguro),FP,Verdadeiro Negativo (Acerto),5.10,"O código não executa comandos externos diretamente. Em vez disso, ele cria um novo processo usando o próprio executável do servidor (`path := os.Args[0]`) e passa argumentos para este processo. Como não há evidências de que o código esteja executando comandos externos ou chamando funções `exec.Command` com dados não verificados dos usuários, este alerta é considerado um FALSO POSITIVO.",1,especifica,baseline:597fcfa9,a81b6f5ca3a4f70c2cdbca1436fd138ccc84976ee981aa1726e3dff9ae4e4311,624,115,0.00000000,N/A,
f2513077:CWE-300:false_positive,cilium/cilium,CWE-300,FP,ollama:qwen2.5-coder:7b,baseline,seguro,DETECTADO,Semgrep FP (ruído sobre código seguro),VP,Falso Positivo (Ruído Mantido),4.92,"O alerta indica que o servidor gRPC está sendo iniciado sem credenciais de segurança, o que significa que a conexão é insegura. Isso permite que um atacante malicioso altere as mensagens gRPC, comprometendo assim a máquina. A criação de credenciais usando 'credentials.NewServerTLSFromFile(",2,fallback,baseline:597fcfa9,a81b6f5ca3a4f70c2cdbca1436fd138ccc84976ee981aa1726e3dff9ae4e4311,834,91,0.00000000,N/A,
f2513077:CWE-300:false_positive#1,cilium/cilium,CWE-300,FP,ollama:qwen2.5-coder:7b,baseline,seguro,DETECTADO,Semgrep FP (ruído sobre código seguro),FP,Verdadeiro Negativo (Acerto),6.24,"O alerta indica a falta de credenciais para um servidor gRPC, o que pode levar a uma conexão insegura. No entanto, no código fornecido, há verificações específicas para garantir que as credenciais sejam configuradas corretamente antes de criar o servidor gRPC. A função `New` verifica se `opts.serverTLSConfig` não é nulo e, em seguida, usa essas credenciais para configurar o servidor gRPC com `grpc.Creds(credentials.NewTLS(tlsConfig))`. Portanto, a ausência de credenciais aqui não constitui uma vulnerabilidade real.",2,fallback,baseline:597fcfa9,a81b6f5ca3a4f70c2cdbca1436fd138ccc84976ee981aa1726e3dff9ae4e4311,1066,152,0.00000000,N/A,
f2513077:CWE-319:false_positive,cilium/cilium,CWE-319,FP,ollama:qwen2.5-coder:7b,baseline,seguro,DETECTADO,Semgrep FP (ruído sobre código seguro),FP,Verdadeiro Negativo (Acerto),5.23,"O código utiliza `InsecureSkipVerify: true` em conjunto com uma função personalizada de verificação de certificado (`VerifyPeerCertificate`). Essa abordagem permite que a verificação do certificado seja realizada manualmente, evitando a necessidade de desabilitar completamente a verificação TLS. Portanto, o uso de `InsecureSkipVerify` neste contexto não constitui uma vulnerabilidade.",2,especifica,baseline:597fcfa9,a81b6f5ca3a4f70c2cdbca1436fd138ccc84976ee981aa1726e3dff9ae4e4311,969,102,0.00000000,N/A,
f2513077:CWE-319:false_positive#1,cilium/cilium,CWE-319,FP,ollama:qwen2.5-coder:7b,baseline,seguro,DETECTADO,Semgrep FP (ruído sobre código seguro),VP,Falso Positivo (Ruído Mantido),4.62,"O alerta indica que o código está iniciando um servidor HTTP sem usar TLS, o que expõe a aplicação a ataques de interceptação de dados em trânsito. A função `http.ListenAndServe` é usada para iniciar o servidor, mas não há chamada para `ListenAndServeTLS`, que é necessária para garantir a comunicação segura usando HTTPS.",2,especifica,baseline:597fcfa9,a81b6f5ca3a4f70c2cdbca1436fd138ccc84976ee981aa1726e3dff9ae4e4311,366,97,0.00000000,N/A,
f2513077:CWE-327:false_positive,cilium/cilium,CWE-327,FP,ollama:qwen2.5-coder:7b,baseline,seguro,DETECTADO,Semgrep FP (ruído sobre código seguro),FP,Verdadeiro Negativo (Acerto),4.63,"O alerta indica que a versão mínima do TLS deve ser definida como TLS 1.3, mas o código fornecido já configura `InsecureSkipVerify` como `true`, o que desativa a verificação de SSL/TLS e, portanto, não requer uma versão mínima específica do protocolo.",1,especifica,baseline:597fcfa9,a81b6f5ca3a4f70c2cdbca1436fd138ccc84976ee981aa1726e3dff9ae4e4311,795,87,0.00000000,N/A,
f2513077:CWE-328:false_positive,cilium/cilium,CWE-328,FP,ollama:qwen2.5-coder:7b,baseline,seguro,DETECTADO,Semgrep FP (ruído sobre código seguro),VP,Falso Positivo (Ruído Mantido),4.00,"O uso do algoritmo MD5 é considerado inseguro devido à sua falta de resistência contra colisões. O código fornecido usa MD5 para calcular um hash, o que viola a recomendação do alerta e constitui uma vulnerabilidade real.",2,especifica,baseline:597fcfa9,a81b6f5ca3a4f70c2cdbca1436fd138ccc84976ee981aa1726e3dff9ae4e4311,335,76,0.00000000,N/A,
f2513077:CWE-328:false_positive#1,cilium/cilium,CWE-328,FP,ollama:qwen2.5-coder:7b,baseline,seguro,DETECTADO,Semgrep FP (ruído sobre código seguro),VP,Falso Positivo (Ruído Mantido),3.99,"O uso do algoritmo MD5 é considerado inseguro devido à sua falta de resistência a colisões. O código fornecido usa MD5 para calcular um hash, o que expõe os dados aos riscos associados a essa vulnerabilidade.",2,especifica,baseline:597fcfa9,a81b6f5ca3a4f70c2cdbca1436fd138ccc84976ee981aa1726e3dff9ae4e4311,340,75,0.00000000,N/A,
f2513077:CWE-338:false_positive,cilium/cilium,CWE-338,FP,ollama:qwen2.5-coder:7b,baseline,seguro,DETECTADO,Semgrep FP (ruído sobre código seguro),FP,Verdadeiro Negativo (Acerto),4.95,"O alerta é um FALSO POSITIVO porque o código está usando `math/rand/v2` em vez de `crypto/rand`, conforme sugerido no alerta. O contexto do código mostra que a função `randomName` gera uma sequência aleatória de letras, que não precisa ser segura para fins de nomeação de recursos. Portanto, o uso de `math/rand/v2` neste caso não constitui uma vulnerabilidade.",10,especifica,baseline:597fcfa9,a81b6f5ca3a4f70c2cdbca1436fd138ccc84976ee981aa1726e3dff9ae4e4311,520,111,0.00000000,N/A,
f2513077:CWE-338:false_positive#1,cilium/cilium,CWE-338,FP,ollama:qwen2.5-coder:7b,baseline,seguro,DETECTADO,Semgrep FP (ruído sobre código seguro),FP,Verdadeiro Negativo (Acerto),4.91,"O alerta é um FALSO POSITIVO porque o código não está usando a função `math/rand`. Em vez disso, ele importa e usa a biblioteca `crypto/rand`, que é a maneira correta de gerar números aleatórios seguros em Go. A mensagem do alerta sugere usar `crypto/rand` em vez de `math/rand`, mas o código fornecido já está utilizando a biblioteca correta.",10,especifica,baseline:597fcfa9,a81b6f5ca3a4f70c2cdbca1436fd138ccc84976ee981aa1726e3dff9ae4e4311,484,110,0.00000000,N/A,
f2513077:CWE-338:false_positive#2,cilium/cilium,CWE-338,FP,ollama:qwen2.5-coder:7b,baseline,seguro,DETECTADO,Semgrep FP (ruído sobre código seguro),FP,Verdadeiro Negativo (Acerto),4.78,"O alerta é um FALSO POSITIVO porque o código está usando `math/rand/v2`, que é uma versão atualizada do pacote `math/rand` e não o pacote obsoleto `math/rand`. A ferramenta Semgrep está incorretamente identificando a utilização de `math/rand/v2` como um problema, mesmo que seja uma versão segura e recomendada.",10,especifica,baseline:597fcfa9,a81b6f5ca3a4f70c2cdbca1436fd138ccc84976ee981aa1726e3dff9ae4e4311,550,104,0.00000000,N/A,
f2513077:CWE-338:false_positive#3,cilium/cilium,CWE-338,FP,ollama:qwen2.5-coder:7b,baseline,seguro,DETECTADO,Semgrep FP (ruído sobre código seguro),FP,Verdadeiro Negativo (Acerto),4.90,"O alerta é um FALSO POSITIVO porque o código não está usando a função `math/rand`. Em vez disso, ele importa e usa a biblioteca `crypto/rand`, que é a maneira correta de gerar números aleatórios seguros em Go. A mensagem do alerta sugere usar `crypto/rand` em vez de `math/rand`, mas o código fornecido já está utilizando a biblioteca correta.",10,especifica,baseline:597fcfa9,a81b6f5ca3a4f70c2cdbca1436fd138ccc84976ee981aa1726e3dff9ae4e4311,525,110,0.00000000,N/A,
f2513077:CWE-338:false_positive#4,cilium/cilium,CWE-338,FP,ollama:qwen2.5-coder:7b,baseline,seguro,DETECTADO,Semgrep FP (ruído sobre código seguro),VP,Falso Positivo (Ruído Mantido),4.52,"O alerta é um VERDADEIRO POSITIVO (VP) porque o código está usando a biblioteca `math/rand/v2`, que não é segura para uso em contextos críticos de segurança, como geração de números aleatórios para criptografia. A ferramenta recomenda usar `crypto/rand` em vez disso.",10,especifica,baseline:597fcfa9,a81b6f5ca3a4f70c2cdbca1436fd138ccc84976ee981aa1726e3dff9ae4e4311,536,91,0.00000000,N/A,
f2513077:CWE-338:false_positive#5,cilium/cilium,CWE-338,FP,ollama:qwen2.5-coder:7b,baseline,seguro,DETECTADO,Semgrep FP (ruído sobre código seguro),FP,Verdadeiro Negativo (Acerto),4.48,"O alerta é um FALSO POSITIVO porque o código está usando `math/rand/v2`, que é uma versão atualizada do pacote `math/rand` e não o pacote obsoleto `math/rand`. A ferramenta Semgrep está incorretamente identificando a versão atualizada como uma vulnerabilidade.",10,especifica,baseline:597fcfa9,a81b6f5ca3a4f70c2cdbca1436fd138ccc84976ee981aa1726e3dff9ae4e4311,594,88,0.00000000,N/A,
f2513077:CWE-338:false_positive#6,cilium/cilium,CWE-338,FP,ollama:qwen2.5-coder:7b,baseline,seguro,DETECTADO,Semgrep FP (ruído sobre código seguro),FP,Verdadeiro Negativo (Acerto),5.18,"O alerta é um FALSO POSITIVO porque o código está usando `math/rand/v2`, que é uma versão atualizada do pacote `math/rand` e não o pacote obsoleto `math/rand`. A ferramenta Semgrep está incorretamente identificando isso como uma vulnerabilidade, pois a versão `v2` de `math/rand` é considerada segura para uso em aplicações que requerem números aleatórios cryptograficamente seguros.",10,especifica,baseline:597fcfa9,a81b6f5ca3a4f70c2cdbca1436fd138ccc84976ee981aa1726e3dff9ae4e4311,494,121,0.00000000,N/A,
f2513077:CWE-338:false_positive#7,cilium/cilium,CWE-338,FP,ollama:qwen2.5-coder:7b,baseline,seguro,DETECTADO,Semgrep FP (ruído sobre código seguro),FP,Verdadeiro Negativo (Acerto),4.95,"O alerta é um FALSO POSITIVO porque o código está usando `math/rand/v2`, que é uma versão atualizada do pacote `math/rand` e não é a mesma coisa que `math/rand`. O pacote `math/rand/v2` é projetado para ser seguro para uso em ambientes de produção, incluindo aqueles onde segurança é crucial. Portanto, o uso deste pacote não constitui uma vulnerabilidade.",10,especifica,baseline:597fcfa9,a81b6f5ca3a4f70c2cdbca1436fd138ccc84976ee981aa1726e3dff9ae4e4311,538,112,0.00000000,N/A,
f2513077:CWE-338:false_positive#8,cilium/cilium,CWE-338,FP,ollama:qwen2.5-coder:7b,baseline,seguro,DETECTADO,Semgrep FP (ruído sobre código seguro),FP,Verdadeiro Negativo (Acerto),4.78,"O alerta é um FALSO POSITIVO porque o código está usando `math/rand/v2`, que é uma biblioteca de geração de números pseudo-aleatórios projetada para uso em aplicações não-criticas. A ferramenta Semgrep está incorretamente sinalizando isso como uma vulnerabilidade, pois a biblioteca `math/rand` não é considerada insegura neste contexto.",10,especifica,baseline:597fcfa9,a81b6f5ca3a4f70c2cdbca1436fd138ccc84976ee981aa1726e3dff9ae4e4311,516,104,0.00000000,N/A,
f2513077:CWE-338:false_positive#9,cilium/cilium,CWE-338,FP,ollama:qwen2.5-coder:7b,baseline,seguro,DETECTADO,Semgrep FP (ruído sobre código seguro),FP,Verdadeiro Negativo (Acerto),5.37,"O alerta é um FALSO POSITIVO porque o código está importando `math/rand/v2`, que é uma versão atualizada do pacote `math/rand`. O alerta sugere usar `crypto/rand` em vez disso, mas a versão importada já é segura para uso em aplicações que não requerem criptografia forte. Além disso, o código específico onde o alerta foi emitido não está usando diretamente `math/rand`, o que reduz ainda mais a probabilidade de uma vulnerabilidade.",10,especifica,baseline:597fcfa9,a81b6f5ca3a4f70c2cdbca1436fd138ccc84976ee981aa1726e3dff9ae4e4311,565,131,0.00000000,N/A,
f2513077:CWE-489:false_positive,cilium/cilium,CWE-489,FP,ollama:qwen2.5-coder:7b,baseline,seguro,DETECTADO,Semgrep FP (ruído sobre código seguro),FP,Verdadeiro Negativo (Acerto),5.18,"O alerta é um FALSO POSITIVO porque o código não expõe diretamente a rota /debug/pprof. A função Enable está configurada para servir uma API genérica usando http.ListenAndServe(nil), que por padrão não inclui a rota /debug/pprof. Para expor a rota /debug/pprof, seria necessário importar explicitamente o pacote net/http/pprof e adicionar as rotas correspondentes à multiplexer de rotas do servidor HTTP.",1,fallback,baseline:597fcfa9,a81b6f5ca3a4f70c2cdbca1436fd138ccc84976ee981aa1726e3dff9ae4e4311,407,125,0.00000000,N/A,
f2513077:CWE-665:false_positive,cilium/cilium,CWE-665,FP,ollama:qwen2.5-coder:7b,baseline,seguro,DETECTADO,Semgrep FP (ruído sobre código seguro),FP,Verdadeiro Negativo (Acerto),5.46,"O alerta é um FALSO POSITIVO porque a variável `errOutput` não está sendo modificada no código fornecido. Ela é inicializada com o valor retornado pela chamada de `s.client.ExecInPodWithStderr`, que pode conter uma saída de erro, mas não é alterada em seguida. A verificação do conteúdo de `errOutput` ocorre apenas para determinar a mensagem de erro final, e não há uso direto da variável após essa verificação.",12,especifica,baseline:597fcfa9,a81b6f5ca3a4f70c2cdbca1436fd138ccc84976ee981aa1726e3dff9ae4e4311,507,126,0.00000000,N/A,
f2513077:CWE-665:false_positive#1,cilium/cilium,CWE-665,FP,ollama:qwen2.5-coder:7b,baseline,seguro,DETECTADO,Semgrep FP (ruído sobre código seguro),FP,Verdadeiro Negativo (Acerto),5.74,"O alerta indica que a variável `s` pode ser modificada e usada posteriormente em caso de erro. No entanto, no contexto fornecido, isso não constitui uma vulnerabilidade real. A variável `s` é usada para armazenar o status retornado pelo coletor, mesmo quando ocorrem erros. O código trata esses erros e continua a usar a variável `s`, garantindo que ela não seja nula ou acessada de forma inadequada. Portanto, este alerta é um falso positivo.",12,especifica,baseline:597fcfa9,a81b6f5ca3a4f70c2cdbca1436fd138ccc84976ee981aa1726e3dff9ae4e4311,830,137,0.00000000,N/A,
f2513077:CWE-665:false_positive#2,cilium/cilium,CWE-665,FP,ollama:qwen2.5-coder:7b,baseline,seguro,DETECTADO,Semgrep FP (ruído sobre código seguro),FP,Verdadeiro Negativo (Acerto),5.27,"O alerta indica que a variável `output` pode ser modificada e usada posteriormente em caso de erro, o que poderia resultar em um panic devido a uma derreferência nula. No entanto, no contexto fornecido, isso não constitui uma vulnerabilidade real porque o código verifica se ocorreu um erro antes de usar `output`. Se houver um erro, o programa já encerra com uma mensagem de erro e não usa `output` em caso de falha.",12,especifica,baseline:597fcfa9,a81b6f5ca3a4f70c2cdbca1436fd138ccc84976ee981aa1726e3dff9ae4e4311,498,122,0.00000000,N/A,
f2513077:CWE-665:false_positive#3,cilium/cilium,CWE-665,FP,ollama:qwen2.5-coder:7b,baseline,seguro,DETECTADO,Semgrep FP (ruído sobre código seguro),FP,Verdadeiro Negativo (Acerto),5.24,"O alerta indica que a variável `stderr` pode ser modificada e usada posteriormente em caso de erro. No entanto, no contexto fornecido, o código verifica se ocorreu um erro ao executar o comando dentro do pod Kubernetes. Se houver um erro, ele registra tanto o erro quanto o conteúdo de `stderr`. Como `stderr` é usado apenas para fins de registro e não para qualquer operação que possa resultar em uma referência nula, este uso não constitui uma vulnerabilidade.",12,especifica,baseline:597fcfa9,a81b6f5ca3a4f70c2cdbca1436fd138ccc84976ee981aa1726e3dff9ae4e4311,476,127,0.00000000,N/A,
f2513077:CWE-665:false_positive#4,cilium/cilium,CWE-665,FP,ollama:qwen2.5-coder:7b,baseline,seguro,DETECTADO,Semgrep FP (ruído sobre código seguro),FP,Verdadeiro Negativo (Acerto),6.14,"O alerta indica que a variável `obj` pode ser modificada e usada posteriormente em caso de erro, o que poderia resultar em um desreferenciamento nulo (panic). No entanto, no contexto fornecido, isso não constitui uma vulnerabilidade real. A função `CreateOrUpdatePolicy` trata adequadamente os erros retornados pela chamada a `client.Get`, verificando se o erro é `IsAlreadyExists`. Se for, a função continua normalmente, sem usar a variável `obj` de forma que possa ser modificada e usada posteriormente em um contexto de erro. Portanto, este alerta é um FALSO POSITIVO.",12,especifica,baseline:597fcfa9,a81b6f5ca3a4f70c2cdbca1436fd138ccc84976ee981aa1726e3dff9ae4e4311,606,165,0.00000000,N/A,
f2513077:CWE-665:false_positive#5,cilium/cilium,CWE-665,FP,ollama:qwen2.5-coder:7b,baseline,seguro,DETECTADO,Semgrep FP (ruído sobre código seguro),FP,Verdadeiro Negativo (Acerto),4.12,"O alerta é um FALSO POSITIVO porque a variável `result` não está sendo modificada após seu uso. A função retorna imediatamente se ocorrer um erro, evitando qualquer uso potencial de uma referência nula.",12,especifica,baseline:597fcfa9,a81b6f5ca3a4f70c2cdbca1436fd138ccc84976ee981aa1726e3dff9ae4e4311,451,71,0.00000000,N/A,
f2513077:CWE-665:false_positive#6,cilium/cilium,CWE-665,FP,ollama:qwen2.5-coder:7b,baseline,seguro,DETECTADO,Semgrep FP (ruído sobre código seguro),FP,Verdadeiro Negativo (Acerto),5.50,"O alerta indica que a variável `stdErr` pode ser modificada e usada posteriormente em caso de erro. No entanto, no contexto fornecido, isso não constitui uma vulnerabilidade real. A função verifica se ocorreu um erro durante a execução do comando e, se sim, retorna uma mensagem de erro que inclui o conteúdo de `stdErr`. Como `stdErr` é usado apenas para obter informações adicionais sobre o erro e não é modificado em nenhum outro lugar no código, este alerta pode ser considerado um FALSO POSITIVO.",12,especifica,baseline:597fcfa9,a81b6f5ca3a4f70c2cdbca1436fd138ccc84976ee981aa1726e3dff9ae4e4311,463,141,0.00000000,N/A,
f2513077:CWE-665:false_positive#7,cilium/cilium,CWE-665,FP,ollama:qwen2.5-coder:7b,baseline,seguro,DETECTADO,Semgrep FP (ruído sobre código seguro),FP,Verdadeiro Negativo (Acerto),5.98,"O alerta indica que a variável `e` pode ser modificada e usada posteriormente, o que poderia resultar em um desreferenciamento nulo. No entanto, no contexto fornecido, a variável `e` é usada apenas para capturar o stderr do comando executado na função `c.Client.ExecInPodWithStderr`. Não há evidências de modificação ou uso posterior da variável `e` que possa levar a um desreferenciamento nulo. Portanto, este alerta é considerado um FALSO POSITIVO.",12,especifica,baseline:597fcfa9,a81b6f5ca3a4f70c2cdbca1436fd138ccc84976ee981aa1726e3dff9ae4e4311,1004,141,0.00000000,N/A,
f2513077:CWE-665:false_positive#8,cilium/cilium,CWE-665,FP,ollama:qwen2.5-coder:7b,baseline,seguro,DETECTADO,Semgrep FP (ruído sobre código seguro),FP,Verdadeiro Negativo (Acerto),6.44,"O alerta indica que a variável `routeSpec` pode ser modificada e usada posteriormente em caso de erro, o que poderia resultar em um desreferenciamento nulo (panic). No entanto, no contexto fornecido, isso não constitui uma vulnerabilidade real. A função retorna imediatamente se ocorrer um erro durante a instalação da rota direta (`return err`), evitando assim qualquer uso potencial de `routeSpec` após sua modificação. Além disso, o código verifica explicitamente se `newIP` é nulo antes de retornar `nil`, garantindo que não haja um desreferenciamento nulo.",12,especifica,baseline:597fcfa9,a81b6f5ca3a4f70c2cdbca1436fd138ccc84976ee981aa1726e3dff9ae4e4311,847,162,0.00000000,N/A,
f2513077:CWE-665:false_positive#9,cilium/cilium,CWE-665,FP,ollama:qwen2.5-coder:7b,baseline,seguro,DETECTADO,Semgrep FP (ruído sobre código seguro),FP,Verdadeiro Negativo (Acerto),5.33,"O alerta indica que a iteração sobre um mapa `idToStatus` pode ser vazia, o que pode ser considerado uma possível bug ou código redundante. No entanto, no contexto fornecido, o código verifica se o valor do mapa é zero e, em seguida, exclui esses valores do mapa. Isso garante que apenas IDs com status não-zero permaneçam no mapa, evitando iterações desnecessárias sobre entradas vazias.",12,especifica,baseline:597fcfa9,a81b6f5ca3a4f70c2cdbca1436fd138ccc84976ee981aa1726e3dff9ae4e4311,641,120,0.00000000,N/A,
f2513077:CWE-665:false_positive#10,cilium/cilium,CWE-665,FP,ollama:qwen2.5-coder:7b,baseline,seguro,DETECTADO,Semgrep FP (ruído sobre código seguro),FP,Verdadeiro Negativo (Acerto),5.09,"O código não modifica a variável `metrics` após seu uso. A variável é inicializada com o valor retornado pela função `dumpMetrics()`, que deve conter os métricas coletadas. Se ocorrer um erro durante a coleta das métricas, a função retorna imediatamente com um erro interno do servidor e não usa a variável `metrics` novamente. Portanto, não há risco de uma dereferência nula ou panico.",12,especifica,baseline:597fcfa9,a81b6f5ca3a4f70c2cdbca1436fd138ccc84976ee981aa1726e3dff9ae4e4311,371,119,0.00000000,N/A,
f2513077:CWE-665:false_positive#11,cilium/cilium,CWE-665,FP,ollama:qwen2.5-coder:7b,baseline,seguro,DETECTADO,Semgrep FP (ruído sobre código seguro),FP,Verdadeiro Negativo (Acerto),6.47,"O alerta indica que a variável `cg` pode ser modificada e usada posteriormente em caso de erro, o que poderia resultar em um desreferenciamento nulo (panic). No entanto, no contexto fornecido, isso não constitui uma vulnerabilidade real. A função `os.Open(cgroupRoot)` retorna um descritor de arquivo (`cg`) que é fechado imediatamente após seu uso na linha 185 com `defer cg.Close()`. Além disso, a variável `cg` não é modificada em nenhum ponto do código entre sua declaração e o local onde o alerta foi emitido. Portanto, este alerta é um FALSO POSITIVO.",12,especifica,baseline:597fcfa9,a81b6f5ca3a4f70c2cdbca1436fd138ccc84976ee981aa1726e3dff9ae4e4311,807,173,0.00000000,N/A,
f2513077:CWE-681:false_positive,cilium/cilium,CWE-681,FP,ollama:qwen2.5-coder:7b,baseline,seguro,DETECTADO,Semgrep FP (ruído sobre código seguro),FP,Verdadeiro Negativo (Acerto),6.91,"O alerta é um FALSO POSITIVO porque a conversão de tipo de `uint32` para `int32` não está sendo usada em um contexto que possa levar a uma perda de sinal ou overflow. A função `strconv.Atoi(a.expEgress.HTTP.Status)` retorna um valor do tipo `int`, que já é um tipo assinado (signed), então a conversão para `uint32` não altera o sinal e não apresenta riscos relacionados à segurança.",8,especifica,baseline:597fcfa9,a81b6f5ca3a4f70c2cdbca1436fd138ccc84976ee981aa1726e3dff9ae4e4311,2366,128,0.00000000,N/A,
f2513077:CWE-681:false_positive#1,cilium/cilium,CWE-681,FP,ollama:qwen2.5-coder:7b,baseline,seguro,DETECTADO,Semgrep FP (ruído sobre código seguro),FP,Verdadeiro Negativo (Acerto),4.46,"O código está convertendo uma string para um inteiro sem sinal (uint32) após verificar se a conversão foi bem-sucedida. Como o valor é garantido ser positivo (porta de rede), não há risco de deslocamento de sinal, tornando este alerta um FALSO POSITIVO.",8,especifica,baseline:597fcfa9,a81b6f5ca3a4f70c2cdbca1436fd138ccc84976ee981aa1726e3dff9ae4e4311,328,88,0.00000000,N/A,
f2513077:CWE-681:false_positive#2,cilium/cilium,CWE-681,FP,ollama:qwen2.5-coder:7b,baseline,seguro,DETECTADO,Semgrep FP (ruído sobre código seguro),FP,Verdadeiro Negativo (Acerto),6.88,"O alerta é um FALSO POSITIVO. A função `set` não realiza nenhuma operação de downcasting ou mudança de sinal de um inteiro. Todas as conversões de tipo que ocorrem são para tipos inteiros sem sinal (`uint32`) e, portanto, não representam uma vulnerabilidade de segurança.",8,especifica,baseline:597fcfa9,a81b6f5ca3a4f70c2cdbca1436fd138ccc84976ee981aa1726e3dff9ae4e4311,3436,92,0.00000000,N/A,
f2513077:CWE-681:false_positive#3,cilium/cilium,CWE-681,FP,ollama:qwen2.5-coder:7b,baseline,seguro,DETECTADO,Semgrep FP (ruído sobre código seguro),FP,Verdadeiro Negativo (Acerto),4.48,"O código está realizando uma conversão de tipo segura de `int64` para `uint32`. A função `strconv.ParseInt` já garante que o valor esteja dentro do intervalo permitido para um `uint32`, evitando qualquer overflow. Portanto, não há risco de vulnerabilidade.",8,especifica,baseline:597fcfa9,a81b6f5ca3a4f70c2cdbca1436fd138ccc84976ee981aa1726e3dff9ae4e4311,389,86,0.00000000,N/A,
f2513077:CWE-681:false_positive#4,cilium/cilium,CWE-681,FP,ollama:qwen2.5-coder:7b,baseline,seguro,DETECTADO,Semgrep FP (ruído sobre código seguro),FP,Verdadeiro Negativo (Acerto),5.18,"O alerta é um FALSO POSITIVO porque a conversão de `spi` para `uint8` não está causando uma perda de sinal ou downcasting. A função `strconv.Atoi` retorna um valor do tipo `int`, que pode ser positivo ou negativo, mas aqui estamos garantindo que o valor seja positivo e menor que `linux_defaults.IPsecMaxKeyVersion`. Portanto, a conversão para `uint8` não resulta em uma perda de sinal.",8,especifica,baseline:597fcfa9,a81b6f5ca3a4f70c2cdbca1436fd138ccc84976ee981aa1726e3dff9ae4e4311,516,123,0.00000000,N/A,
f2513077:CWE-681:false_positive#5,cilium/cilium,CWE-681,FP,ollama:qwen2.5-coder:7b,baseline,seguro,DETECTADO,Semgrep FP (ruído sobre código seguro),FP,Verdadeiro Negativo (Acerto),4.93,"O alerta é um FALSO POSITIVO porque a conversão de `base.NetnsCookie` para `uint64` não representa uma vulnerabilidade real. O código trata o erro como uma condição normal e registra apenas um log de erro, sem bloquear a criação do endpoint ou causar qualquer problema de segurança.",8,especifica,baseline:597fcfa9,a81b6f5ca3a4f70c2cdbca1436fd138ccc84976ee981aa1726e3dff9ae4e4311,1183,87,0.00000000,N/A,
f2513077:CWE-681:false_positive#6,cilium/cilium,CWE-681,FP,ollama:qwen2.5-coder:7b,baseline,seguro,DETECTADO,Semgrep FP (ruído sobre código seguro),FP,Verdadeiro Negativo (Acerto),4.59,"O código está convertendo uma string em um inteiro sem sinal (uint16) usando strconv.ParseInt com o terceiro argumento definido como 10, que é a base decimal. Isso garante que o valor seja interpretado corretamente como um número positivo e não há risco de downcasting ou mudança de sinal.",8,especifica,baseline:597fcfa9,a81b6f5ca3a4f70c2cdbca1436fd138ccc84976ee981aa1726e3dff9ae4e4311,447,92,0.00000000,N/A,
f2513077:CWE-681:false_positive#7,cilium/cilium,CWE-681,FP,ollama:qwen2.5-coder:7b,baseline,seguro,DETECTADO,Semgrep FP (ruído sobre código seguro),FP,Verdadeiro Negativo (Acerto),9.93,"O alerta é um FALSO POSITIVO. A função `strconv.Atoi` está sendo usada para converter uma string em um inteiro, o que não envolve a mudança de sinal ou downcasting de um tipo de int para outro. O método `uint8` mencionado no alerta parece ser uma referência incorreta ou confusa neste contexto.",8,especifica,baseline:597fcfa9,a81b6f5ca3a4f70c2cdbca1436fd138ccc84976ee981aa1726e3dff9ae4e4311,6880,94,0.00000000,N/A,
f2513077:CWE-79:false_positive,cilium/cilium,CWE-79,FP,ollama:qwen2.5-coder:7b,baseline,seguro,DETECTADO,Semgrep FP (ruído sobre código seguro),FP,Verdadeiro Negativo (Acerto),4.32,"O alerta é um FALSO POSITIVO neste contexto. O código está utilizando o pacote `text/template` para gerar uma string de configuração BGP, que não contém conteúdo gerado pelo usuário e, portanto, não é suscetível a ataques XSS.",6,especifica,baseline:597fcfa9,a81b6f5ca3a4f70c2cdbca1436fd138ccc84976ee981aa1726e3dff9ae4e4311,601,79,0.00000000,N/A,
f2513077:CWE-79:false_positive#1,cilium/cilium,CWE-79,FP,ollama:qwen2.5-coder:7b,baseline,seguro,DETECTADO,Semgrep FP (ruído sobre código seguro),FP,Verdadeiro Negativo (Acerto),5.58,"O alerta é um FALSO POSITIVO porque o código está usando `template.HTML()` corretamente para garantir que o conteúdo não seja escapado. A função `formatTime` retorna um valor do tipo `template.HTML`, que já garante que o conteúdo será renderizado como HTML e não como texto plano, evitando a injeção de scripts (XSS). Além disso, a função `reasonClass` também retorna um valor do tipo `template.HTMLAttr`, que é seguro para uso em atributos HTML.",6,especifica,baseline:597fcfa9,a81b6f5ca3a4f70c2cdbca1436fd138ccc84976ee981aa1726e3dff9ae4e4311,750,128,0.00000000,N/A,
f2513077:CWE-79:false_positive#2,cilium/cilium,CWE-79,FP,ollama:qwen2.5-coder:7b,baseline,seguro,DETECTADO,Semgrep FP (ruído sobre código seguro),FP,Verdadeiro Negativo (Acerto),4.68,"O alerta é um FALSO POSITIVO porque o código não está diretamente envolvido em renderizar conteúdo gerado pelo usuário. O pacote `text/template` é usado para processar templates de texto, mas não há indicação de que esteja sendo utilizado para renderizar conteúdo HTML gerado por usuários. Portanto, a vulnerabilidade XSS não se aplica neste contexto.",6,especifica,baseline:597fcfa9,a81b6f5ca3a4f70c2cdbca1436fd138ccc84976ee981aa1726e3dff9ae4e4311,646,99,0.00000000,N/A,
f2513077:CWE-79:false_positive#3,cilium/cilium,CWE-79,FP,ollama:qwen2.5-coder:7b,baseline,seguro,DETECTADO,Semgrep FP (ruído sobre código seguro),FP,Verdadeiro Negativo (Acerto),4.51,"O alerta é um FALSO POSITIVO porque o código está usando `fmt.Fprintf` para enviar uma resposta JSON, que já é escapada adequadamente. A função `fmt.Fprintf` não envia diretamente dados de entrada do usuário para a resposta, evitando assim a injeção de scripts e potencialmente vulnerabilidades XSS.",6,especifica,baseline:597fcfa9,a81b6f5ca3a4f70c2cdbca1436fd138ccc84976ee981aa1726e3dff9ae4e4311,550,91,0.00000000,N/A,
f2513077:CWE-79:false_positive#4,cilium/cilium,CWE-79,FP,ollama:qwen2.5-coder:7b,baseline,seguro,DETECTADO,Semgrep FP (ruído sobre código seguro),FP,Verdadeiro Negativo (Acerto),5.54,"O alerta é um FALSO POSITIVO porque o código em questão não envolve a renderização de conteúdo gerado pelo usuário. A linha 20 do arquivo config.go importa o pacote `text/template`, mas isso é usado para processar templates Go, que são geralmente usados para geração de texto baseada em dados estruturados, como configurações ou relatórios, e não para renderizar conteúdo HTML gerado pelo usuário. Portanto, não há risco de Cross-Site Scripting (XSS) nesse contexto.",6,especifica,baseline:597fcfa9,a81b6f5ca3a4f70c2cdbca1436fd138ccc84976ee981aa1726e3dff9ae4e4311,795,136,0.00000000,N/A,
f2513077:CWE-79:false_positive#5,cilium/cilium,CWE-79,FP,ollama:qwen2.5-coder:7b,baseline,seguro,DETECTADO,Semgrep FP (ruído sobre código seguro),FP,Verdadeiro Negativo (Acerto),5.02,"O alerta é um FALSO POSITIVO porque o código não está diretamente envolvido em operações de renderização de conteúdo gerado pelo usuário. O pacote `text/template` é usado aqui para criar uma nova instância de template, mas não há evidências de que este template seja utilizado para renderizar conteúdo HTML ou texto gerado pelo usuário. Portanto, o uso do pacote `text/template` neste contexto não constitui uma vulnerabilidade XSS.",6,especifica,baseline:597fcfa9,a81b6f5ca3a4f70c2cdbca1436fd138ccc84976ee981aa1726e3dff9ae4e4311,641,115,0.00000000,N/A,
f2513077:CWE-94:false_positive,cilium/cilium,CWE-94,FP,ollama:qwen2.5-coder:7b,baseline,seguro,DETECTADO,Semgrep FP (ruído sobre código seguro),FP,Verdadeiro Negativo (Acerto),4.76,"O código não está executando comandos dinâmicos provenientes de usuários. A função `execCommand` recebe uma string chamada `prompt`, mas essa string é passada diretamente para o comando `bash -c`. Não há evidências de que a entrada do usuário esteja sendo usada para construir ou modificar comandos em tempo de execução, o que torna improvável uma injeção de código malicioso.",9,especifica,baseline:597fcfa9,a81b6f5ca3a4f70c2cdbca1436fd138ccc84976ee981aa1726e3dff9ae4e4311,393,110,0.00000000,N/A,
f2513077:CWE-94:false_positive#1,cilium/cilium,CWE-94,FP,ollama:qwen2.5-coder:7b,baseline,seguro,DETECTADO,Semgrep FP (ruído sobre código seguro),FP,Verdadeiro Negativo (Acerto),4.00,"O código não está executando comandos dinâmicos fornecidos pelo usuário. A função `Exec` espera um comando estático como argumento, que é definido no momento da chamada da função e não é alterado durante a execução do programa.",9,especifica,baseline:597fcfa9,a81b6f5ca3a4f70c2cdbca1436fd138ccc84976ee981aa1726e3dff9ae4e4311,436,73,0.00000000,N/A,
f2513077:CWE-94:false_positive#2,cilium/cilium,CWE-94,FP,ollama:qwen2.5-coder:7b,baseline,seguro,DETECTADO,Semgrep FP (ruído sobre código seguro),FP,Verdadeiro Negativo (Acerto),5.02,"O alerta é um FALSO POSITIVO porque o código não está executando comandos de forma dinâmica ou permitindo a entrada do usuário. A função `configureHealthRouting` espera uma lista de rotas pré-definidas e executa comandos IP baseados nesses dados, que são verificados antes de serem usados. Não há evidências de que o código esteja sujeito a injeção de comandos maliciosos.",9,especifica,baseline:597fcfa9,a81b6f5ca3a4f70c2cdbca1436fd138ccc84976ee981aa1726e3dff9ae4e4311,486,117,0.00000000,N/A,
f2513077:CWE-94:false_positive#3,cilium/cilium,CWE-94,FP,ollama:qwen2.5-coder:7b,baseline,seguro,DETECTADO,Semgrep FP (ruído sobre código seguro),FP,Verdadeiro Negativo (Acerto),12.44,"O código não executa comandos dinâmicos fornecidos pelo usuário. A string 'etcdinit.EtcdBinaryLocation' é uma constante definida no código, não um valor que possa ser alterado ou controlado por usuários externos. Portanto, não há risco de injeção de código.",9,especifica,baseline:597fcfa9,a81b6f5ca3a4f70c2cdbca1436fd138ccc84976ee981aa1726e3dff9ae4e4311,524,87,0.00000000,N/A,
f2513077:CWE-94:false_positive#4,cilium/cilium,CWE-94,FP,ollama:qwen2.5-coder:7b,baseline,seguro,DETECTADO,Semgrep FP (ruído sobre código seguro),FP,Verdadeiro Negativo (Acerto),10.97,"O código fornecido não contém uma chamada a exec.Command diretamente. Em vez disso, ele cria um objeto Cmd que encapsula uma chamada a exec.CommandContext. Como não há evidências de entrada do usuário sendo usada para formar o comando, este código não constitui uma vulnerabilidade de injeção de código.",9,especifica,baseline:597fcfa9,a81b6f5ca3a4f70c2cdbca1436fd138ccc84976ee981aa1726e3dff9ae4e4311,353,88,0.00000000,N/A,
f2513077:CWE-94:false_positive#5,cilium/cilium,CWE-94,FP,ollama:qwen2.5-coder:7b,baseline,seguro,DETECTADO,Semgrep FP (ruído sobre código seguro),FP,Verdadeiro Negativo (Acerto),12.05,"O alerta é um FALSO POSITIVO porque o código não executa comandos externos diretamente. Em vez disso, ele cria uma função `funcExecutable` que aceita um contexto, um nome de comando e argumentos, mas não executa esses comandos imediatamente. A execução dos comandos é delegada para a função `cmd := exec.CommandContext(ctx, name, arg...)`, que só ocorrerá quando o método `Output()` for chamado na linha seguinte. Como os comandos são passados como argumentos e não obtidos de uma fonte não verificada do usuário, não há risco de injeção de código.",9,especifica,baseline:597fcfa9,a81b6f5ca3a4f70c2cdbca1436fd138ccc84976ee981aa1726e3dff9ae4e4311,704,165,0.00000000,N/A,
f2513077:CWE-94:false_positive#6,cilium/cilium,CWE-94,FP,ollama:qwen2.5-coder:7b,baseline,seguro,DETECTADO,Semgrep FP (ruído sobre código seguro),FP,Verdadeiro Negativo (Acerto),11.58,"O alerta é um FALSO POSITIVO porque o código não está executando comandos dinâmicos fornecidos pelo usuário. A função `exec.Command` é chamada com argumentos fixos (`targetName` e `launcher.GetArgs()...`) que são definidos dentro do próprio código, não recebendo dados de entrada do usuário. Portanto, não há risco de injeção de código.",9,especifica,baseline:597fcfa9,a81b6f5ca3a4f70c2cdbca1436fd138ccc84976ee981aa1726e3dff9ae4e4311,504,106,0.00000000,N/A,
f2513077:CWE-94:false_positive#7,cilium/cilium,CWE-94,FP,ollama:qwen2.5-coder:7b,baseline,seguro,DETECTADO,Semgrep FP (ruído sobre código seguro),FP,Verdadeiro Negativo (Acerto),11.16,"O código não executa comandos dinâmicos fornecidos pelo usuário. A função `exec.Command` é usada para executar um comando binário localizado no sistema, mas o comando a ser executado é determinado por variáveis internas do objeto `binaryCheck`, que são definidas em tempo de compilação ou inicialização do objeto. Não há evidências de que o código aceite comandos do usuário como entrada para execução.",9,especifica,baseline:597fcfa9,a81b6f5ca3a4f70c2cdbca1436fd138ccc84976ee981aa1726e3dff9ae4e4311,865,113,0.00000000,N/A,
f2513077:CWE-94:false_positive#8,cilium/cilium,CWE-94,FP,ollama:qwen2.5-coder:7b,baseline,seguro,DETECTADO,Semgrep FP (ruído sobre código seguro),FP,Verdadeiro Negativo (Acerto),11.42,"O código não está executando comandos dinâmicos fornecidos pelo usuário. A variável `c.command` e `c.args...` são consideradas constantes dentro do contexto da função `Run`. Não há evidências de que essas variáveis estejam sendo alteradas ou influenciadas por dados não verificados do usuário, o que torna improvável uma injeção de código.",9,especifica,baseline:597fcfa9,a81b6f5ca3a4f70c2cdbca1436fd138ccc84976ee981aa1726e3dff9ae4e4311,377,101,0.00000000,N/A,
33d71763:CWE-328:false_positive,ctfer-io/chall-manager,CWE-328,FP,ollama:qwen2.5-coder:7b,baseline,seguro,DETECTADO,Semgrep FP (ruído sobre código seguro),VP,Falso Positivo (Ruído Mantido),10.77,O uso do algoritmo MD5 é considerado inseguro devido à sua falta de resistência contra colisões. A mensagem de alerta indica que MD5 não é adequado para ser usado como uma assinatura criptográfica e sugere o uso de SHA256 ou SHA3 em seu lugar.,2,especifica,baseline:597fcfa9,a81b6f5ca3a4f70c2cdbca1436fd138ccc84976ee981aa1726e3dff9ae4e4311,332,86,0.00000000,N/A,
33d71763:CWE-328:false_positive#1,ctfer-io/chall-manager,CWE-328,FP,ollama:qwen2.5-coder:7b,baseline,seguro,DETECTADO,Semgrep FP (ruído sobre código seguro),VP,Falso Positivo (Ruído Mantido),10.10,O uso do algoritmo MD5 para hash é considerado inseguro devido à sua falta de resistência contra colisões. A mensagem do alerta indica que MD5 não é adequado como assinatura criptográfica e deve ser substituído por SHA256 ou SHA3.,2,especifica,baseline:597fcfa9,a81b6f5ca3a4f70c2cdbca1436fd138ccc84976ee981aa1726e3dff9ae4e4311,327,82,0.00000000,N/A,
33d71763:CWE-338:false_positive,ctfer-io/chall-manager,CWE-338,FP,ollama:qwen2.5-coder:7b,baseline,seguro,DETECTADO,Semgrep FP (ruído sobre código seguro),FP,Verdadeiro Negativo (Acerto),10.83,"O alerta é um FALSO POSITIVO porque o código em questão não está utilizando a biblioteca `math/rand` diretamente. Em vez disso, ele usa a função `rand.Intn()` para gerar números aleatórios, que é uma prática recomendada e segura para muitos usos. A ferramenta de análise estática pode estar incorretamente identificando o uso de `math/rand` em outro contexto do código.",2,especifica,baseline:597fcfa9,a81b6f5ca3a4f70c2cdbca1436fd138ccc84976ee981aa1726e3dff9ae4e4311,509,112,0.00000000,N/A,
33d71763:CWE-338:false_positive#1,ctfer-io/chall-manager,CWE-338,FP,ollama:qwen2.5-coder:7b,baseline,seguro,DETECTADO,Semgrep FP (ruído sobre código seguro),FP,Verdadeiro Negativo (Acerto),11.00,"O alerta é um FALSO POSITIVO porque o código não está utilizando a função `math/rand` diretamente. Em vez disso, ele cria uma estrutura de opções para gerar variados caracteres e utiliza a biblioteca padrão do Go para manipular essas opções. A função `math/rand` é usada internamente dentro da biblioteca para gerar números aleatórios, mas o código em si não expõe ou usa diretamente essa função.",2,especifica,baseline:597fcfa9,a81b6f5ca3a4f70c2cdbca1436fd138ccc84976ee981aa1726e3dff9ae4e4311,384,118,0.00000000,N/A,
33d71763:CWE-79:false_positive,ctfer-io/chall-manager,CWE-79,FP,ollama:qwen2.5-coder:7b,baseline,seguro,DETECTADO,Semgrep FP (ruído sobre código seguro),FP,Verdadeiro Negativo (Acerto),11.20,"O código não está diretamente escrevendo dados em 'http.ResponseWriter' sem qualquer processamento de escape HTML. Ele está serializando um JSON gerado por uma biblioteca chamada 'swagger.NewMerger()' e, em seguida, escrevendo esse JSON serializado para a resposta HTTP. Como o JSON é gerado pela biblioteca e não contém dados diretamente inseridos pelo usuário, não há risco de injeção de código malicioso que possa levar a uma vulnerabilidade XSS.",1,especifica,baseline:597fcfa9,a81b6f5ca3a4f70c2cdbca1436fd138ccc84976ee981aa1726e3dff9ae4e4311,579,123,0.00000000,N/A,
3be55f59:CWE-328:false_positive,ctfer-io/chall-manager,CWE-328,FP,ollama:qwen2.5-coder:7b,baseline,seguro,DETECTADO,Semgrep FP (ruído sobre código seguro),VP,Falso Positivo (Ruído Mantido),10.60,O uso do algoritmo MD5 é considerado inseguro devido à sua falta de resistência contra colisões. A mensagem de alerta indica que MD5 não é adequado para ser usado como uma assinatura criptográfica e recomenda o uso de SHA256 ou SHA3 em seu lugar.,2,especifica,baseline:597fcfa9,a81b6f5ca3a4f70c2cdbca1436fd138ccc84976ee981aa1726e3dff9ae4e4311,332,86,0.00000000,N/A,
3be55f59:CWE-328:false_positive#1,ctfer-io/chall-manager,CWE-328,FP,ollama:qwen2.5-coder:7b,baseline,seguro,DETECTADO,Semgrep FP (ruído sobre código seguro),VP,Falso Positivo (Ruído Mantido),10.32,O uso do algoritmo MD5 para hash é considerado inseguro devido à sua falta de resistência contra colisões. A mensagem do alerta indica que MD5 não é adequado como assinatura criptográfica e deve ser substituído por SHA256 ou SHA3.,2,especifica,baseline:597fcfa9,a81b6f5ca3a4f70c2cdbca1436fd138ccc84976ee981aa1726e3dff9ae4e4311,327,82,0.00000000,N/A,
3be55f59:CWE-338:false_positive,ctfer-io/chall-manager,CWE-338,FP,ollama:qwen2.5-coder:7b,baseline,seguro,DETECTADO,Semgrep FP (ruído sobre código seguro),FP,Verdadeiro Negativo (Acerto),10.12,"O alerta é um FALSO POSITIVO porque o código em questão não está utilizando a função `math/rand` diretamente. Em vez disso, ele usa a função `rand.Intn()` para gerar números aleatórios, que é uma prática recomendada e segura para muitos usos práticos.",2,especifica,baseline:597fcfa9,a81b6f5ca3a4f70c2cdbca1436fd138ccc84976ee981aa1726e3dff9ae4e4311,509,85,0.00000000,N/A,
3be55f59:CWE-338:false_positive#1,ctfer-io/chall-manager,CWE-338,FP,ollama:qwen2.5-coder:7b,baseline,seguro,DETECTADO,Semgrep FP (ruído sobre código seguro),FP,Verdadeiro Negativo (Acerto),10.86,"O alerta é um FALSO POSITIVO porque o código não está utilizando a função `math/rand` diretamente. Em vez disso, ele cria uma estrutura de opções para gerar variados caracteres e utiliza a biblioteca padrão do Go para manipular essas opções. A função `math/rand` é usada internamente dentro da biblioteca para gerar números aleatórios, mas o código em si não está exposto a essa vulnerabilidade.",2,especifica,baseline:597fcfa9,a81b6f5ca3a4f70c2cdbca1436fd138ccc84976ee981aa1726e3dff9ae4e4311,384,116,0.00000000,N/A,
3be55f59:CWE-79:false_positive,ctfer-io/chall-manager,CWE-79,FP,ollama:qwen2.5-coder:7b,baseline,seguro,DETECTADO,Semgrep FP (ruído sobre código seguro),FP,Verdadeiro Negativo (Acerto),10.91,"O código não está diretamente escrevendo dados em 'http.ResponseWriter' sem qualquer processamento de escape HTML. Ele está serializando um JSON gerado por uma biblioteca chamada 'swagger.NewMerger()' e, em seguida, escrevendo esse JSON serializado para a resposta HTTP. Como o JSON é gerado pela biblioteca e não contém dados diretamente inseridos pelo usuário, não há risco de injeção de script (XSS) nesse contexto.",1,especifica,baseline:597fcfa9,a81b6f5ca3a4f70c2cdbca1436fd138ccc84976ee981aa1726e3dff9ae4e4311,579,117,0.00000000,N/A,
4611d05d:CWE-22:false_positive,drakkan/sftpgo,CWE-22,FP,ollama:qwen2.5-coder:7b,baseline,seguro,DETECTADO,Semgrep FP (ruído sobre código seguro),FP,Verdadeiro Negativo (Acerto),12.18,"O alerta é um FALSO POSITIVO. A função `path.Clean` neste contexto não está sendo usada para sanitizar caminhos de arquivo, mas sim para limpar a URL do cliente. O código está usando `path.Clean` corretamente para garantir que o caminho da URL esteja em um formato válido e absoluto, evitando assim qualquer manipulação potencial de caminhos de arquivos.",2,fallback,baseline:597fcfa9,a81b6f5ca3a4f70c2cdbca1436fd138ccc84976ee981aa1726e3dff9ae4e4311,867,110,0.00000000,N/A,
4611d05d:CWE-22:false_positive#1,drakkan/sftpgo,CWE-22,FP,ollama:qwen2.5-coder:7b,baseline,seguro,DETECTADO,Semgrep FP (ruído sobre código seguro),VP,Falso Positivo (Ruído Mantido),12.08,"O alerta é um VERDADEIRO POSITIVO. A função `path.Clean` não é adequada para sanitizar contra ataques de travessia de caminho (path traversal). Ela apenas normaliza o caminho fornecido, mas não impede que um atacante acesse arquivos fora do diretório esperado. O código deve ser modificado para usar `filepath.FromSlash(path.Clean(""/""+strings.Trim(req.URL.Path, ""/"")))` ou a função `SecureJoin` da biblioteca `filepath-securejoin`, conforme sugerido no alerta.",2,fallback,baseline:597fcfa9,a81b6f5ca3a4f70c2cdbca1436fd138ccc84976ee981aa1726e3dff9ae4e4311,563,144,0.00000000,N/A,
4611d05d:CWE-319:false_positive,drakkan/sftpgo,CWE-319,FP,ollama:qwen2.5-coder:7b,baseline,seguro,DETECTADO,Semgrep FP (ruído sobre código seguro),FP,Verdadeiro Negativo (Acerto),11.81,"O código desabilita a verificação de certificados TLS/SSL apenas quando o campo `SkipTLSVerify` é verdadeiro, o que geralmente ocorre em ambientes de desenvolvimento ou teste. No entanto, no contexto fornecido, não há evidências de que este código seja usado para fins de depuração ou que possa estar exposto a ataques de man-in-the-middle (MTM). Além disso, a verificação de certificados TLS/SSL é uma prática recomendada em produção e o código está configurado para ser seguro quando `SkipTLSVerify` for falso.",3,especifica,baseline:597fcfa9,a81b6f5ca3a4f70c2cdbca1436fd138ccc84976ee981aa1726e3dff9ae4e4311,413,143,0.00000000,N/A,
4611d05d:CWE-319:false_positive#1,drakkan/sftpgo,CWE-319,FP,ollama:qwen2.5-coder:7b,baseline,seguro,DETECTADO,Semgrep FP (ruído sobre código seguro),FP,Verdadeiro Negativo (Acerto),14.35,"O código verifica a configuração de TLS/SSL corretamente, incluindo a verificação do certificado raiz e a chave do cliente. A linha em questão (config.SSLMode == 2 || config.SSLMode == 3) desativa a verificação de TLS apenas para fins de depuração, conforme o alerta indica. No entanto, esta verificação é condicional e só ocorre quando um dos modos SSL especificados for ativo. Portanto, não constitui uma vulnerabilidade em si.",3,especifica,baseline:597fcfa9,a81b6f5ca3a4f70c2cdbca1436fd138ccc84976ee981aa1726e3dff9ae4e4311,725,129,0.00000000,N/A,
4611d05d:CWE-319:false_positive#2,drakkan/sftpgo,CWE-319,FP,ollama:qwen2.5-coder:7b,baseline,seguro,DETECTADO,Semgrep FP (ruído sobre código seguro),FP,Verdadeiro Negativo (Acerto),9.95,"O código está sendo usado para fins de desenvolvimento e teste, não em produção. Além disso, a função getInsecureTLSConfig é usada apenas para obter uma configuração TLS insegura temporariamente, sem comprometer o sistema em uso.",3,especifica,baseline:597fcfa9,a81b6f5ca3a4f70c2cdbca1436fd138ccc84976ee981aa1726e3dff9ae4e4311,331,72,0.00000000,N/A,
4611d05d:CWE-327:false_positive,drakkan/sftpgo,CWE-327,FP,ollama:qwen2.5-coder:7b,baseline,seguro,DETECTADO,Semgrep FP (ruído sobre código seguro),FP,Verdadeiro Negativo (Acerto),11.83,"O alerta indica que a versão mínima do TLS deve ser definida como TLS 1.3 para melhor segurança. No entanto, o código fornecido não está configurando explicitamente a versão mínima do TLS. Em vez disso, ele usa as configurações padrão do Go, que já estão em conformidade com a recomendação de usar TLS 1.2 como mínimo desde o Go 1.22. Portanto, este código não constitui uma vulnerabilidade real.",5,especifica,baseline:597fcfa9,a81b6f5ca3a4f70c2cdbca1436fd138ccc84976ee981aa1726e3dff9ae4e4311,1340,124,0.00000000,N/A,
4611d05d:CWE-327:false_positive#1,drakkan/sftpgo,CWE-327,FP,ollama:qwen2.5-coder:7b,baseline,seguro,DETECTADO,Semgrep FP (ruído sobre código seguro),FP,Verdadeiro Negativo (Acerto),11.30,"O código não configura explicitamente a versão mínima do TLS, mas isso não constitui uma vulnerabilidade. A ferramenta de análise estática alerta sobre o fato de que a versão mínima do TLS não foi definida, o que significa que o Go 1.22 ou posterior será usado por padrão (TLS 1.3). Como os aplicativos web geralmente devem usar pelo menos TLS 1.3, este código está em conformidade com as melhores práticas de segurança.",5,especifica,baseline:597fcfa9,a81b6f5ca3a4f70c2cdbca1436fd138ccc84976ee981aa1726e3dff9ae4e4311,504,126,0.00000000,N/A,
4611d05d:CWE-327:false_positive#2,drakkan/sftpgo,CWE-327,FP,ollama:qwen2.5-coder:7b,baseline,seguro,DETECTADO,Semgrep FP (ruído sobre código seguro),FP,Verdadeiro Negativo (Acerto),13.81,"O alerta indica que a versão mínima do TLS não foi definida, o que é considerado uma prática recomendada para segurança. No entanto, no contexto fornecido, não há evidências de que essa falta de configuração esteja causando uma vulnerabilidade específica. A função `registerMySQLCustomTLSConfig` parece estar configurando um TLSConfig personalizado para conexões MySQL, incluindo a verificação de certificados e o uso de certificados cliente, mas não especifica explicitamente a versão mínima do TLS. Portanto, este alerta pode ser considerado um falso positivo.",5,especifica,baseline:597fcfa9,a81b6f5ca3a4f70c2cdbca1436fd138ccc84976ee981aa1726e3dff9ae4e4311,816,147,0.00000000,N/A,
4611d05d:CWE-327:false_positive#3,drakkan/sftpgo,CWE-327,FP,ollama:qwen2.5-coder:7b,baseline,seguro,DETECTADO,Semgrep FP (ruído sobre código seguro),FP,Verdadeiro Negativo (Acerto),10.79,"O alerta indica que a versão mínima do TLS deve ser definida como TLS 1.3, mas o código fornecido não contém uma configuração específica para `MinVersion`. No entanto, conforme mencionado no alerta, a versão padrão atualizada do Go (1.22) já usa TLS 1.2 como a versão mínima. Portanto, neste contexto específico, o código não constitui uma vulnerabilidade.",5,especifica,baseline:597fcfa9,a81b6f5ca3a4f70c2cdbca1436fd138ccc84976ee981aa1726e3dff9ae4e4311,620,116,0.00000000,N/A,
4611d05d:CWE-327:false_positive#4,drakkan/sftpgo,CWE-327,FP,ollama:qwen2.5-coder:7b,baseline,seguro,DETECTADO,Semgrep FP (ruído sobre código seguro),FP,Verdadeiro Negativo (Acerto),10.90,"O código fornecido configura uma conexão TLS insegura, desabilitando a verificação de certificados (`InsecureSkipVerify: true`). Isso significa que o código não está configurado para usar TLS 1.3 ou qualquer outra versão segura da protocolo TLS. Portanto, o alerta sobre a falta de configuração mínima de TLS (MinVersion) não se aplica neste contexto e é um falso positivo.",5,especifica,baseline:597fcfa9,a81b6f5ca3a4f70c2cdbca1436fd138ccc84976ee981aa1726e3dff9ae4e4311,422,113,0.00000000,N/A,
4611d05d:CWE-328:false_positive,drakkan/sftpgo,CWE-328,FP,ollama:qwen2.5-coder:7b,baseline,seguro,DETECTADO,Semgrep FP (ruído sobre código seguro),FP,Verdadeiro Negativo (Acerto),13.79,"O código verifica se a senha do usuário começa com um prefixo específico (md5DigestPwdPrefix, sha256DigestPwdPrefix ou sha512DigestPwdPrefix) antes de calcular o hash da senha fornecida pelo usuário. Se o prefixo for encontrado, ele usa o algoritmo correspondente (MD5, SHA-256 ou SHA-512) para gerar um hash e compara com o hash armazenado no banco de dados do usuário. Como o código verifica explicitamente se a senha foi criptografada usando um dos algoritmos seguros (SHA-256 ou SHA-512), não há uso inseguro do MD5.",2,especifica,baseline:597fcfa9,a81b6f5ca3a4f70c2cdbca1436fd138ccc84976ee981aa1726e3dff9ae4e4311,491,164,0.00000000,N/A,
4611d05d:CWE-328:false_positive#1,drakkan/sftpgo,CWE-328,FP,ollama:qwen2.5-coder:7b,baseline,seguro,DETECTADO,Semgrep FP (ruído sobre código seguro),FP,Verdadeiro Negativo (Acerto),11.21,"O alerta é um FALSO POSITIVO porque, embora o código use MD5 para calcular hashes em alguns casos, isso não constitui uma vulnerabilidade real. O uso de MD5 aqui parece ser parte de um comando específico (md5sum) que provavelmente está sendo usado para calcular hashes de arquivos ou dados, e não para fins de autenticação ou assinatura digital. Além disso, o código verifica se o arquivo é permitido antes de calcular o hash, adicionando uma camada de segurança adicional.",2,especifica,baseline:597fcfa9,a81b6f5ca3a4f70c2cdbca1436fd138ccc84976ee981aa1726e3dff9ae4e4311,754,130,0.00000000,N/A,
4611d05d:CWE-338:false_positive,drakkan/sftpgo,CWE-338,FP,ollama:qwen2.5-coder:7b,baseline,seguro,DETECTADO,Semgrep FP (ruído sobre código seguro),FP,Verdadeiro Negativo (Acerto),12.23,"O alerta é um FALSO POSITIVO porque o código em questão está sendo usado dentro de uma biblioteca que fornece funcionalidades para obter e renovar certificados SSL/TLS, especificamente através do protocolo ACME (Automatic Certificate Management Environment). A função `math/rand` não é usada diretamente pelo código fornecido, mas sim por outras partes da biblioteca que podem estar usando essa função. No contexto deste código específico, a utilização de `math/rand` não constitui uma vulnerabilidade de segurança.",3,especifica,baseline:597fcfa9,a81b6f5ca3a4f70c2cdbca1436fd138ccc84976ee981aa1726e3dff9ae4e4311,774,130,0.00000000,N/A,
4611d05d:CWE-338:false_positive#1,drakkan/sftpgo,CWE-338,FP,ollama:qwen2.5-coder:7b,baseline,seguro,DETECTADO,Semgrep FP (ruído sobre código seguro),VP,Falso Positivo (Ruído Mantido),10.92,"O alerta indica que o código está usando a biblioteca `math/rand` para gerar números aleatórios, o que não é seguro para uso em contextos críticos como criptografia. A ferramenta recomenda usar `crypto/rand` ao invés de `math/rand`, pois `crypto/rand` é projetado especificamente para segurança e gera números aleatórios cryptograficamente seguros.",3,especifica,baseline:597fcfa9,a81b6f5ca3a4f70c2cdbca1436fd138ccc84976ee981aa1726e3dff9ae4e4311,595,103,0.00000000,N/A,
4611d05d:CWE-338:false_positive#2,drakkan/sftpgo,CWE-338,FP,ollama:qwen2.5-coder:7b,baseline,seguro,DETECTADO,Semgrep FP (ruído sobre código seguro),FP,Verdadeiro Negativo (Acerto),12.29,"O alerta é um FALSO POSITIVO porque o código em questão não está utilizando a função `math/rand` diretamente. Em vez disso, ele parece estar sendo chamado por uma função que pode ser responsável por gerar números aleatórios de forma segura para fins específicos do serviço, como geração de tokens ou IDs únicos. O uso de `math/rand` em contextos onde a segurança é crucial (como geração de chaves criptográficas) é considerado inaceitável e o alerta está correto nesses casos. No entanto, neste contexto específico, não há evidências suficientes para afirmar que o uso de `math/rand` constitui uma vulnerabilidade.",3,especifica,baseline:597fcfa9,a81b6f5ca3a4f70c2cdbca1436fd138ccc84976ee981aa1726e3dff9ae4e4311,722,168,0.00000000,N/A,
4611d05d:CWE-601:false_positive,drakkan/sftpgo,CWE-601,FP,ollama:qwen2.5-coder:7b,baseline,seguro,DETECTADO,Semgrep FP (ruído sobre código seguro),VP,Falso Positivo (Ruído Mantido),12.22,"O código está utilizando a entrada do usuário (`r.RequestURI`) para construir uma URL de redirecionamento. Isso pode levar a um ataque de redirecionamento aberto, onde um invasor pode redirecionar os usuários para sites maliciosos. A recomendação é evitar o uso de entrada do usuário para criar URLs de redirecionamento ou, se necessário, seguir práticas recomendadas da OWASP para restringir a URL a domínios em uma lista permitida.",6,especifica,baseline:597fcfa9,a81b6f5ca3a4f70c2cdbca1436fd138ccc84976ee981aa1726e3dff9ae4e4311,687,126,0.00000000,N/A,
4611d05d:CWE-601:false_positive#1,drakkan/sftpgo,CWE-601,FP,ollama:qwen2.5-coder:7b,baseline,seguro,DETECTADO,Semgrep FP (ruído sobre código seguro),FP,Verdadeiro Negativo (Acerto),11.05,"O código não está sujeito a uma vulnerabilidade de redirecionamento aberto (open redirect) porque o URL de redirecionamento é construído internamente, sem utilizar diretamente a entrada do usuário. O método `http.Redirect` é chamado com um URL que é gerado dentro da função, e não é baseado em qualquer dado fornecido pelo usuário.",6,especifica,baseline:597fcfa9,a81b6f5ca3a4f70c2cdbca1436fd138ccc84976ee981aa1726e3dff9ae4e4311,516,97,0.00000000,N/A,
4611d05d:CWE-601:false_positive#2,drakkan/sftpgo,CWE-601,FP,ollama:qwen2.5-coder:7b,baseline,seguro,DETECTADO,Semgrep FP (ruído sobre código seguro),FP,Verdadeiro Negativo (Acerto),11.19,"O alerta é um FALSO POSITIVO porque, embora o código utilize a função `http.Redirect` com dados de entrada do usuário (`r.RequestURI`), ele não está sendo usado para redirecionar diretamente para uma URL fornecida pelo usuário. Em vez disso, a URL de redirecionamento é construída internamente com base em constantes e variáveis controladas por lógica condicional. Portanto, não há risco de open redirect.",6,especifica,baseline:597fcfa9,a81b6f5ca3a4f70c2cdbca1436fd138ccc84976ee981aa1726e3dff9ae4e4311,871,120,0.00000000,N/A,
4611d05d:CWE-601:false_positive#3,drakkan/sftpgo,CWE-601,FP,ollama:qwen2.5-coder:7b,baseline,seguro,DETECTADO,Semgrep FP (ruído sobre código seguro),FP,Verdadeiro Negativo (Acerto),12.81,"O alerta é um FALSO POSITIVO porque o código não está diretamente manipulando a URL de redirecionamento do usuário. Em vez disso, ele verifica se o parâmetro 'next' começa com uma caminho específico (`webClientFilesPath`) e, em seguida, redireciona para essa URL. Não há evidências de que o código esteja usando diretamente a entrada do usuário para criar uma URL de redirecionamento.",6,especifica,baseline:597fcfa9,a81b6f5ca3a4f70c2cdbca1436fd138ccc84976ee981aa1726e3dff9ae4e4311,829,116,0.00000000,N/A,
4611d05d:CWE-601:false_positive#4,drakkan/sftpgo,CWE-601,FP,ollama:qwen2.5-coder:7b,baseline,seguro,DETECTADO,Semgrep FP (ruído sobre código seguro),FP,Verdadeiro Negativo (Acerto),11.33,"O alerta é um FALSO POSITIVO neste contexto. A função `http.Redirect` no código não está sendo usada para redirecionar o usuário com base em entrada do usuário. Em vez disso, ela está sendo usada para redirecionar sempre para a mesma URL (`path.Join(webClientPubSharesPath, share.ShareID,",6,especifica,baseline:597fcfa9,a81b6f5ca3a4f70c2cdbca1436fd138ccc84976ee981aa1726e3dff9ae4e4311,498,96,0.00000000,N/A,
4611d05d:CWE-614:false_positive,drakkan/sftpgo,CWE-614,FP,ollama:qwen2.5-coder:7b,baseline,seguro,DETECTADO,Semgrep FP (ruído sobre código seguro),VP,Falso Positivo (Ruído Mantido),12.09,"O alerta é um VERDADEIRO POSITIVO (VP) porque a função `createAndSetCookie` está criando uma cookie de sessão sem definir o sinalizador 'Secure'. A presença do sinalizador 'Secure' é crucial para garantir que a cookie não seja enviada por canais inseguros, como HTTP. No contexto fornecido, a função verifica se a conexão é segura usando `isTLS(r)`, mas isso deve ser explicitamente definido como `true` no campo 'Secure' da estrutura `http.Cookie`. Caso contrário, a cookie pode ser exposta em solicitações HTTP não seguras.",3,especifica,baseline:597fcfa9,a81b6f5ca3a4f70c2cdbca1436fd138ccc84976ee981aa1726e3dff9ae4e4311,552,157,0.00000000,N/A,
4611d05d:CWE-614:false_positive#1,drakkan/sftpgo,CWE-614,FP,ollama:qwen2.5-coder:7b,baseline,seguro,DETECTADO,Semgrep FP (ruído sobre código seguro),VP,Falso Positivo (Ruído Mantido),11.67,"O alerta é um VERDADEIRO POSITIVO (VP) porque a função `setFlashMessage` está criando uma cookie de sessão (`flashCookieName`) sem definir o sinalizador 'Secure'. Isso significa que a cookie pode ser transmitida em canais inseguros, como HTTP. A função `isTLS(r)` é chamada para determinar se a conexão é segura, mas não há garantia de que ela sempre retorne `true`. Portanto, o sinalizador 'Secure' deve ser explicitamente definido como `true` para garantir que a cookie seja enviada apenas por HTTPS.",3,especifica,baseline:597fcfa9,a81b6f5ca3a4f70c2cdbca1436fd138ccc84976ee981aa1726e3dff9ae4e4311,467,150,0.00000000,N/A,
4611d05d:CWE-614:false_positive#2,drakkan/sftpgo,CWE-614,FP,ollama:qwen2.5-coder:7b,baseline,seguro,DETECTADO,Semgrep FP (ruído sobre código seguro),VP,Falso Positivo (Ruído Mantido),11.62,"O alerta é um VERDADEIRO POSITIVO (VP) porque a função `loginOIDCUser` cria um cookie de sessão sem definir o sinalizador 'Secure'. O sinalizador 'Secure' deve ser definido como 'true' para garantir que o cookie não seja transmitido por canais inseguros, como HTTP. No contexto fornecido, a função `isTLS(r)` é chamada para determinar se a conexão é segura, mas essa verificação não garante que o sinalizador 'Secure' esteja sendo definido corretamente no cookie.",3,especifica,baseline:597fcfa9,a81b6f5ca3a4f70c2cdbca1436fd138ccc84976ee981aa1726e3dff9ae4e4311,507,145,0.00000000,N/A,
4611d05d:CWE-665:false_positive,drakkan/sftpgo,CWE-665,FP,ollama:qwen2.5-coder:7b,baseline,seguro,DETECTADO,Semgrep FP (ruído sobre código seguro),FP,Verdadeiro Negativo (Acerto),10.90,"O alerta indica que a variável `user` pode ser modificada e usada posteriormente em caso de erro. No entanto, no contexto fornecido, isso não constitui uma vulnerabilidade real. A variável `user` é inicializada corretamente e seus campos são atualizados apenas para fins de métricas ou registro de informações. Não há nenhuma operação que possa levar a um uso inválido da variável em caso de erro.",3,especifica,baseline:597fcfa9,a81b6f5ca3a4f70c2cdbca1436fd138ccc84976ee981aa1726e3dff9ae4e4311,557,116,0.00000000,N/A,
4611d05d:CWE-665:false_positive#1,drakkan/sftpgo,CWE-665,FP,ollama:qwen2.5-coder:7b,baseline,seguro,DETECTADO,Semgrep FP (ruído sobre código seguro),FP,Verdadeiro Negativo (Acerto),13.03,"O alerta indica que a variável `delay` pode ser modificada e usada posteriormente em caso de erro. No contexto fornecido, isso não constitui uma vulnerabilidade real porque o código verifica se houve um erro ao tentar limitar a taxa de conexão (`common.LimitRate`). Se ocorrer um erro, o valor de `delay` é ajustado para 499999999 nanossegundos (ou 0.5 segundos) e então usado para definir os cabeçalhos `Retry-After` e `X-Retry-In`. Essa modificação não leva a uma derreferência nula, pois o valor de `delay` é sempre atribuído antes de ser usado.",3,especifica,baseline:597fcfa9,a81b6f5ca3a4f70c2cdbca1436fd138ccc84976ee981aa1726e3dff9ae4e4311,620,174,0.00000000,N/A,
4611d05d:CWE-665:false_positive#2,drakkan/sftpgo,CWE-665,FP,ollama:qwen2.5-coder:7b,baseline,seguro,DETECTADO,Semgrep FP (ruído sobre código seguro),FP,Verdadeiro Negativo (Acerto),11.69,"O alerta indica que a variável `delay` pode ser modificada e usada posteriormente em caso de erro. No contexto fornecido, isso não constitui uma vulnerabilidade real porque o valor de `delay` é sempre modificado antes de ser usado (se houver um erro). O código adiciona 499999999 nanossegundos ao valor de `delay`, garantindo que ele nunca seja nulo. Portanto, não há risco de desreferência nula.",3,especifica,baseline:597fcfa9,a81b6f5ca3a4f70c2cdbca1436fd138ccc84976ee981aa1726e3dff9ae4e4311,1264,125,0.00000000,N/A,
4611d05d:CWE-667:false_positive,drakkan/sftpgo,CWE-667,FP,ollama:qwen2.5-coder:7b,baseline,seguro,DETECTADO,Semgrep FP (ruído sobre código seguro),FP,Verdadeiro Negativo (Acerto),11.05,"O alerta indica que a função `checkCrashedPlugins` não está chamando `RUnlock` após adquirir um bloqueio de leitura (`RLock`) em uma variável `RWMutex`. No entanto, o uso de `defer` garante que `RUnlock` será chamado quando a função retornar, independentemente do caminho de execução. Portanto, não há uma vulnerabilidade real aqui.",1,especifica,baseline:597fcfa9,a81b6f5ca3a4f70c2cdbca1436fd138ccc84976ee981aa1726e3dff9ae4e4311,633,107,0.00000000,N/A,
4611d05d:CWE-79:false_positive,drakkan/sftpgo,CWE-79,FP,ollama:qwen2.5-coder:7b,baseline,seguro,DETECTADO,Semgrep FP (ruído sobre código seguro),FP,Verdadeiro Negativo (Acerto),11.59,"O alerta é um FALSO POSITIVO porque o código não está escrevendo diretamente para a resposta do `http.ResponseWriter`. Em vez disso, ele está chamando uma função `w.Write(data)`, onde `data` provavelmente foi gerado por uma função que já aplicou a codificação HTML necessária. Além disso, o código contém um comentário `//nolint:errcheck`, indicando que a verificação de erros foi deliberadamente ignorada, mas isso não significa que haja uma vulnerabilidade XSS.",3,especifica,baseline:597fcfa9,a81b6f5ca3a4f70c2cdbca1436fd138ccc84976ee981aa1726e3dff9ae4e4311,555,133,0.00000000,N/A,
4611d05d:CWE-94:false_positive,drakkan/sftpgo,CWE-94,FP,ollama:qwen2.5-coder:7b,baseline,seguro,DETECTADO,Semgrep FP (ruído sobre código seguro),FP,Verdadeiro Negativo (Acerto),10.43,"O código não executa comandos dinâmicos fornecidos pelo usuário. A variável `Config.Actions.Hook` é verificada para ser uma caminho absoluto antes de qualquer comando ser executado, o que impede a injeção de comandos maliciosos.",8,especifica,baseline:597fcfa9,a81b6f5ca3a4f70c2cdbca1436fd138ccc84976ee981aa1726e3dff9ae4e4311,498,78,0.00000000,N/A,
4611d05d:CWE-94:false_positive#1,drakkan/sftpgo,CWE-94,FP,ollama:qwen2.5-coder:7b,baseline,seguro,DETECTADO,Semgrep FP (ruído sobre código seguro),FP,Verdadeiro Negativo (Acerto),12.83,"O alerta é um FALSO POSITIVO porque o código não executa comandos externos diretamente. Em vez disso, ele verifica se a string `c.StartupHook` começa com 'http' e, nesse caso, faz uma solicitação HTTP para essa URL. Se não começar com 'http', ele verifica se é um caminho absoluto em disco e, em seguida, usa `exec.CommandContext` para executar o comando localmente. O alerta está correto em detectar que a função `exec.Command` pode ser usada de forma potencialmente perigosa se os argumentos não forem verificados adequadamente, mas neste contexto específico, o código parece estar lidando com esses casos de maneira segura.",8,especifica,baseline:597fcfa9,a81b6f5ca3a4f70c2cdbca1436fd138ccc84976ee981aa1726e3dff9ae4e4311,640,178,0.00000000,N/A,
4611d05d:CWE-94:false_positive#2,drakkan/sftpgo,CWE-94,FP,ollama:qwen2.5-coder:7b,baseline,seguro,DETECTADO,Semgrep FP (ruído sobre código seguro),FP,Verdadeiro Negativo (Acerto),11.68,"O alerta é um FALSO POSITIVO porque o código não executa comandos dinâmicos baseados em entradas de usuários. A variável `Config.DataRetentionHook` é verificada para ser absoluta e, se for uma URL HTTP, a função `httpclient.RetryablePost` é chamada, que não envolve a execução de um comando externo. Se for um caminho local, a função `exec.CommandContext` é usada, mas o caminho é verificado como absoluto antes de ser usado.",8,especifica,baseline:597fcfa9,a81b6f5ca3a4f70c2cdbca1436fd138ccc84976ee981aa1726e3dff9ae4e4311,869,134,0.00000000,N/A,
4611d05d:CWE-94:false_positive#3,drakkan/sftpgo,CWE-94,FP,ollama:qwen2.5-coder:7b,baseline,seguro,DETECTADO,Semgrep FP (ruído sobre código seguro),FP,Verdadeiro Negativo (Acerto),11.34,"O código verifica se o comando é permitido antes de executá-lo, garantindo que apenas comandos específicos sejam executados. Além disso, ele substitui placeholders em variáveis de ambiente e argumentos antes de passar para o comando `exec.CommandContext`, minimizando a exposição à injeção de código malicioso.",8,especifica,baseline:597fcfa9,a81b6f5ca3a4f70c2cdbca1436fd138ccc84976ee981aa1726e3dff9ae4e4311,699,89,0.00000000,N/A,
4611d05d:CWE-94:false_positive#4,drakkan/sftpgo,CWE-94,FP,ollama:qwen2.5-coder:7b,baseline,seguro,DETECTADO,Semgrep FP (ruído sobre código seguro),FP,Verdadeiro Negativo (Acerto),10.60,"O código não executa comandos dinâmicos fornecidos pelo usuário. O comando a ser executado é definido pela configuração do sistema (`config.Actions.Hook`) e não por dados de entrada do usuário. Portanto, não há risco de injeção de código.",8,especifica,baseline:597fcfa9,a81b6f5ca3a4f70c2cdbca1436fd138ccc84976ee981aa1726e3dff9ae4e4311,634,78,0.00000000,N/A,
4611d05d:CWE-94:false_positive#5,drakkan/sftpgo,CWE-94,FP,ollama:qwen2.5-coder:7b,baseline,seguro,DETECTADO,Semgrep FP (ruído sobre código seguro),FP,Verdadeiro Negativo (Acerto),12.68,"O alerta é um FALSO POSITIVO porque o código não executa comandos dinâmicos fornecidos pelo usuário. O comando `authHook` é configurado em tempo de compilação e não é alterado durante a execução do programa. Além disso, os argumentos passados para `exec.CommandContext` são obtidos da função `command.GetConfig`, que também é uma função interna do código e não pode ser manipulada pelo usuário.",8,especifica,baseline:597fcfa9,a81b6f5ca3a4f70c2cdbca1436fd138ccc84976ee981aa1726e3dff9ae4e4311,814,117,0.00000000,N/A,
4611d05d:CWE-94:false_positive#6,drakkan/sftpgo,CWE-94,FP,ollama:qwen2.5-coder:7b,baseline,seguro,DETECTADO,Semgrep FP (ruído sobre código seguro),FP,Verdadeiro Negativo (Acerto),10.50,"O código não está executando um comando dinâmico com dados de usuário não verificados. A função `getCommand` cria um comando usando valores definidos no objeto `Config`, que são controlados pelo sistema e não por entradas do usuário. Portanto, não há risco de injeção de código.",8,especifica,baseline:597fcfa9,a81b6f5ca3a4f70c2cdbca1436fd138ccc84976ee981aa1726e3dff9ae4e4311,536,82,0.00000000,N/A,
4611d05d:CWE-94:false_positive#7,drakkan/sftpgo,CWE-94,FP,ollama:qwen2.5-coder:7b,baseline,seguro,DETECTADO,Semgrep FP (ruído sobre código seguro),FP,Verdadeiro Negativo (Acerto),11.47,"O código não executa comandos dinâmicos baseados em entradas de usuários. O comando a ser executado é definido pela variável `c.command`, que é uma string fixa e não é alterada pelo conteúdo do usuário. As opções de argumento (`args`) são construídas a partir dos dados internos da estrutura `sshCommand` e também não contêm entradas de usuários. Portanto, não há risco de injeção de código.",8,especifica,baseline:597fcfa9,a81b6f5ca3a4f70c2cdbca1436fd138ccc84976ee981aa1726e3dff9ae4e4311,1012,120,0.00000000,N/A,
ff7c877f:CWE-321:false_positive,go-vela/server,CWE-321,FP,ollama:qwen2.5-coder:7b,baseline,seguro,DETECTADO,Semgrep FP (ruído sobre código seguro),FP,Verdadeiro Negativo (Acerto),12.10,"O alerta foi emitido para a detecção de um token JWT (JSON Web Token) no código-fonte. No entanto, o código contém comentários que indicam que esses tokens não são credenciais reais e estão sendo usados apenas como exemplos ou placeholders. Portanto, este é um falso positivo.",2,fallback,baseline:597fcfa9,a81b6f5ca3a4f70c2cdbca1436fd138ccc84976ee981aa1726e3dff9ae4e4311,2040,89,0.00000000,N/A,
ff7c877f:CWE-321:false_positive#1,go-vela/server,CWE-321,FP,ollama:qwen2.5-coder:7b,baseline,seguro,DETECTADO,Semgrep FP (ruído sobre código seguro),FP,Verdadeiro Negativo (Acerto),11.94,"O alerta foi emitido para a detecção de um token JWT (JSON Web Token) no código-fonte. No entanto, o contexto em que este token é usado não constitui uma vulnerabilidade real. Os tokens JWT neste caso são representações fictícias usadas apenas como exemplos de JSON retornados por funções do sistema. Eles não contêm informações sensíveis ou credenciais reais e estão sendo usados para fins ilustrativos, não para autenticação ou autorização em um ambiente real.",2,fallback,baseline:597fcfa9,a81b6f5ca3a4f70c2cdbca1436fd138ccc84976ee981aa1726e3dff9ae4e4311,1018,127,0.00000000,N/A,
ff7c877f:CWE-338:false_positive,go-vela/server,CWE-338,FP,ollama:qwen2.5-coder:7b,baseline,seguro,DETECTADO,Semgrep FP (ruído sobre código seguro),VP,Falso Positivo (Ruído Mantido),10.58,"O alerta é um VERDADEIRO POSITIVO (VP) porque o código está usando a biblioteca `math/rand`, que não é segura para uso em contextos onde segurança é crítica, como geração de números aleatórios para senhas, tokens ou outras operações sensíveis. A ferramenta recomenda usar `crypto/rand` em vez disso.",1,especifica,baseline:597fcfa9,a81b6f5ca3a4f70c2cdbca1436fd138ccc84976ee981aa1726e3dff9ae4e4311,433,95,0.00000000,N/A,
ff7c877f:CWE-601:false_positive,go-vela/server,CWE-601,FP,ollama:qwen2.5-coder:7b,baseline,seguro,DETECTADO,Semgrep FP (ruído sobre código seguro),FP,Verdadeiro Negativo (Acerto),11.55,"O alerta é um FALSO POSITIVO neste contexto. Embora o código utilize entrada do usuário para determinar a URL de redirecionamento, ele não está sendo usada diretamente na criação da URL de redirecionamento final. Em vez disso, a URL de redirecionamento é gerada internamente pelo OAuth2 library (`c.OAuth.AuthCodeURL(oAuthState)`), que possui sua própria validação e controle de segurança para evitar redirecionamentos abertos. Portanto, não há uma vulnerabilidade real de redirecionamento aberto nesse código.",1,especifica,baseline:597fcfa9,a81b6f5ca3a4f70c2cdbca1436fd138ccc84976ee981aa1726e3dff9ae4e4311,490,142,0.00000000,N/A,
ff7c877f:CWE-665:false_positive,go-vela/server,CWE-665,FP,ollama:qwen2.5-coder:7b,baseline,seguro,DETECTADO,Semgrep FP (ruído sobre código seguro),FP,Verdadeiro Negativo (Acerto),11.04,"O alerta indica que a variável `u` pode ser modificada e usada posteriormente em caso de erro. No entanto, no contexto fornecido, isso não constitui uma vulnerabilidade real. A variável `u` é inicializada apenas uma vez e seu valor é usado consistentemente sem modificações adicionais entre as chamadas de função. Além disso, o código verifica se `u` é nulo antes de usá-lo em várias partes do fluxo de controle.",13,especifica,baseline:597fcfa9,a81b6f5ca3a4f70c2cdbca1436fd138ccc84976ee981aa1726e3dff9ae4e4311,683,121,0.00000000,N/A,
ff7c877f:CWE-665:false_positive#1,go-vela/server,CWE-665,FP,ollama:qwen2.5-coder:7b,baseline,seguro,DETECTADO,Semgrep FP (ruído sobre código seguro),FP,Verdadeiro Negativo (Acerto),12.12,"O alerta indica que a variável `d` pode ser modificada e usada posteriormente em caso de erro, o que poderia resultar em um panic devido a uma desreferência nula. No entanto, no contexto fornecido, isso não ocorre porque a variável `d` é inicializada apenas uma vez antes de qualquer modificação e seu valor é sempre atualizado corretamente. Além disso, o código verifica se há erros em várias etapas e retorna imediatamente caso encontre algum, evitando que a variável `d` seja usada em um estado inconsistente.",13,especifica,baseline:597fcfa9,a81b6f5ca3a4f70c2cdbca1436fd138ccc84976ee981aa1726e3dff9ae4e4311,827,149,0.00000000,N/A,
ff7c877f:CWE-665:false_positive#2,go-vela/server,CWE-665,FP,ollama:qwen2.5-coder:7b,baseline,seguro,DETECTADO,Semgrep FP (ruído sobre código seguro),FP,Verdadeiro Negativo (Acerto),11.11,"O alerta indica que a variável `u` pode ser modificada e usada posteriormente em caso de erro, o que poderia resultar em um panic devido a uma desreferência nula. No entanto, no contexto fornecido, isso não constitui uma vulnerabilidade real porque a função `database.FromContext(c).UpdateUser(ctx, u)` é chamada após garantir que `u` foi atualizado corretamente e o erro é adequadamente tratado.",13,especifica,baseline:597fcfa9,a81b6f5ca3a4f70c2cdbca1436fd138ccc84976ee981aa1726e3dff9ae4e4311,626,120,0.00000000,N/A,
ff7c877f:CWE-665:false_positive#3,go-vela/server,CWE-665,FP,ollama:qwen2.5-coder:7b,baseline,seguro,DETECTADO,Semgrep FP (ruído sobre código seguro),FP,Verdadeiro Negativo (Acerto),14.34,"O alerta indica que a variável `r` pode ser modificada e usada posteriormente em caso de erro. No contexto fornecido, isso não constitui uma vulnerabilidade real porque o código verifica se ocorreu um erro ao obter as informações do repositório (`scm.FromContext(c).GetRepo(ctx, u, input)`). Se houver um erro, ele retorna imediatamente com um erro de status `http.StatusBadRequest`. Portanto, a variável `r` não é usada após ser potencialmente modificada em caso de sucesso.",13,especifica,baseline:597fcfa9,a81b6f5ca3a4f70c2cdbca1436fd138ccc84976ee981aa1726e3dff9ae4e4311,2682,136,0.00000000,N/A,
ff7c877f:CWE-665:false_positive#4,go-vela/server,CWE-665,FP,ollama:qwen2.5-coder:7b,baseline,seguro,DETECTADO,Semgrep FP (ruído sobre código seguro),FP,Verdadeiro Negativo (Acerto),13.03,"O alerta indica que a variável `sourceRepo` pode ser modificada e usada posteriormente em caso de erro, o que poderia levar a um desreferenciamento nulo. No entanto, no contexto fornecido, a variável `sourceRepo` é inicializada apenas uma vez antes do bloco de tratamento de erros. Se ocorrer um erro durante a chamada a `scm.FromContext(c).GetRepo(ctx, u, r)`, a função retornará imediatamente com um erro e não haverá uso posterior da variável `sourceRepo`. Portanto, o alerta é um FALSO POSITIVO.",13,especifica,baseline:597fcfa9,a81b6f5ca3a4f70c2cdbca1436fd138ccc84976ee981aa1726e3dff9ae4e4311,1393,158,0.00000000,N/A,
ff7c877f:CWE-665:false_positive#5,go-vela/server,CWE-665,FP,ollama:qwen2.5-coder:7b,baseline,seguro,DETECTADO,Semgrep FP (ruído sobre código seguro),FP,Verdadeiro Negativo (Acerto),12.54,"O alerta indica que a variável `r` pode ser modificada e usada posteriormente em caso de erro, o que poderia levar a um desreferenciamento nulo. No entanto, no contexto fornecido, isso não constitui uma vulnerabilidade real porque o código verifica se ocorreu um erro após modificar `r`. Se houver um erro, ele retorna imediatamente e não usa `r` novamente. Portanto, este é um falso positivo.",13,especifica,baseline:597fcfa9,a81b6f5ca3a4f70c2cdbca1436fd138ccc84976ee981aa1726e3dff9ae4e4311,1710,120,0.00000000,N/A,
ff7c877f:CWE-665:false_positive#6,go-vela/server,CWE-665,FP,ollama:qwen2.5-coder:7b,baseline,seguro,DETECTADO,Semgrep FP (ruído sobre código seguro),FP,Verdadeiro Negativo (Acerto),12.05,"O alerta indica que a variável `r` pode ser modificada e usada posteriormente em caso de erro, o que poderia levar a um desreferenciamento nulo. No entanto, no contexto fornecido, isso não constitui uma vulnerabilidade real porque o código verifica se `err != nil` antes de usar `r`. Se ocorrer um erro, `r` é atualizado ou marcado como inativo, garantindo que ele nunca seja usado em um estado inválido.",13,especifica,baseline:597fcfa9,a81b6f5ca3a4f70c2cdbca1436fd138ccc84976ee981aa1726e3dff9ae4e4311,1299,123,0.00000000,N/A,
ff7c877f:CWE-665:false_positive#7,go-vela/server,CWE-665,FP,ollama:qwen2.5-coder:7b,baseline,seguro,DETECTADO,Semgrep FP (ruído sobre código seguro),FP,Verdadeiro Negativo (Acerto),13.70,"O alerta indica que a variável `s` pode ser modificada e usada posteriormente em caso de erro. No entanto, no contexto fornecido, isso não constitui uma vulnerabilidade real. A função retorna imediatamente com um erro se ocorrer um problema ao criar um serviço ou logs de serviço, o que evita a possibilidade de uma referência nula (`nil dereference`). Além disso, a variável `s` é redefinida em cada iteração do loop, garantindo que ela sempre esteja no estado correto antes de ser usada.",13,especifica,baseline:597fcfa9,a81b6f5ca3a4f70c2cdbca1436fd138ccc84976ee981aa1726e3dff9ae4e4311,807,142,0.00000000,N/A,
ff7c877f:CWE-665:false_positive#8,go-vela/server,CWE-665,FP,ollama:qwen2.5-coder:7b,baseline,seguro,DETECTADO,Semgrep FP (ruído sobre código seguro),FP,Verdadeiro Negativo (Acerto),11.82,"O alerta indica que a variável `s` pode ser modificada e usada posteriormente em caso de erro, o que poderia resultar em um panic devido a uma desreferência nula. No entanto, no contexto fornecido, isso não ocorre porque a variável `s` é reatribuída com o resultado da chamada à função `database.CreateStep`, que retorna um novo objeto `types.Step`. Portanto, a variável `s` nunca será usada após ser modificada.",13,especifica,baseline:597fcfa9,a81b6f5ca3a4f70c2cdbca1436fd138ccc84976ee981aa1726e3dff9ae4e4311,844,127,0.00000000,N/A,
ff7c877f:CWE-665:false_positive#9,go-vela/server,CWE-665,FP,ollama:qwen2.5-coder:7b,baseline,seguro,DETECTADO,Semgrep FP (ruído sobre código seguro),FP,Verdadeiro Negativo (Acerto),11.98,"O alerta indica que a variável `u` pode ser modificada e usada posteriormente em caso de erro, o que poderia resultar em um panic devido a uma desreferência nula. No entanto, no contexto fornecido, isso não constitui uma vulnerabilidade real porque a função `database.FromContext(c).UpdateUser(ctx, u)` já retorna um novo objeto `u` após a atualização do usuário no banco de dados. Portanto, mesmo que `u` seja modificado durante o processo, ele é substituído pelo valor retornado pela chamada à função de atualização, evitando qualquer possibilidade de desreferência nula.",13,especifica,baseline:597fcfa9,a81b6f5ca3a4f70c2cdbca1436fd138ccc84976ee981aa1726e3dff9ae4e4311,564,159,0.00000000,N/A,
ff7c877f:CWE-665:false_positive#10,go-vela/server,CWE-665,FP,ollama:qwen2.5-coder:7b,baseline,seguro,DETECTADO,Semgrep FP (ruído sobre código seguro),FP,Verdadeiro Negativo (Acerto),15.55,"O alerta indica que a variável `h` pode ser modificada e usada posteriormente em caso de erro, o que poderia resultar em um panic devido a uma desreferência nula. No entanto, no contexto fornecido, a variável `h` é usada apenas para armazenar informações sobre o webhook recebido e não é modificada ou reutilizada de forma que possa levar a uma desreferência nula. O código verifica se houve um erro ao ler o corpo da requisição e, em caso afirmativo, retorna um erro e encerra a execução da função. Portanto, este alerta não constitui uma vulnerabilidade real neste contexto.",13,especifica,baseline:597fcfa9,a81b6f5ca3a4f70c2cdbca1436fd138ccc84976ee981aa1726e3dff9ae4e4311,4094,167,0.00000000,N/A,
ff7c877f:CWE-665:false_positive#11,go-vela/server,CWE-665,FP,ollama:qwen2.5-coder:7b,baseline,seguro,DETECTADO,Semgrep FP (ruído sobre código seguro),FP,Verdadeiro Negativo (Acerto),12.06,"O alerta indica que a variável `w` pode ser modificada e usada posteriormente em caso de erro, o que poderia levar a um desreferenciamento nulo. No entanto, no contexto fornecido, isso não constitui uma vulnerabilidade real porque a função `database.FromContext(c).UpdateWorker(ctx, w)` já retorna um novo objeto `w` após a atualização do banco de dados. Isso garante que qualquer modificação em `w` dentro da função não afetará o objeto original passado para a chamada de banco de dados.",13,especifica,baseline:597fcfa9,a81b6f5ca3a4f70c2cdbca1436fd138ccc84976ee981aa1726e3dff9ae4e4311,755,140,0.00000000,N/A,
ff7c877f:CWE-665:false_positive#12,go-vela/server,CWE-665,FP,ollama:qwen2.5-coder:7b,baseline,seguro,DETECTADO,Semgrep FP (ruído sobre código seguro),FP,Verdadeiro Negativo (Acerto),12.04,"O alerta indica que a variável `resp` pode ser modificada e usada posteriormente em caso de erro, o que poderia resultar em um panic devido a uma desreferência nula. No entanto, no contexto fornecido, isso não constitui uma vulnerabilidade real porque o código verifica se `resp.StatusCode` é diferente de `http.StatusNotFound`. Se for, ele retorna imediatamente com o erro original, evitando qualquer uso potencial da variável `resp` em um estado inconsistente.",13,especifica,baseline:597fcfa9,a81b6f5ca3a4f70c2cdbca1436fd138ccc84976ee981aa1726e3dff9ae4e4311,675,129,0.00000000,N/A,
ff7c877f:CWE-79:false_positive,go-vela/server,CWE-79,FP,ollama:qwen2.5-coder:7b,baseline,seguro,DETECTADO,Semgrep FP (ruído sobre código seguro),FP,Verdadeiro Negativo (Acerto),10.80,"O alerta é um FALSO POSITIVO porque o código não está diretamente envolvido em operações de renderização de conteúdo HTML. O pacote `text/template` do Go é usado aqui para processar templates, mas não há indicação de que o conteúdo gerado pelo template seja exibido diretamente ao usuário sem qualquer tipo de escape ou sanitização. Portanto, a vulnerabilidade XSS não está presente neste contexto.",1,especifica,baseline:597fcfa9,a81b6f5ca3a4f70c2cdbca1436fd138ccc84976ee981aa1726e3dff9ae4e4311,630,108,0.00000000,N/A,
5af907db:CWE-115:false_positive,goauthentik/authentik,CWE-115,FP,ollama:qwen2.5-coder:7b,baseline,seguro,DETECTADO,Semgrep FP (ruído sobre código seguro),FP,Verdadeiro Negativo (Acerto),12.66,"O alerta indica que o ReverseProxy pode remover cabeçalhos adicionados pelo Director. No entanto, no contexto fornecido, a função `a.proxyModifyRequest(u)` é chamada como argumento para `Director`, o que sugere que os cabeçalhos são modificados antes de serem enviados ao servidor de destino. Portanto, não há risco de os cabeçalhos adicionados pelo Director serem removidos.",2,especifica,baseline:597fcfa9,a81b6f5ca3a4f70c2cdbca1436fd138ccc84976ee981aa1726e3dff9ae4e4311,697,112,0.00000000,N/A,
5af907db:CWE-115:false_positive#1,goauthentik/authentik,CWE-115,FP,ollama:qwen2.5-coder:7b,baseline,seguro,DETECTADO,Semgrep FP (ruído sobre código seguro),FP,Verdadeiro Negativo (Acerto),10.99,"O alerta é um FALSO POSITIVO porque o código está usando `ReverseProxy.Rewrite` em vez de `ReverseProxy.Director`. A função `director` no código fornecido não remove headers adicionados pelo `Director`, mas sim configura e modifica os headers conforme necessário. Portanto, não há risco de remover headers adicionados por um `Director` externo.",2,especifica,baseline:597fcfa9,a81b6f5ca3a4f70c2cdbca1436fd138ccc84976ee981aa1726e3dff9ae4e4311,757,100,0.00000000,N/A,
5af907db:CWE-319:false_positive,goauthentik/authentik,CWE-319,FP,ollama:qwen2.5-coder:7b,baseline,seguro,DETECTADO,Semgrep FP (ruído sobre código seguro),FP,Verdadeiro Negativo (Acerto),10.39,"O alerta é um FALSO POSITIVO porque o código está configurado para iniciar um servidor de depuração HTTP, que não deve ser exposto em produção. O uso de TLS neste contexto não seria necessário nem desejável, pois os dados transmitidos são provavelmente apenas informações de depuração e não sensíveis.",6,especifica,baseline:597fcfa9,a81b6f5ca3a4f70c2cdbca1436fd138ccc84976ee981aa1726e3dff9ae4e4311,663,87,0.00000000,N/A,
5af907db:CWE-319:false_positive#1,goauthentik/authentik,CWE-319,FP,ollama:qwen2.5-coder:7b,baseline,seguro,DETECTADO,Semgrep FP (ruído sobre código seguro),VP,Falso Positivo (Ruído Mantido),10.40,"O alerta indica que o servidor HTTP está sendo iniciado sem TLS, o que expõe a aplicação a ataques de interceptação e man-in-the-middle. A função `http.ListenAndServe` é usada em vez da segura `http.ListenAndServeTLS`, o que viola as diretrizes de segurança recomendadas para aplicações que lidam com dados sensíveis.",6,especifica,baseline:597fcfa9,a81b6f5ca3a4f70c2cdbca1436fd138ccc84976ee981aa1726e3dff9ae4e4311,433,97,0.00000000,N/A,
5af907db:CWE-319:false_positive#2,goauthentik/authentik,CWE-319,FP,ollama:qwen2.5-coder:7b,baseline,seguro,DETECTADO,Semgrep FP (ruído sobre código seguro),VP,Falso Positivo (Ruído Mantido),10.32,"O alerta indica que o servidor HTTP está sendo iniciado sem TLS, o que expõe a aplicação a ataques de interceptação e man-in-the-middle. A função `http.ListenAndServe` é usada em vez da segura `http.ListenAndServeTLS`, o que viola as diretrizes de segurança recomendadas para aplicações que lidam com dados sensíveis.",6,especifica,baseline:597fcfa9,a81b6f5ca3a4f70c2cdbca1436fd138ccc84976ee981aa1726e3dff9ae4e4311,433,97,0.00000000,N/A,
5af907db:CWE-319:false_positive#3,goauthentik/authentik,CWE-319,FP,ollama:qwen2.5-coder:7b,baseline,seguro,DETECTADO,Semgrep FP (ruído sobre código seguro),VP,Falso Positivo (Ruído Mantido),10.19,"O alerta é um VERDADEIRO POSITIVO (VP) porque o código está iniciando um servidor HTTP sem usar TLS. A função `http.ListenAndServe` não fornece criptografia e, portanto, expõe os dados em trânsito a possíveis interceptações não autorizadas.",6,especifica,baseline:597fcfa9,a81b6f5ca3a4f70c2cdbca1436fd138ccc84976ee981aa1726e3dff9ae4e4311,433,84,0.00000000,N/A,
5af907db:CWE-319:false_positive#4,goauthentik/authentik,CWE-319,FP,ollama:qwen2.5-coder:7b,baseline,seguro,DETECTADO,Semgrep FP (ruído sobre código seguro),VP,Falso Positivo (Ruído Mantido),10.39,"O alerta indica que o servidor HTTP está sendo iniciado sem TLS, o que expõe a aplicação a ataques de interceptação e man-in-the-middle. A função `http.ListenAndServe` é usada em vez da segura `http.ListenAndServeTLS`, o que viola as diretrizes de segurança recomendadas para aplicações Go.",6,especifica,baseline:597fcfa9,a81b6f5ca3a4f70c2cdbca1436fd138ccc84976ee981aa1726e3dff9ae4e4311,433,91,0.00000000,N/A,
5af907db:CWE-319:false_positive#5,goauthentik/authentik,CWE-319,FP,ollama:qwen2.5-coder:7b,baseline,seguro,DETECTADO,Semgrep FP (ruído sobre código seguro),FP,Verdadeiro Negativo (Acerto),11.06,"O alerta indica a necessidade de usar 'http.ListenAndServeTLS' em vez de 'http.ListenAndServe', mas o código fornecido já está usando 'http.ListenAndServeTLS'. A linha 67 do código é 'err = http.ListenAndServe(config.Get().Listen.Metrics, m)', que não corresponde ao alerta mencionado (linha 28). Portanto, este alerta é um FALSO POSITIVO.",6,especifica,baseline:597fcfa9,a81b6f5ca3a4f70c2cdbca1436fd138ccc84976ee981aa1726e3dff9ae4e4311,752,109,0.00000000,N/A,
5af907db:CWE-338:false_positive,goauthentik/authentik,CWE-338,FP,ollama:qwen2.5-coder:7b,baseline,seguro,DETECTADO,Semgrep FP (ruído sobre código seguro),VP,Falso Positivo (Ruído Mantido),10.94,"O alerta é um VERDADEIRO POSITIVO (VP) porque o código está usando a biblioteca `math/rand`, que não é segura para uso em aplicações que exigem segurança criptográfica. A ferramenta recomenda usar `crypto/rand` em vez disso, pois `crypto/rand` fornece números aleatórios criptograficamente seguros.",2,especifica,baseline:597fcfa9,a81b6f5ca3a4f70c2cdbca1436fd138ccc84976ee981aa1726e3dff9ae4e4311,429,99,0.00000000,N/A,
5af907db:CWE-338:false_positive#1,goauthentik/authentik,CWE-338,FP,ollama:qwen2.5-coder:7b,baseline,seguro,DETECTADO,Semgrep FP (ruído sobre código seguro),FP,Verdadeiro Negativo (Acerto),10.29,"O alerta é um FALSO POSITIVO porque o código não está utilizando a função `math/rand` diretamente. Em vez disso, ele está usando a função `securecookie.GenerateRandomKey(32)`, que internamente utiliza a biblioteca `crypto/rand` para gerar chaves seguras.",2,especifica,baseline:597fcfa9,a81b6f5ca3a4f70c2cdbca1436fd138ccc84976ee981aa1726e3dff9ae4e4311,440,83,0.00000000,N/A,
5af907db:CWE-601:false_positive,goauthentik/authentik,CWE-601,FP,ollama:qwen2.5-coder:7b,baseline,seguro,DETECTADO,Semgrep FP (ruído sobre código seguro),FP,Verdadeiro Negativo (Acerto),11.84,"O alerta é um FALSO POSITIVO porque, embora o código utilize dados de entrada do usuário para construir uma URL de redirecionamento, ele não está sendo usado diretamente como a URL de redirecionamento final. Em vez disso, a URL de redirecionamento é construída usando uma combinação da configuração `ExternalHost` e da URL atual (`r.URL.Path`). Além disso, há verificações adicionais para garantir que o host da URL atual seja válido em relação à configuração `CookieDomain`. Portanto, não há risco de open redirect nesta implementação.",1,especifica,baseline:597fcfa9,a81b6f5ca3a4f70c2cdbca1436fd138ccc84976ee981aa1726e3dff9ae4e4311,762,150,0.00000000,N/A,
5af907db:CWE-665:false_positive,goauthentik/authentik,CWE-665,FP,ollama:qwen2.5-coder:7b,baseline,seguro,DETECTADO,Semgrep FP (ruído sobre código seguro),FP,Verdadeiro Negativo (Acerto),11.35,"O alerta indica que a variável `hres` pode ser modificada e usada posteriormente em caso de erro, o que poderia levar a um desreferenciamento nulo. No entanto, no contexto fornecido, isso não constitui uma vulnerabilidade real porque o código verifica se `hres` é nulo antes de acessar seu campo `StatusCode`. Se `hres` for nulo, o código retornará imediatamente com a variável `err`, evitando qualquer desreferenciamento nulo.",1,especifica,baseline:597fcfa9,a81b6f5ca3a4f70c2cdbca1436fd138ccc84976ee981aa1726e3dff9ae4e4311,638,132,0.00000000,N/A,
c0c2d2ad:CWE-115:false_positive,goauthentik/authentik,CWE-115,FP,ollama:qwen2.5-coder:7b,baseline,seguro,DETECTADO,Semgrep FP (ruído sobre código seguro),FP,Verdadeiro Negativo (Acerto),10.44,"O alerta indica que o ReverseProxy pode remover cabeçalhos adicionados pelo Director. No entanto, no contexto fornecido, a função `a.proxyModifyRequest(u)` é responsável por modificar os cabeçalhos da solicitação antes de serem enviados para o servidor de destino. Portanto, não há risco de os cabeçalhos adicionados pelo Director serem removidos.",2,especifica,baseline:597fcfa9,a81b6f5ca3a4f70c2cdbca1436fd138ccc84976ee981aa1726e3dff9ae4e4311,697,103,0.00000000,N/A,
c0c2d2ad:CWE-115:false_positive#1,goauthentik/authentik,CWE-115,FP,ollama:qwen2.5-coder:7b,baseline,seguro,DETECTADO,Semgrep FP (ruído sobre código seguro),FP,Verdadeiro Negativo (Acerto),12.05,"O alerta indica que o ReverseProxy pode remover cabeçalhos adicionados pelo Director, sugerindo a utilização de ReverseProxy.Rewrite em vez de ReverseProxy.Director. No entanto, no contexto fornecido, o código está configurando explicitamente os cabeçalhos 'User-Agent' e outros, garantindo que eles sejam removidos ou modificados conforme necessário. Além disso, a função director não está alterando os cabeçalhos adicionados pelo Director, então não há risco de remover cabeçalhos adicionados por ele.",2,especifica,baseline:597fcfa9,a81b6f5ca3a4f70c2cdbca1436fd138ccc84976ee981aa1726e3dff9ae4e4311,960,136,0.00000000,N/A,
c0c2d2ad:CWE-319:false_positive,goauthentik/authentik,CWE-319,FP,ollama:qwen2.5-coder:7b,baseline,seguro,DETECTADO,Semgrep FP (ruído sobre código seguro),FP,Verdadeiro Negativo (Acerto),12.89,"O alerta é um FALSO POSITIVO porque o código está configurado para iniciar um servidor de depuração HTTP, mas não há evidências de que este servidor seja acessível externamente ou seja uma parte crítica do sistema. Além disso, a função `EnableDebugServer` verifica se a configuração de depuração está ativada (`if !config.Get().Debug { return }`). Se a depuração estiver desativada, o servidor não será iniciado. Portanto, neste contexto específico, a ausência de TLS em um servidor de depuração não constitui uma vulnerabilidade.",6,especifica,baseline:597fcfa9,a81b6f5ca3a4f70c2cdbca1436fd138ccc84976ee981aa1726e3dff9ae4e4311,657,145,0.00000000,N/A,
c0c2d2ad:CWE-319:false_positive#1,goauthentik/authentik,CWE-319,FP,ollama:qwen2.5-coder:7b,baseline,seguro,DETECTADO,Semgrep FP (ruído sobre código seguro),VP,Falso Positivo (Ruído Mantido),10.23,"O alerta indica que o servidor HTTP está sendo iniciado sem TLS, o que expõe a aplicação a ataques de interceptação e man-in-the-middle. A função `http.ListenAndServe` é usada em vez da segura `http.ListenAndServeTLS`, o que viola as diretrizes de segurança recomendadas para aplicações Go.",6,especifica,baseline:597fcfa9,a81b6f5ca3a4f70c2cdbca1436fd138ccc84976ee981aa1726e3dff9ae4e4311,433,91,0.00000000,N/A,
c0c2d2ad:CWE-319:false_positive#2,goauthentik/authentik,CWE-319,FP,ollama:qwen2.5-coder:7b,baseline,seguro,DETECTADO,Semgrep FP (ruído sobre código seguro),VP,Falso Positivo (Ruído Mantido),10.04,"O alerta indica que o servidor HTTP está sendo iniciado sem TLS, o que expõe a aplicação a ataques de interceptação e man-in-the-middle. A função `http.ListenAndServe` é usada em vez da segura `http.ListenAndServeTLS`, o que viola as diretrizes de segurança recomendadas para aplicações Go.",6,especifica,baseline:597fcfa9,a81b6f5ca3a4f70c2cdbca1436fd138ccc84976ee981aa1726e3dff9ae4e4311,433,91,0.00000000,N/A,
c0c2d2ad:CWE-319:false_positive#3,goauthentik/authentik,CWE-319,FP,ollama:qwen2.5-coder:7b,baseline,seguro,DETECTADO,Semgrep FP (ruído sobre código seguro),VP,Falso Positivo (Ruído Mantido),10.12,"O alerta é um VERDADEIRO POSITIVO (VP) porque o código está iniciando um servidor HTTP sem usar TLS. A função `http.ListenAndServe` não fornece criptografia e, portanto, expõe os dados em trânsito a possíveis interceptações não autorizadas.",6,especifica,baseline:597fcfa9,a81b6f5ca3a4f70c2cdbca1436fd138ccc84976ee981aa1726e3dff9ae4e4311,433,84,0.00000000,N/A,
c0c2d2ad:CWE-319:false_positive#4,goauthentik/authentik,CWE-319,FP,ollama:qwen2.5-coder:7b,baseline,seguro,DETECTADO,Semgrep FP (ruído sobre código seguro),VP,Falso Positivo (Ruído Mantido),10.87,"O alerta é um VERDADEIRO POSITIVO (VP) porque o código está iniciando um servidor HTTP sem usar TLS. A função `http.ListenAndServe` não fornece criptografia e, portanto, expõe os dados em trânsito a possíveis interceptações não autorizadas.",6,especifica,baseline:597fcfa9,a81b6f5ca3a4f70c2cdbca1436fd138ccc84976ee981aa1726e3dff9ae4e4311,433,84,0.00000000,N/A,
c0c2d2ad:CWE-319:false_positive#5,goauthentik/authentik,CWE-319,FP,ollama:qwen2.5-coder:7b,baseline,seguro,DETECTADO,Semgrep FP (ruído sobre código seguro),FP,Verdadeiro Negativo (Acerto),11.61,"O alerta indica que o código está usando um servidor HTTP sem TLS, o que é uma prática insegura. No entanto, no contexto fornecido, a função `http.ListenAndServe` não está sendo usada diretamente para iniciar o servidor de métricas. Em vez disso, a função `http.ListenAndServeTLS` é chamada dentro da função `runMetricsServer`, que é responsável por configurar e iniciar o servidor de métricas com TLS. Portanto, este alerta é um FALSO POSITIVO porque não há uma vulnerabilidade real no código fornecido.",6,especifica,baseline:597fcfa9,a81b6f5ca3a4f70c2cdbca1436fd138ccc84976ee981aa1726e3dff9ae4e4311,646,142,0.00000000,N/A,
c0c2d2ad:CWE-338:false_positive,goauthentik/authentik,CWE-338,FP,ollama:qwen2.5-coder:7b,baseline,seguro,DETECTADO,Semgrep FP (ruído sobre código seguro),VP,Falso Positivo (Ruído Mantido),10.67,"O alerta é um VERDADEIRO POSITIVO (VP) porque o código está usando a biblioteca `math/rand`, que não é segura para uso em aplicações que exigem segurança criptográfica. A ferramenta recomenda usar `crypto/rand` em vez disso, pois `crypto/rand` fornece números aleatórios criptograficamente seguros.",2,especifica,baseline:597fcfa9,a81b6f5ca3a4f70c2cdbca1436fd138ccc84976ee981aa1726e3dff9ae4e4311,453,99,0.00000000,N/A,
c0c2d2ad:CWE-338:false_positive#1,goauthentik/authentik,CWE-338,FP,ollama:qwen2.5-coder:7b,baseline,seguro,DETECTADO,Semgrep FP (ruído sobre código seguro),FP,Verdadeiro Negativo (Acerto),10.43,"O alerta é um FALSO POSITIVO porque o código não está utilizando a função `math/rand` diretamente. Em vez disso, ele está usando a função `securecookie.GenerateRandomKey(32)`, que internamente utiliza a biblioteca `crypto/rand` para gerar chaves seguras.",2,especifica,baseline:597fcfa9,a81b6f5ca3a4f70c2cdbca1436fd138ccc84976ee981aa1726e3dff9ae4e4311,440,83,0.00000000,N/A,
c0c2d2ad:CWE-601:false_positive,goauthentik/authentik,CWE-601,FP,ollama:qwen2.5-coder:7b,baseline,seguro,DETECTADO,Semgrep FP (ruído sobre código seguro),FP,Verdadeiro Negativo (Acerto),11.57,"O alerta é um FALSO POSITIVO porque, embora o código utilize dados de entrada do usuário para construir uma URL de redirecionamento, ele não está sendo usado diretamente como a URL de redirecionamento final. Em vez disso, a URL de redirecionamento é construída usando uma combinação da configuração `ExternalHost` e da URL atual (`r.URL.Path`). Além disso, há verificações adicionais para garantir que o host da URL atual seja válido em relação à configuração `CookieDomain`. Portanto, não há risco de open redirect nesta implementação.",1,especifica,baseline:597fcfa9,a81b6f5ca3a4f70c2cdbca1436fd138ccc84976ee981aa1726e3dff9ae4e4311,762,150,0.00000000,N/A,
c0c2d2ad:CWE-665:false_positive,goauthentik/authentik,CWE-665,FP,ollama:qwen2.5-coder:7b,baseline,seguro,DETECTADO,Semgrep FP (ruído sobre código seguro),FP,Verdadeiro Negativo (Acerto),11.99,"O alerta indica que a variável `hres` pode ser modificada e usada posteriormente em caso de erro, o que poderia levar a um desreferenciamento nulo. No entanto, no contexto fornecido, isso não constitui uma vulnerabilidade real porque o código verifica se `hres` é nulo antes de acessar seu campo `StatusCode`. Se `hres` for nulo, o código retornará imediatamente com a variável `err`, evitando qualquer desreferenciamento nulo.",1,especifica,baseline:597fcfa9,a81b6f5ca3a4f70c2cdbca1436fd138ccc84976ee981aa1726e3dff9ae4e4311,638,132,0.00000000,N/A,
f1684882:CWE-115:false_positive,goauthentik/authentik,CWE-115,FP,ollama:qwen2.5-coder:7b,baseline,seguro,DETECTADO,Semgrep FP (ruído sobre código seguro),FP,Verdadeiro Negativo (Acerto),11.83,"O alerta é um FALSO POSITIVO porque o uso de `ReverseProxy.Director` não remove headers adicionados pelo `Director`. O método `Director` é responsável por modificar a solicitação antes que ela seja encaminhada para o destino, mas não remove headers. A ferramenta Semgrep está incorretamente identificando isso como uma vulnerabilidade.",2,especifica,baseline:597fcfa9,a81b6f5ca3a4f70c2cdbca1436fd138ccc84976ee981aa1726e3dff9ae4e4311,697,96,0.00000000,N/A,
f1684882:CWE-115:false_positive#1,goauthentik/authentik,CWE-115,FP,ollama:qwen2.5-coder:7b,baseline,seguro,DETECTADO,Semgrep FP (ruído sobre código seguro),FP,Verdadeiro Negativo (Acerto),11.13,"O alerta indica que o ReverseProxy pode remover cabeçalhos adicionados pelo Director, mas neste contexto específico, a função `director` está sendo usada para configurar corretamente os cabeçalhos da solicitação antes de encaminhá-la ao servidor upstream. A função `ReverseProxy.Rewrite` é mencionada como uma alternativa, mas não há evidências no código fornecido que sugiram que a função `director` esteja removendo cabeçalhos adicionados pelo Director. Portanto, o alerta pode ser um falso positivo.",2,especifica,baseline:597fcfa9,a81b6f5ca3a4f70c2cdbca1436fd138ccc84976ee981aa1726e3dff9ae4e4311,960,141,0.00000000,N/A,
f1684882:CWE-319:false_positive,goauthentik/authentik,CWE-319,FP,ollama:qwen2.5-coder:7b,baseline,seguro,DETECTADO,Semgrep FP (ruído sobre código seguro),FP,Verdadeiro Negativo (Acerto),11.11,"O alerta é um FALSO POSITIVO porque o código está configurado para iniciar um servidor de depuração HTTP, mas isso não constitui uma vulnerabilidade em si. O uso de TLS (SSL/TLS) é opcional neste contexto e pode ser desejável para segurança adicional dependendo das necessidades específicas do aplicativo. A função `http.ListenAndServeTLS` só deve ser usada se o servidor precisar lidar com comunicações seguras, que não é o caso aqui.",6,especifica,baseline:597fcfa9,a81b6f5ca3a4f70c2cdbca1436fd138ccc84976ee981aa1726e3dff9ae4e4311,657,124,0.00000000,N/A,
f1684882:CWE-319:false_positive#1,goauthentik/authentik,CWE-319,FP,ollama:qwen2.5-coder:7b,baseline,seguro,DETECTADO,Semgrep FP (ruído sobre código seguro),VP,Falso Positivo (Ruído Mantido),10.21,"O alerta indica que o servidor HTTP está sendo iniciado sem TLS, o que expõe a aplicação a ataques de interceptação e man-in-the-middle. A função `http.ListenAndServe` é usada em vez da segura `http.ListenAndServeTLS`, o que viola as diretrizes de segurança recomendadas para aplicações Go.",6,especifica,baseline:597fcfa9,a81b6f5ca3a4f70c2cdbca1436fd138ccc84976ee981aa1726e3dff9ae4e4311,433,91,0.00000000,N/A,
f1684882:CWE-319:false_positive#2,goauthentik/authentik,CWE-319,FP,ollama:qwen2.5-coder:7b,baseline,seguro,DETECTADO,Semgrep FP (ruído sobre código seguro),VP,Falso Positivo (Ruído Mantido),10.96,"O alerta indica que o servidor HTTP está sendo iniciado sem TLS, o que expõe a aplicação a ataques de interceptação e man-in-the-middle. A função `http.ListenAndServe` é usada em vez da segura `http.ListenAndServeTLS`, o que viola as diretrizes de segurança recomendadas para aplicações Go.",6,especifica,baseline:597fcfa9,a81b6f5ca3a4f70c2cdbca1436fd138ccc84976ee981aa1726e3dff9ae4e4311,433,91,0.00000000,N/A,
f1684882:CWE-319:false_positive#3,goauthentik/authentik,CWE-319,FP,ollama:qwen2.5-coder:7b,baseline,seguro,DETECTADO,Semgrep FP (ruído sobre código seguro),VP,Falso Positivo (Ruído Mantido),9.98,"O alerta é um VERDADEIRO POSITIVO (VP) porque o código está iniciando um servidor HTTP sem usar TLS. A função `http.ListenAndServe` não fornece criptografia e, portanto, expõe os dados em trânsito a possíveis interceptações não autorizadas.",6,especifica,baseline:597fcfa9,a81b6f5ca3a4f70c2cdbca1436fd138ccc84976ee981aa1726e3dff9ae4e4311,433,84,0.00000000,N/A,
f1684882:CWE-319:false_positive#4,goauthentik/authentik,CWE-319,FP,ollama:qwen2.5-coder:7b,baseline,seguro,DETECTADO,Semgrep FP (ruído sobre código seguro),VP,Falso Positivo (Ruído Mantido),10.11,"O alerta é um VERDADEIRO POSITIVO (VP) porque o código está iniciando um servidor HTTP sem usar TLS. A função `http.ListenAndServe` não fornece criptografia e, portanto, expõe os dados em trânsito a possíveis interceptações não autorizadas.",6,especifica,baseline:597fcfa9,a81b6f5ca3a4f70c2cdbca1436fd138ccc84976ee981aa1726e3dff9ae4e4311,433,84,0.00000000,N/A,
f1684882:CWE-319:false_positive#5,goauthentik/authentik,CWE-319,FP,ollama:qwen2.5-coder:7b,baseline,seguro,DETECTADO,Semgrep FP (ruído sobre código seguro),FP,Verdadeiro Negativo (Acerto),11.93,"O alerta indica que o código está usando um servidor HTTP sem TLS, o que é uma prática insegura. No entanto, no contexto fornecido, a função `http.ListenAndServe` não está sendo usada diretamente para iniciar o servidor de métricas. Em vez disso, a função `http.ListenAndServeTLS` é chamada dentro da função `runMetricsServer`, que é responsável por configurar e iniciar o servidor de métricas com TLS. Portanto, este alerta é um FALSO POSITIVO porque não há uma vulnerabilidade real no código fornecido.",6,especifica,baseline:597fcfa9,a81b6f5ca3a4f70c2cdbca1436fd138ccc84976ee981aa1726e3dff9ae4e4311,646,142,0.00000000,N/A,
f1684882:CWE-338:false_positive,goauthentik/authentik,CWE-338,FP,ollama:qwen2.5-coder:7b,baseline,seguro,DETECTADO,Semgrep FP (ruído sobre código seguro),VP,Falso Positivo (Ruído Mantido),10.73,"O alerta é um VERDADEIRO POSITIVO (VP) porque o código está usando a biblioteca `math/rand`, que não é segura para uso em aplicações que exigem segurança criptográfica. A ferramenta recomenda usar `crypto/rand` em vez disso, pois `crypto/rand` fornece números aleatórios criptograficamente seguros.",2,especifica,baseline:597fcfa9,a81b6f5ca3a4f70c2cdbca1436fd138ccc84976ee981aa1726e3dff9ae4e4311,453,99,0.00000000,N/A,
f1684882:CWE-338:false_positive#1,goauthentik/authentik,CWE-338,FP,ollama:qwen2.5-coder:7b,baseline,seguro,DETECTADO,Semgrep FP (ruído sobre código seguro),FP,Verdadeiro Negativo (Acerto),22.83,"O alerta é um FALSO POSITIVO porque o código não está utilizando a função `math/rand` diretamente. Em vez disso, ele está usando a função `securecookie.GenerateRandomKey(32)`, que internamente utiliza a biblioteca `crypto/rand` para gerar chaves seguras.",2,especifica,baseline:597fcfa9,a81b6f5ca3a4f70c2cdbca1436fd138ccc84976ee981aa1726e3dff9ae4e4311,440,83,0.00000000,N/A,
f1684882:CWE-601:false_positive,goauthentik/authentik,CWE-601,FP,ollama:qwen2.5-coder:7b,baseline,seguro,DETECTADO,Semgrep FP (ruído sobre código seguro),FP,Verdadeiro Negativo (Acerto),18.87,"O alerta é um FALSO POSITIVO porque, embora o código utilize dados de entrada do usuário para construir uma URL de redirecionamento, ele não está sendo usado diretamente como a URL de redirecionamento final. Em vez disso, a URL de redirecionamento é construída usando uma combinação da configuração `ExternalHost` e o caminho da requisição (`r.URL.Path`). Além disso, há verificações adicionais para garantir que apenas URLs específicas sejam permitidas, conforme indicado na mensagem do alerta.",1,especifica,baseline:597fcfa9,a81b6f5ca3a4f70c2cdbca1436fd138ccc84976ee981aa1726e3dff9ae4e4311,762,141,0.00000000,N/A,
f1684882:CWE-665:false_positive,goauthentik/authentik,CWE-665,FP,ollama:qwen2.5-coder:7b,baseline,seguro,DETECTADO,Semgrep FP (ruído sobre código seguro),FP,Verdadeiro Negativo (Acerto),17.14,"O alerta indica que a variável `hres` pode ser modificada e usada posteriormente em caso de erro, o que poderia levar a um desreferenciamento nulo. No entanto, no contexto fornecido, isso não constitui uma vulnerabilidade real porque o código verifica se `hres` é nulo antes de acessar seu campo `StatusCode`. Se `hres` for nulo, o código retornará imediatamente com a variável `err`, evitando qualquer desreferenciamento nulo.",1,especifica,baseline:597fcfa9,a81b6f5ca3a4f70c2cdbca1436fd138ccc84976ee981aa1726e3dff9ae4e4311,638,132,0.00000000,N/A,
be0de1ab:CWE-319:false_positive,harness/harness,CWE-319,FP,ollama:qwen2.5-coder:7b,baseline,seguro,DETECTADO,Semgrep FP (ruído sobre código seguro),FP,Verdadeiro Negativo (Acerto),18.17,"O código não desabilita a verificação de certificados TLS/SSL explicitamente. Em vez disso, ele usa uma configuração condicional para definir `InsecureSkipVerify` como verdadeiro apenas se o parâmetro `params.SkipVerify` for verdadeiro. Isso significa que a verificação de certificados TLS/SSL é ativada por padrão e só é desabilitada em um cenário específico, não em todas as situações.",1,especifica,baseline:597fcfa9,a81b6f5ca3a4f70c2cdbca1436fd138ccc84976ee981aa1726e3dff9ae4e4311,949,114,0.00000000,N/A,
be0de1ab:CWE-327:false_positive,harness/harness,CWE-327,FP,ollama:qwen2.5-coder:7b,baseline,seguro,DETECTADO,Semgrep FP (ruído sobre código seguro),FP,Verdadeiro Negativo (Acerto),19.34,"O alerta é um FALSO POSITIVO porque o código não configura explicitamente a versão mínima do TLS. A ferramenta Semgrep está sinalizando que 'MinVersion' está faltando, mas o código em questão já usa `InsecureSkipVerify: insecure`, o que desativa a verificação de SSL/TLS e ignora qualquer restrição de versão de protocolo. Portanto, não há uma vulnerabilidade real relacionada à falta de configuração da versão mínima do TLS.",1,especifica,baseline:597fcfa9,a81b6f5ca3a4f70c2cdbca1436fd138ccc84976ee981aa1726e3dff9ae4e4311,492,129,0.00000000,N/A,
be0de1ab:CWE-328:false_positive,harness/harness,CWE-328,FP,ollama:qwen2.5-coder:7b,baseline,seguro,DETECTADO,Semgrep FP (ruído sobre código seguro),FP,Verdadeiro Negativo (Acerto),15.93,"O alerta é um FALSO POSITIVO porque o código não está usando SHA1 diretamente para fins de assinatura criptográfica. Em vez disso, o SHA1 é sendo usado como parte de uma estratégia de hash múltipla (SHA256, SHA512 e MD5) para garantir a integridade dos dados. Este uso não constitui vulnerabilidade porque os hashes adicionais fornecem proteção adicional contra colisões.",2,especifica,baseline:597fcfa9,a81b6f5ca3a4f70c2cdbca1436fd138ccc84976ee981aa1726e3dff9ae4e4311,665,119,0.00000000,N/A,
be0de1ab:CWE-328:false_positive#1,harness/harness,CWE-328,FP,ollama:qwen2.5-coder:7b,baseline,seguro,DETECTADO,Semgrep FP (ruído sobre código seguro),FP,Verdadeiro Negativo (Acerto),17.54,"O alerta é um FALSO POSITIVO porque, embora o código use MD5, isso não constitui uma vulnerabilidade em si. O MD5 é usado aqui como parte de um algoritmo mais robusto que combina vários hashers (MD5, SHA1, SHA256 e SHA512). Essa abordagem aumenta a segurança ao reduzir a probabilidade de colisões, pois cada hasher tem sua própria função de hash única. Portanto, o uso do MD5 neste contexto não é considerado inseguro.",2,especifica,baseline:597fcfa9,a81b6f5ca3a4f70c2cdbca1436fd138ccc84976ee981aa1726e3dff9ae4e4311,412,137,0.00000000,N/A,
be0de1ab:CWE-338:false_positive,harness/harness,CWE-338,FP,ollama:qwen2.5-coder:7b,baseline,seguro,DETECTADO,Semgrep FP (ruído sobre código seguro),FP,Verdadeiro Negativo (Acerto),16.37,"O alerta é um FALSO POSITIVO porque o código está usando `math/rand/v2`, que é uma versão atualizada do pacote `math/rand` e não o pacote obsoleto `math/rand`. O pacote `math/rand/v2` é seguro para uso em aplicações que requerem números aleatórios, incluindo aplicações de segurança. Portanto, a recomendação de substituir `math/rand` por `crypto/rand` neste contexto não constitui uma vulnerabilidade.",1,especifica,baseline:597fcfa9,a81b6f5ca3a4f70c2cdbca1436fd138ccc84976ee981aa1726e3dff9ae4e4311,628,127,0.00000000,N/A,
be0de1ab:CWE-601:false_positive,harness/harness,CWE-601,FP,ollama:qwen2.5-coder:7b,baseline,seguro,DETECTADO,Semgrep FP (ruído sobre código seguro),FP,Verdadeiro Negativo (Acerto),14.18,"O código não está vulnerável a open redirect porque o valor do cabeçalho Host é usado diretamente para construir a URL de redirecionamento. Não há evidências de que o valor do Host seja alterado pelo usuário ou vindo de uma fonte não confiável, portanto, não há risco de redirecionamento aberto.",5,especifica,baseline:597fcfa9,a81b6f5ca3a4f70c2cdbca1436fd138ccc84976ee981aa1726e3dff9ae4e4311,406,92,0.00000000,N/A,
be0de1ab:CWE-601:false_positive#1,harness/harness,CWE-601,FP,ollama:qwen2.5-coder:7b,baseline,seguro,DETECTADO,Semgrep FP (ruído sobre código seguro),VP,Falso Positivo (Ruído Mantido),16.80,"O alerta é um VERDADEIRO POSITIVO (VP) porque o código permite que uma URL de redirecionamento seja criada a partir da entrada do usuário (`redirectURL`). Isso pode levar a uma vulnerabilidade de redirecionamento aberto, permitindo que os atacantes encaminhem usuários para sites maliciosos. O alerta recomenda evitar o uso de entrada do usuário para criar URLs de redirecionamento e, quando necessário, seguir práticas recomendadas da OWASP para restringir as URLs a domínios em uma lista branca.",5,especifica,baseline:597fcfa9,a81b6f5ca3a4f70c2cdbca1436fd138ccc84976ee981aa1726e3dff9ae4e4311,522,141,0.00000000,N/A,
be0de1ab:CWE-601:false_positive#2,harness/harness,CWE-601,FP,ollama:qwen2.5-coder:7b,baseline,seguro,DETECTADO,Semgrep FP (ruído sobre código seguro),FP,Verdadeiro Negativo (Acerto),17.18,"O alerta é um FALSO POSITIVO porque o código não está utilizando diretamente a entrada do usuário para criar uma URL de redirecionamento. A variável `redirectURL` é recebida como resultado da chamada à função `h.fileManager.DownloadFile`, que provavelmente contém lógica interna para determinar se um redirecionamento deve ocorrer e, em caso afirmativo, qual URL deve ser usada. O código então usa essa URL diretamente em uma chamada a `http.Redirect`, sem manipular ou incorporar a entrada do usuário nessa etapa.",5,especifica,baseline:597fcfa9,a81b6f5ca3a4f70c2cdbca1436fd138ccc84976ee981aa1726e3dff9ae4e4311,652,144,0.00000000,N/A,
be0de1ab:CWE-601:false_positive#3,harness/harness,CWE-601,FP,ollama:qwen2.5-coder:7b,baseline,seguro,DETECTADO,Semgrep FP (ruído sobre código seguro),FP,Verdadeiro Negativo (Acerto),31.71,"O alerta é um FALSO POSITIVO neste contexto. A linha de código em questão está redirecionando para uma URL fixa (`r.URL.Path + '/'`) e não está usando a entrada do usuário para formar o URL de redirecionamento. Portanto, não há risco de open redirect.",5,especifica,baseline:597fcfa9,a81b6f5ca3a4f70c2cdbca1436fd138ccc84976ee981aa1726e3dff9ae4e4311,4532,84,0.00000000,N/A,
be0de1ab:CWE-614:false_positive,harness/harness,CWE-614,FP,ollama:qwen2.5-coder:7b,baseline,seguro,DETECTADO,Semgrep FP (ruído sobre código seguro),VP,Falso Positivo (Ruído Mantido),14.56,"O alerta é um VERDADEIRO POSITIVO (VP) porque a função newEmptyTokenCookie não está definindo o 'Secure' flag para o cookie, mesmo quando a requisição é feita via HTTPS. Isso significa que o cookie pode ser enviado em uma conexão insegura (HTTP), o que viola as melhores práticas de segurança da web.",1,especifica,baseline:597fcfa9,a81b6f5ca3a4f70c2cdbca1436fd138ccc84976ee981aa1726e3dff9ae4e4311,398,96,0.00000000,N/A,
be0de1ab:CWE-665:false_positive,harness/harness,CWE-665,FP,ollama:qwen2.5-coder:7b,baseline,seguro,DETECTADO,Semgrep FP (ruído sobre código seguro),FP,Verdadeiro Negativo (Acerto),16.42,"O alerta indica que a variável `space` pode ser modificada e usada posteriormente em caso de erro, o que poderia resultar em um desreferenciamento nulo. No entanto, no contexto fornecido, isso não constitui uma vulnerabilidade real porque o código verifica se `space` é nulo antes de usá-lo. Se `space` for nulo, a função retornará imediatamente com um erro, evitando qualquer desreferenciamento nulo.",5,especifica,baseline:597fcfa9,a81b6f5ca3a4f70c2cdbca1436fd138ccc84976ee981aa1726e3dff9ae4e4311,740,123,0.00000000,N/A,
be0de1ab:CWE-665:false_positive#1,harness/harness,CWE-665,FP,ollama:qwen2.5-coder:7b,baseline,seguro,DETECTADO,Semgrep FP (ruído sobre código seguro),FP,Verdadeiro Negativo (Acerto),20.88,"O alerta indica que a variável `updatedInstance` pode ser modificada e usada posteriormente em caso de erro. No entanto, no contexto fornecido, se ocorrer um erro durante o processamento do evento `enum.InfraEventProvision`, a função retorna imediatamente com um erro, sem usar `updatedInstance`. Além disso, em outros casos onde `updatedInstance` é usado, ele é atribuído a uma nova variável (`instance = &updatedInstance`) antes de qualquer uso potencialmente problemático. Portanto, não há risco real de nulidade indesejada ou panics.",5,especifica,baseline:597fcfa9,a81b6f5ca3a4f70c2cdbca1436fd138ccc84976ee981aa1726e3dff9ae4e4311,1343,151,0.00000000,N/A,
be0de1ab:CWE-665:false_positive#2,harness/harness,CWE-665,FP,ollama:qwen2.5-coder:7b,baseline,seguro,DETECTADO,Semgrep FP (ruído sobre código seguro),FP,Verdadeiro Negativo (Acerto),20.22,"O alerta indica que a variável `updatedInstance` pode ser modificada e usada posteriormente em caso de erro, o que poderia resultar em um desreferenciamento nulo. No entanto, no contexto fornecido, isso não constitui uma vulnerabilidade real porque a variável `instance` é atualizada para apontar para `updatedInstance` após qualquer modificação e antes do retorno da função. Além disso, o código contém verificações adequadas para lidar com erros e garantir que `instance` seja sempre usado de forma segura.",5,especifica,baseline:597fcfa9,a81b6f5ca3a4f70c2cdbca1436fd138ccc84976ee981aa1726e3dff9ae4e4311,1227,139,0.00000000,N/A,
be0de1ab:CWE-665:false_positive#3,harness/harness,CWE-665,FP,ollama:qwen2.5-coder:7b,baseline,seguro,DETECTADO,Semgrep FP (ruído sobre código seguro),FP,Verdadeiro Negativo (Acerto),17.17,"O alerta indica que a variável `webhook` pode ser modificada e usada posteriormente em caso de erro. No entanto, no código fornecido, não há nenhuma modificação explícita da variável `webhook`. A função `GetWebhookVerifyOwnership` retorna um objeto `webhook`, que é então usado sem qualquer alteração nas linhas subsequentes. Portanto, o uso de `webhook.ID` em outras partes do código não resultará em uma derreferência nula (nil dereference) e, consequentemente, não constitui uma vulnerabilidade.",5,especifica,baseline:597fcfa9,a81b6f5ca3a4f70c2cdbca1436fd138ccc84976ee981aa1726e3dff9ae4e4311,530,144,0.00000000,N/A,
be0de1ab:CWE-665:false_positive#4,harness/harness,CWE-665,FP,ollama:qwen2.5-coder:7b,baseline,seguro,DETECTADO,Semgrep FP (ruído sobre código seguro),FP,Verdadeiro Negativo (Acerto),16.48,"O alerta é um FALSO POSITIVO porque, embora o código itere sobre uma estrutura de dados que pode estar vazia (`flat`), isso não constitui necessariamente uma vulnerabilidade. O código verifica se `c` (que é uma instância de `GitspaceSettingsCriteria`) está vazia no início da função e retorna imediatamente se for o caso, evitando a iteração sobre um mapa vazio. Além disso, a iteração ocorre apenas após garantir que `flat` não esteja vazia.",5,especifica,baseline:597fcfa9,a81b6f5ca3a4f70c2cdbca1436fd138ccc84976ee981aa1726e3dff9ae4e4311,417,136,0.00000000,N/A,
be0de1ab:CWE-79:false_positive,harness/harness,CWE-79,FP,ollama:qwen2.5-coder:7b,baseline,seguro,DETECTADO,Semgrep FP (ruído sobre código seguro),FP,Verdadeiro Negativo (Acerto),17.84,"O código não está diretamente escrevendo dados em 'http.ResponseWriter' sem qualquer tipo de processamento. Ele está apenas definindo o cabeçalho do conteúdo como 'text/yaml; charset=utf-8', definindo o status HTTP e, em seguida, escrevendo os dados YAML brutos retornados pela função `repoCtrl.PipelineGenerate`. Não há evidências de que este código esteja vulnerável a ataques XSS (Cross-Site Scripting) porque não está inserindo dados diretamente no HTML ou em qualquer outro contexto onde o conteúdo potencialmente malicioso possa ser interpretado como código. O alerta é provavelmente um falso positivo neste contexto.",34,especifica,baseline:597fcfa9,a81b6f5ca3a4f70c2cdbca1436fd138ccc84976ee981aa1726e3dff9ae4e4311,472,162,0.00000000,N/A,
be0de1ab:CWE-79:false_positive#1,harness/harness,CWE-79,FP,ollama:qwen2.5-coder:7b,baseline,seguro,DETECTADO,Semgrep FP (ruído sobre código seguro),FP,Verdadeiro Negativo (Acerto),13.93,"O código não está diretamente escrevendo em 'http.ResponseWriter' sem escape HTML. Em vez disso, ele está definindo o cabeçalho de conteúdo como 'application/json' e escrevendo a resposta JSON diretamente. Isso não expõe a aplicação a vulnerabilidades XSS porque os dados estão sendo tratados como JSON e não como HTML.",34,especifica,baseline:597fcfa9,a81b6f5ca3a4f70c2cdbca1436fd138ccc84976ee981aa1726e3dff9ae4e4311,415,94,0.00000000,N/A,
be0de1ab:CWE-79:false_positive#2,harness/harness,CWE-79,FP,ollama:qwen2.5-coder:7b,baseline,seguro,DETECTADO,Semgrep FP (ruído sobre código seguro),FP,Verdadeiro Negativo (Acerto),14.11,"O código não está diretamente exposto a uma vulnerabilidade de Cross-Site Scripting (XSS) porque ele simplesmente escreve uma versão em texto puro para o `http.ResponseWriter`. Não há nenhuma entrada do usuário que possa ser mal interpretada pelo navegador, e a função `fmt.Fprintf` já garante que a saída seja escrita diretamente no fluxo de resposta sem qualquer processamento adicional.",34,especifica,baseline:597fcfa9,a81b6f5ca3a4f70c2cdbca1436fd138ccc84976ee981aa1726e3dff9ae4e4311,332,107,0.00000000,N/A,
be0de1ab:CWE-79:false_positive#3,harness/harness,CWE-79,FP,ollama:qwen2.5-coder:7b,baseline,seguro,DETECTADO,Semgrep FP (ruído sobre código seguro),FP,Verdadeiro Negativo (Acerto),16.01,"O alerta é um FALSO POSITIVO porque o código não está escrevendo diretamente para a resposta do `http.ResponseWriter`. Em vez disso, ele usa um `json.Encoder` para serializar os dados em formato JSON. Isso garante que os dados sejam adequadamente escapados, prevenindo vulnerabilidades de Cross-Site Scripting (XSS). O uso do `json.Encoder` é uma prática recomendada e segura para enviar dados JSON em respostas HTTP.",34,especifica,baseline:597fcfa9,a81b6f5ca3a4f70c2cdbca1436fd138ccc84976ee981aa1726e3dff9ae4e4311,690,125,0.00000000,N/A,
be0de1ab:CWE-79:false_positive#4,harness/harness,CWE-79,FP,ollama:qwen2.5-coder:7b,baseline,seguro,DETECTADO,Semgrep FP (ruído sobre código seguro),FP,Verdadeiro Negativo (Acerto),15.33,"O alerta é um FALSO POSITIVO porque o código não está diretamente envolvido em renderizar conteúdo gerado pelo usuário. O pacote `text/template` é usado para processar templates, mas esses templates são carregados a partir de arquivos embutidos e não são dinamicamente gerados ou inseridos pelo usuário. Portanto, não há risco de Cross-Site Scripting (XSS) nesse contexto.",34,especifica,baseline:597fcfa9,a81b6f5ca3a4f70c2cdbca1436fd138ccc84976ee981aa1726e3dff9ae4e4311,654,112,0.00000000,N/A,
be0de1ab:CWE-79:false_positive#5,harness/harness,CWE-79,FP,ollama:qwen2.5-coder:7b,baseline,seguro,DETECTADO,Semgrep FP (ruído sobre código seguro),FP,Verdadeiro Negativo (Acerto),14.05,"O alerta é um FALSO POSITIVO neste contexto. O código está escrevendo diretamente para o `http.ResponseWriter` em uma rota que gera e retorna um arquivo YAML, não HTML. Como não há nenhuma entrada do usuário sendo escrito diretamente para a resposta sem escape HTML, este código não constitui uma vulnerabilidade XSS.",34,especifica,baseline:597fcfa9,a81b6f5ca3a4f70c2cdbca1436fd138ccc84976ee981aa1726e3dff9ae4e4311,711,92,0.00000000,N/A,
be0de1ab:CWE-79:false_positive#6,harness/harness,CWE-79,FP,ollama:qwen2.5-coder:7b,baseline,seguro,DETECTADO,Semgrep FP (ruído sobre código seguro),FP,Verdadeiro Negativo (Acerto),15.08,"O alerta é um FALSO POSITIVO porque o código não está diretamente envolvido em renderização de conteúdo gerado pelo usuário. O template `tokenTmpl` é usado para formatar uma estrutura de dados em formato JSON, e não há indicação de que este conteúdo seja renderizado no navegador ou exibido diretamente ao usuário. Portanto, não há risco de Cross-Site Scripting (XSS) nesse contexto.",34,especifica,baseline:597fcfa9,a81b6f5ca3a4f70c2cdbca1436fd138ccc84976ee981aa1726e3dff9ae4e4311,679,113,0.00000000,N/A,
be0de1ab:CWE-79:false_positive#7,harness/harness,CWE-79,FP,ollama:qwen2.5-coder:7b,baseline,seguro,DETECTADO,Semgrep FP (ruído sobre código seguro),FP,Verdadeiro Negativo (Acerto),15.05,"O alerta é um FALSO POSITIVO porque o código não está diretamente envolvido em renderização de conteúdo gerado pelo usuário. O template `userTmpl` é usado para formatar dados do usuário, mas esses dados são provavelmente provenientes de uma fonte confiável (por exemplo, um banco de dados ou outra parte do sistema) e não de entrada do usuário. Portanto, não há risco de XSS neste contexto.",34,especifica,baseline:597fcfa9,a81b6f5ca3a4f70c2cdbca1436fd138ccc84976ee981aa1726e3dff9ae4e4311,654,114,0.00000000,N/A,
be0de1ab:CWE-79:false_positive#8,harness/harness,CWE-79,FP,ollama:qwen2.5-coder:7b,baseline,seguro,DETECTADO,Semgrep FP (ruído sobre código seguro),FP,Verdadeiro Negativo (Acerto),14.18,"O alerta é um FALSO POSITIVO porque o código não está diretamente envolvido em renderizar conteúdo gerado pelo usuário. A função `text/template` é usada para processar uma string de modelo, mas não há indicação de que este conteúdo seja inserido direto no HTML ou renderizado em algum lugar onde possa ser vulnerável a ataques XSS.",34,especifica,baseline:597fcfa9,a81b6f5ca3a4f70c2cdbca1436fd138ccc84976ee981aa1726e3dff9ae4e4311,666,97,0.00000000,N/A,
be0de1ab:CWE-79:false_positive#9,harness/harness,CWE-79,FP,ollama:qwen2.5-coder:7b,baseline,seguro,DETECTADO,Semgrep FP (ruído sobre código seguro),FP,Verdadeiro Negativo (Acerto),14.30,"O alerta é um FALSO POSITIVO porque o código não está diretamente envolvido em renderizar conteúdo gerado pelo usuário. A função `json.NewEncoder(os.Stdout)` está sendo usada para serializar e imprimir um objeto de usuário em formato JSON, não para renderizar HTML. Portanto, não há risco de Cross-Site Scripting (XSS) nesse contexto.",34,especifica,baseline:597fcfa9,a81b6f5ca3a4f70c2cdbca1436fd138ccc84976ee981aa1726e3dff9ae4e4311,666,100,0.00000000,N/A,
be0de1ab:CWE-79:false_positive#10,harness/harness,CWE-79,FP,ollama:qwen2.5-coder:7b,baseline,seguro,DETECTADO,Semgrep FP (ruído sobre código seguro),FP,Verdadeiro Negativo (Acerto),16.28,"O alerta é um FALSO POSITIVO porque o código não está diretamente envolvido em renderização de conteúdo gerado pelo usuário. O template `userTmpl` é usado para formatar dados do usuário, mas esses dados são provavelmente obtidos de uma fonte segura e não são inseridos diretamente no HTML sem processamento adicional. Além disso, o código não usa a função `template.ExecuteTemplate`, que seria onde ocorreria a renderização do template, e sim apenas define o conteúdo do template em uma string constante.",34,especifica,baseline:597fcfa9,a81b6f5ca3a4f70c2cdbca1436fd138ccc84976ee981aa1726e3dff9ae4e4311,661,136,0.00000000,N/A,
be0de1ab:CWE-79:false_positive#11,harness/harness,CWE-79,FP,ollama:qwen2.5-coder:7b,baseline,seguro,DETECTADO,Semgrep FP (ruído sobre código seguro),FP,Verdadeiro Negativo (Acerto),16.12,"O alerta é um FALSO POSITIVO neste contexto. O código não está diretamente envolvido em renderização de conteúdo gerado pelo usuário, nem em operações que possam levar a uma injeção de script. A função `text/template` é usada para processar templates, mas isso ocorre em um contexto interno do sistema e não expõe o conteúdo ao navegador dos usuários. Além disso, o código não manipula diretamente entradas de usuário que possam ser injetadas como scripts.",34,especifica,baseline:597fcfa9,a81b6f5ca3a4f70c2cdbca1436fd138ccc84976ee981aa1726e3dff9ae4e4311,672,130,0.00000000,N/A,
be0de1ab:CWE-79:false_positive#12,harness/harness,CWE-79,FP,ollama:qwen2.5-coder:7b,baseline,seguro,DETECTADO,Semgrep FP (ruído sobre código seguro),FP,Verdadeiro Negativo (Acerto),15.46,"O alerta é um FALSO POSITIVO neste contexto. A função `w.Write()` está sendo usada para enviar uma resposta de sucesso após o upload do artefato, que não contém dados diretamente inseridos pelo usuário. O texto 'Pushed.
Sha256: %s' é uma mensagem fixa e não é gerado dinamicamente com base em entradas do usuário. Portanto, não há risco de Cross-Site Scripting (XSS) nesta parte do código.",34,especifica,baseline:597fcfa9,a81b6f5ca3a4f70c2cdbca1436fd138ccc84976ee981aa1726e3dff9ae4e4311,483,125,0.00000000,N/A,
be0de1ab:CWE-79:false_positive#13,harness/harness,CWE-79,FP,ollama:qwen2.5-coder:7b,baseline,seguro,DETECTADO,Semgrep FP (ruído sobre código seguro),FP,Verdadeiro Negativo (Acerto),13.94,"O código não está diretamente escrevendo dados em 'http.ResponseWriter' sem qualquer tipo de processamento HTML. Ele está serializando os dados em JSON usando 'json.Marshal' e, em seguida, escrevendo o resultado em formato JSON. Isso garante que a saída seja corretamente escapada para evitar vulnerabilidades XSS.",34,especifica,baseline:597fcfa9,a81b6f5ca3a4f70c2cdbca1436fd138ccc84976ee981aa1726e3dff9ae4e4311,511,89,0.00000000,N/A,
be0de1ab:CWE-79:false_positive#14,harness/harness,CWE-79,FP,ollama:qwen2.5-coder:7b,baseline,seguro,DETECTADO,Semgrep FP (ruído sobre código seguro),FP,Verdadeiro Negativo (Acerto),12.94,"O código não está diretamente escrevendo para o `http.ResponseWriter` sem escape HTML. Ele está serializando os dados em JSON usando `json.Marshal`, que já realiza a codificação necessária para evitar vulnerabilidades XSS. O uso de `w.Write(jsonResponse)` é seguro neste contexto.",34,especifica,baseline:597fcfa9,a81b6f5ca3a4f70c2cdbca1436fd138ccc84976ee981aa1726e3dff9ae4e4311,507,78,0.00000000,N/A,
be0de1ab:CWE-79:false_positive#16,harness/harness,CWE-79,FP,ollama:qwen2.5-coder:7b,baseline,seguro,DETECTADO,Semgrep FP (ruído sobre código seguro),FP,Verdadeiro Negativo (Acerto),13.80,"O alerta é um FALSO POSITIVO porque o código não está diretamente escrevendo dados em 'http.ResponseWriter' sem escape HTML. O código utiliza a biblioteca 'xml.NewEncoder(w).Encode(response.FeedResponse)' para serializar e enviar os dados XML, que já realiza a codificação necessária para evitar vulnerabilidades XSS.",34,especifica,baseline:597fcfa9,a81b6f5ca3a4f70c2cdbca1436fd138ccc84976ee981aa1726e3dff9ae4e4311,541,89,0.00000000,N/A,
be0de1ab:CWE-79:false_positive#17,harness/harness,CWE-79,FP,ollama:qwen2.5-coder:7b,baseline,seguro,DETECTADO,Semgrep FP (ruído sobre código seguro),FP,Verdadeiro Negativo (Acerto),15.05,"O alerta é um FALSO POSITIVO porque o código não está escrevendo diretamente para a resposta HTTP. Em vez disso, ele usa `xml.NewEncoder(w).Encode(response.Count)`, que serializa os dados em XML e envia-os como parte da resposta. Isso garante que qualquer dado potencialmente perigoso seja adequadamente escapado, prevenindo vulnerabilidades de Cross-Site Scripting (XSS).",34,especifica,baseline:597fcfa9,a81b6f5ca3a4f70c2cdbca1436fd138ccc84976ee981aa1726e3dff9ae4e4311,541,114,0.00000000,N/A,
be0de1ab:CWE-79:false_positive#18,harness/harness,CWE-79,FP,ollama:qwen2.5-coder:7b,baseline,seguro,DETECTADO,Semgrep FP (ruído sobre código seguro),FP,Verdadeiro Negativo (Acerto),13.88,"O alerta é um FALSO POSITIVO porque o código não está escrevendo diretamente para a resposta HTTP. Em vez disso, ele usa `xml.NewEncoder(w).Encode(response.FeedEntryResponse)`, que garante que os dados sejam serializados corretamente em XML e escapados adequadamente, prevenindo vulnerabilidades XSS.",34,especifica,baseline:597fcfa9,a81b6f5ca3a4f70c2cdbca1436fd138ccc84976ee981aa1726e3dff9ae4e4311,544,93,0.00000000,N/A,
be0de1ab:CWE-79:false_positive#19,harness/harness,CWE-79,FP,ollama:qwen2.5-coder:7b,baseline,seguro,DETECTADO,Semgrep FP (ruído sobre código seguro),FP,Verdadeiro Negativo (Acerto),13.21,"O alerta é um FALSO POSITIVO porque o código não está escrevendo diretamente para a resposta HTTP. Em vez disso, ele usa `xml.NewEncoder(w).Encode(response.Count)`, que garante que os dados sejam serializados em formato XML e escapados adequadamente, prevenindo vulnerabilidades de Cross-Site Scripting (XSS).",34,especifica,baseline:597fcfa9,a81b6f5ca3a4f70c2cdbca1436fd138ccc84976ee981aa1726e3dff9ae4e4311,545,98,0.00000000,N/A,
be0de1ab:CWE-79:false_positive#20,harness/harness,CWE-79,FP,ollama:qwen2.5-coder:7b,baseline,seguro,DETECTADO,Semgrep FP (ruído sobre código seguro),FP,Verdadeiro Negativo (Acerto),12.92,"O alerta é um FALSO POSITIVO porque o código não está diretamente escrevendo dados em 'http.ResponseWriter' sem escape HTML. Em vez disso, ele usa a biblioteca 'xml.NewEncoder(w).Encode(response.FeedResponse)' para serializar e enviar os dados XML, que já realiza a codificação necessária para evitar vulnerabilidades XSS.",34,especifica,baseline:597fcfa9,a81b6f5ca3a4f70c2cdbca1436fd138ccc84976ee981aa1726e3dff9ae4e4311,606,93,0.00000000,N/A,
be0de1ab:CWE-79:false_positive#15,harness/harness,CWE-79,FP,ollama:qwen2.5-coder:7b,baseline,seguro,DETECTADO,Semgrep FP (ruído sobre código seguro),FP,Verdadeiro Negativo (Acerto),15.51,"O alerta é um FALSO POSITIVO porque o código não está escrevendo diretamente para a resposta HTTP. Em vez disso, ele usa `fmt.Sprintf` para formatar uma string e depois escreve essa string formatada para a resposta. A função `fmt.Sprintf` já realiza a escapação HTML necessária para evitar vulnerabilidades XSS.",34,especifica,baseline:597fcfa9,a81b6f5ca3a4f70c2cdbca1436fd138ccc84976ee981aa1726e3dff9ae4e4311,538,93,0.00000000,N/A,
be0de1ab:CWE-79:false_positive#21,harness/harness,CWE-79,FP,ollama:qwen2.5-coder:7b,baseline,seguro,DETECTADO,Semgrep FP (ruído sobre código seguro),FP,Verdadeiro Negativo (Acerto),16.95,"O alerta é um FALSO POSITIVO porque o código não está escrevendo diretamente para a resposta HTTP. Em vez disso, ele está usando o método `WriteToResponse(w)` do objeto `response.ResponseHeaders`, que provavelmente já aplica a codificação HTML necessária para evitar vulnerabilidades XSS. Além disso, a linha onde ocorre a escrita (`_, err := w.Write(bytes)`) é seguida por um tratamento de erro e uma atualização do código de resposta em caso de falha, garantindo que qualquer conteúdo escrito seja processado corretamente.",34,especifica,baseline:597fcfa9,a81b6f5ca3a4f70c2cdbca1436fd138ccc84976ee981aa1726e3dff9ae4e4311,551,144,0.00000000,N/A,
be0de1ab:CWE-79:false_positive#22,harness/harness,CWE-79,FP,ollama:qwen2.5-coder:7b,baseline,seguro,DETECTADO,Semgrep FP (ruído sobre código seguro),FP,Verdadeiro Negativo (Acerto),12.59,"O código não está diretamente escrevendo em 'http.ResponseWriter' sem escapar HTML. Em vez disso, ele usa a função `fmt.Sprintf` para formatar uma string que contém o erro e então escreve essa string formatada no `ResponseWriter`. A função `fmt.Sprintf` já realiza a escapação de caracteres especiais, garantindo que não haja vulnerabilidades XSS.",34,especifica,baseline:597fcfa9,a81b6f5ca3a4f70c2cdbca1436fd138ccc84976ee981aa1726e3dff9ae4e4311,393,100,0.00000000,N/A,
be0de1ab:CWE-79:false_positive#25,harness/harness,CWE-79,FP,ollama:qwen2.5-coder:7b,baseline,seguro,DETECTADO,Semgrep FP (ruído sobre código seguro),FP,Verdadeiro Negativo (Acerto),12.33,"O código não está diretamente escrevendo em 'http.ResponseWriter' sem escape HTML. Ele está serializando o JSON do objeto 'swagger' usando 'json.Marshal', que já realiza a codificação necessária para evitar vulnerabilidades XSS. O uso de 'w.Write(jsonResponse)' é seguro neste contexto.",34,especifica,baseline:597fcfa9,a81b6f5ca3a4f70c2cdbca1436fd138ccc84976ee981aa1726e3dff9ae4e4311,510,80,0.00000000,N/A,
be0de1ab:CWE-89:false_positive,harness/harness,CWE-89,FP,ollama:qwen2.5-coder:7b,baseline,seguro,DETECTADO,Semgrep FP (ruído sobre código seguro),FP,Verdadeiro Negativo (Acerto),12.46,"O código utiliza placeholders ($1 e $2) na consulta SQL, o que garante que os valores das variáveis `in.ID` e `principalID` sejam tratados como parâmetros de entrada e não como parte da consulta em si. Isso previne a injeção SQL, tornando este alerta um falso positivo.",1,fallback,baseline:597fcfa9,a81b6f5ca3a4f70c2cdbca1436fd138ccc84976ee981aa1726e3dff9ae4e4311,475,90,0.00000000,N/A,
be0de1ab:CWE-94:false_positive,harness/harness,CWE-94,FP,ollama:qwen2.5-coder:7b,baseline,seguro,DETECTADO,Semgrep FP (ruído sobre código seguro),FP,Verdadeiro Negativo (Acerto),13.59,"O alerta é um FALSO POSITIVO porque o código não executa comandos de forma dinâmica. A função `exec.CommandContext` é usada para criar um comando, mas os argumentos são construídos estáticamente dentro da função `makeArgs()`. Não há evidências de que a entrada do usuário esteja sendo usada diretamente como parte dos argumentos do comando, o que torna improvável uma injeção de código malicioso.",1,especifica,baseline:597fcfa9,a81b6f5ca3a4f70c2cdbca1436fd138ccc84976ee981aa1726e3dff9ae4e4311,682,118,0.00000000,N/A,
e5c9c1fe:CWE-1004:false_positive,justinas/nosurf,CWE-1004,FP,ollama:qwen2.5-coder:7b,baseline,seguro,DETECTADO,Semgrep FP (ruído sobre código seguro),FP,Verdadeiro Negativo (Acerto),12.77,"O alerta é um FALSO POSITIVO porque o código não está criando uma cookie de sessão. Em vez disso, ele está definindo propriedades para uma estrutura `http.Cookie` chamada `baseCookie`, mas essa estrutura não está sendo usada para criar uma cookie real que possa ser exposta a um cliente. Portanto, não há risco de XSS associado a esta parte do código.",1,especifica,baseline:597fcfa9,a81b6f5ca3a4f70c2cdbca1436fd138ccc84976ee981aa1726e3dff9ae4e4311,395,108,0.00000000,N/A,
e5c9c1fe:CWE-614:false_positive,justinas/nosurf,CWE-614,FP,ollama:qwen2.5-coder:7b,baseline,seguro,DETECTADO,Semgrep FP (ruído sobre código seguro),FP,Verdadeiro Negativo (Acerto),11.62,"O código fornecido não está configurando cookies de sessão, então não há necessidade de definir a flag 'Secure'. A função `New` cria uma estrutura `CSRFHandler`, mas não envolve o uso de cookies de sessão. Portanto, o alerta é um falso positivo.",1,especifica,baseline:597fcfa9,a81b6f5ca3a4f70c2cdbca1436fd138ccc84976ee981aa1726e3dff9ae4e4311,383,83,0.00000000,N/A,
191ea16c:CWE-328:false_positive,kovidgoyal/kitty,CWE-328,FP,ollama:qwen2.5-coder:7b,baseline,seguro,DETECTADO,Semgrep FP (ruído sobre código seguro),VP,Falso Positivo (Ruído Mantido),12.27,"O uso do algoritmo MD5 na linha 114 é uma vulnerabilidade real. MD5 é considerado inseguro devido à sua falta de resistência a colisões, o que significa que pode haver dois dados diferentes com o mesmo hash. Isso torna o uso de MD5 inadequado para fins de segurança, como geração de hashes de verificação ou assinaturas digitais.",1,especifica,baseline:597fcfa9,a81b6f5ca3a4f70c2cdbca1436fd138ccc84976ee981aa1726e3dff9ae4e4311,385,105,0.00000000,N/A,
191ea16c:CWE-338:false_positive,kovidgoyal/kitty,CWE-338,FP,ollama:qwen2.5-coder:7b,baseline,seguro,DETECTADO,Semgrep FP (ruído sobre código seguro),FP,Verdadeiro Negativo (Acerto),11.67,"O alerta é um FALSO POSITIVO porque o código não está usando `math/rand`. Em vez disso, ele importa e usa `crypto/rand` para operações de geração de números aleatórios criptograficamente seguros.",3,especifica,baseline:597fcfa9,a81b6f5ca3a4f70c2cdbca1436fd138ccc84976ee981aa1726e3dff9ae4e4311,459,70,0.00000000,N/A,
191ea16c:CWE-338:false_positive#1,kovidgoyal/kitty,CWE-338,FP,ollama:qwen2.5-coder:7b,baseline,seguro,DETECTADO,Semgrep FP (ruído sobre código seguro),FP,Verdadeiro Negativo (Acerto),12.99,"O alerta é um FALSO POSITIVO. A ferramenta Semgrep está sinalizando o uso de `math/rand`, mas no contexto fornecido, não há evidências de que este pacote seja usado para geração de números aleatórios críticos ou sensíveis. O código parece estar sendo utilizado para fins de benchmarking e geração de strings aleatórias, onde a segurança da semente aleatória não é uma preocupação crítica.",3,especifica,baseline:597fcfa9,a81b6f5ca3a4f70c2cdbca1436fd138ccc84976ee981aa1726e3dff9ae4e4311,463,115,0.00000000,N/A,
191ea16c:CWE-338:false_positive#2,kovidgoyal/kitty,CWE-338,FP,ollama:qwen2.5-coder:7b,baseline,seguro,DETECTADO,Semgrep FP (ruído sobre código seguro),FP,Verdadeiro Negativo (Acerto),11.88,"O alerta é um FALSO POSITIVO porque o código não está usando `math/rand`. Em vez disso, ele importa explicitamente `crypto/rand` na linha 3 do arquivo. A função de alerta foi sinalizada em uma linha onde o uso correto da biblioteca `crypto/rand` já está presente.",3,especifica,baseline:597fcfa9,a81b6f5ca3a4f70c2cdbca1436fd138ccc84976ee981aa1726e3dff9ae4e4311,443,87,0.00000000,N/A,
191ea16c:CWE-400:false_positive,kovidgoyal/kitty,CWE-400,FP,ollama:qwen2.5-coder:7b,baseline,seguro,DETECTADO,Semgrep FP (ruído sobre código seguro),FP,Verdadeiro Negativo (Acerto),14.20,"O alerta de zip bomb é um falso positivo neste contexto. O código verifica o tamanho do arquivo ZIP antes de descomprimir, garantindo que não ocorra uma explosão de decompressão. A função `io.CopyN()` está sendo usada para limitar a quantidade de dados lidos, mitigando o risco de ataques de bomba de descompressão.",1,fallback,baseline:597fcfa9,a81b6f5ca3a4f70c2cdbca1436fd138ccc84976ee981aa1726e3dff9ae4e4311,1129,96,0.00000000,N/A,
191ea16c:CWE-470:false_positive,kovidgoyal/kitty,CWE-470,FP,ollama:qwen2.5-coder:7b,baseline,seguro,DETECTADO,Semgrep FP (ruído sobre código seguro),FP,Verdadeiro Negativo (Acerto),12.56,"O código utiliza `reflect.ValueOf` para acessar campos de uma estrutura, mas não permite que os valores dos campos sejam fornecidos pelo usuário. Em vez disso, o valor do campo é definido diretamente dentro da função (`data`). Portanto, não há risco de ataque baseado em reflexão insegura.",1,especifica,baseline:597fcfa9,a81b6f5ca3a4f70c2cdbca1436fd138ccc84976ee981aa1726e3dff9ae4e4311,428,89,0.00000000,N/A,
191ea16c:CWE-665:false_positive,kovidgoyal/kitty,CWE-665,FP,ollama:qwen2.5-coder:7b,baseline,seguro,DETECTADO,Semgrep FP (ruído sobre código seguro),FP,Verdadeiro Negativo (Acerto),11.91,"O código verifica se `self.loop` é nulo antes de chamá-lo, garantindo que não haverá uma tentativa de acessar um método em um valor nulo. Portanto, a variável `screen_size` não será modificada de forma indesejada e usada posteriormente.",1,especifica,baseline:597fcfa9,a81b6f5ca3a4f70c2cdbca1436fd138ccc84976ee981aa1726e3dff9ae4e4311,423,81,0.00000000,N/A,
191ea16c:CWE-681:false_positive,kovidgoyal/kitty,CWE-681,FP,ollama:qwen2.5-coder:7b,baseline,seguro,DETECTADO,Semgrep FP (ruído sobre código seguro),FP,Verdadeiro Negativo (Acerto),12.29,"O alerta é um FALSO POSITIVO porque a conversão de int32 para int não apresenta riscos de segurança significativos neste contexto. A função strconv.Atoi já retorna um valor do tipo int, que pode ser diretamente convertido em int32 sem perdas de dados ou violações de sinal.",4,especifica,baseline:597fcfa9,a81b6f5ca3a4f70c2cdbca1436fd138ccc84976ee981aa1726e3dff9ae4e4311,672,86,0.00000000,N/A,
191ea16c:CWE-681:false_positive#1,kovidgoyal/kitty,CWE-681,FP,ollama:qwen2.5-coder:7b,baseline,seguro,DETECTADO,Semgrep FP (ruído sobre código seguro),FP,Verdadeiro Negativo (Acerto),12.26,"O código está convertendo uma string numérica em um valor `uint32`, que é um tipo de inteiro sem sinal. Não há evidências de downcasting ou mudança de sinal, pois o tipo `uint32` já não pode representar valores negativos.",4,especifica,baseline:597fcfa9,a81b6f5ca3a4f70c2cdbca1436fd138ccc84976ee981aa1726e3dff9ae4e4311,327,75,0.00000000,N/A,
191ea16c:CWE-681:false_positive#2,kovidgoyal/kitty,CWE-681,FP,ollama:qwen2.5-coder:7b,baseline,seguro,DETECTADO,Semgrep FP (ruído sobre código seguro),FP,Verdadeiro Negativo (Acerto),10.89,O alerta é um FALSO POSITIVO porque a conversão de string para inteiro em `strconv.Atoi(resp.Header.Get(,4,especifica,baseline:597fcfa9,a81b6f5ca3a4f70c2cdbca1436fd138ccc84976ee981aa1726e3dff9ae4e4311,425,47,0.00000000,N/A,
191ea16c:CWE-681:false_positive#3,kovidgoyal/kitty,CWE-681,FP,ollama:qwen2.5-coder:7b,baseline,seguro,DETECTADO,Semgrep FP (ruído sobre código seguro),FP,Verdadeiro Negativo (Acerto),11.50,"O código não realiza uma conversão de sinal ou downcasting explícito. A função `filepath.Abs` retorna um caminho absoluto como uma string, e a conversão implícita para `int32` ocorreria apenas se explicitamente feita posteriormente no código, o que não é o caso aqui.",4,especifica,baseline:597fcfa9,a81b6f5ca3a4f70c2cdbca1436fd138ccc84976ee981aa1726e3dff9ae4e4311,314,85,0.00000000,N/A,
191ea16c:CWE-94:false_positive,kovidgoyal/kitty,CWE-94,FP,ollama:qwen2.5-coder:7b,baseline,seguro,DETECTADO,Semgrep FP (ruído sobre código seguro),FP,Verdadeiro Negativo (Acerto),12.38,"O código não está executando comandos dinâmicos fornecidos pelo usuário. A função `lines` espera uma lista de argumentos fixos para o comando a ser executado, que são definidos na chamada da função. Não há evidências de que os argumentos sejam obtidos do usuário ou possam ser alterados por ele, tornando este código seguro contra injeção de comandos.",17,especifica,baseline:597fcfa9,a81b6f5ca3a4f70c2cdbca1436fd138ccc84976ee981aa1726e3dff9ae4e4311,421,104,0.00000000,N/A,
191ea16c:CWE-94:false_positive#1,kovidgoyal/kitty,CWE-94,FP,ollama:qwen2.5-coder:7b,baseline,seguro,DETECTADO,Semgrep FP (ruído sobre código seguro),FP,Verdadeiro Negativo (Acerto),12.44,"O alerta é um FALSO POSITIVO porque o comando 'exec.Command' está sendo usado para executar um script Python interno, não um comando externo fornecido pelo usuário. O código não contém nenhuma entrada de usuário que possa ser usada para injetar comandos maliciosos.",17,especifica,baseline:597fcfa9,a81b6f5ca3a4f70c2cdbca1436fd138ccc84976ee981aa1726e3dff9ae4e4311,570,86,0.00000000,N/A,
191ea16c:CWE-94:false_positive#2,kovidgoyal/kitty,CWE-94,FP,ollama:qwen2.5-coder:7b,baseline,seguro,DETECTADO,Semgrep FP (ruído sobre código seguro),FP,Verdadeiro Negativo (Acerto),12.95,"O alerta é um FALSO POSITIVO porque o código não está executando comandos dinâmicos provenientes de usuários não verificados. O comando `cmd` é construído de forma estática e não contém elementos que possam ser alterados pelo usuário. Além disso, a função `exec.Command` é usada corretamente para criar um novo processo com os argumentos especificados.",17,especifica,baseline:597fcfa9,a81b6f5ca3a4f70c2cdbca1436fd138ccc84976ee981aa1726e3dff9ae4e4311,670,105,0.00000000,N/A,
191ea16c:CWE-94:false_positive#3,kovidgoyal/kitty,CWE-94,FP,ollama:qwen2.5-coder:7b,baseline,seguro,DETECTADO,Semgrep FP (ruído sobre código seguro),FP,Verdadeiro Negativo (Acerto),12.84,"O alerta é um FALSO POSITIVO porque o código não executa comandos dinâmicos fornecidos pelo usuário. A função `GitExe()` e `DiffExe()` retornam valores fixos ('git' e 'diff', respectivamente), e esses valores são usados para construir comandos estáticos dentro de `exec.Command()`. Não há entrada do usuário que possa ser injetada nesses comandos.",17,especifica,baseline:597fcfa9,a81b6f5ca3a4f70c2cdbca1436fd138ccc84976ee981aa1726e3dff9ae4e4311,409,115,0.00000000,N/A,
191ea16c:CWE-94:false_positive#4,kovidgoyal/kitty,CWE-94,FP,ollama:qwen2.5-coder:7b,baseline,seguro,DETECTADO,Semgrep FP (ruído sobre código seguro),FP,Verdadeiro Negativo (Acerto),12.99,"O alerta é um FALSO POSITIVO porque o comando `exec.Command` está sendo usado dentro de uma função que processa texto sanitizado. O texto passado para o comando não contém dados do usuário, então não há risco de injeção de código malicioso.",17,especifica,baseline:597fcfa9,a81b6f5ca3a4f70c2cdbca1436fd138ccc84976ee981aa1726e3dff9ae4e4311,989,78,0.00000000,N/A,
191ea16c:CWE-94:false_positive#5,kovidgoyal/kitty,CWE-94,FP,ollama:qwen2.5-coder:7b,baseline,seguro,DETECTADO,Semgrep FP (ruído sobre código seguro),FP,Verdadeiro Negativo (Acerto),13.00,"O código não executa comandos dinâmicos fornecidos pelo usuário. A função `exec.Command` é chamada apenas com o valor fixo 'RgExe() + "" --help""', que não depende de entrada do usuário. Portanto, não há risco de injeção de código.",17,especifica,baseline:597fcfa9,a81b6f5ca3a4f70c2cdbca1436fd138ccc84976ee981aa1726e3dff9ae4e4311,804,84,0.00000000,N/A,
191ea16c:CWE-94:false_positive#6,kovidgoyal/kitty,CWE-94,FP,ollama:qwen2.5-coder:7b,baseline,seguro,DETECTADO,Semgrep FP (ruído sobre código seguro),FP,Verdadeiro Negativo (Acerto),17.93,"O código não executa comandos externos diretamente. Em vez disso, ele cria um comando usando `exec.Command` com argumentos que são vetores de strings (`cmd`). Esses argumentos são construídos a partir de variáveis e constantes, mas não incluem dados fornecidos pelo usuário sem validação adicional. Portanto, não há risco de injeção de código.",17,especifica,baseline:597fcfa9,a81b6f5ca3a4f70c2cdbca1436fd138ccc84976ee981aa1726e3dff9ae4e4311,2316,103,0.00000000,N/A,
191ea16c:CWE-94:false_positive#7,kovidgoyal/kitty,CWE-94,FP,ollama:qwen2.5-coder:7b,baseline,seguro,DETECTADO,Semgrep FP (ruído sobre código seguro),FP,Verdadeiro Negativo (Acerto),13.17,"O alerta é um FALSO POSITIVO porque o código não executa comandos dinâmicos fornecidos pelo usuário. A função `exec.Command` está sendo usada para invocar o comando 'ssh', que é uma operação segura e controlada dentro do contexto do programa, sem a inclusão de dados de entrada não verificados.",17,especifica,baseline:597fcfa9,a81b6f5ca3a4f70c2cdbca1436fd138ccc84976ee981aa1726e3dff9ae4e4311,822,93,0.00000000,N/A,
191ea16c:CWE-94:false_positive#8,kovidgoyal/kitty,CWE-94,FP,ollama:qwen2.5-coder:7b,baseline,seguro,DETECTADO,Semgrep FP (ruído sobre código seguro),FP,Verdadeiro Negativo (Acerto),13.24,"O alerta é um FALSO POSITIVO porque o comando 'edit-in-kitty' não está sendo construído dinamicamente a partir de dados do usuário. O caminho completo para o executável ('exe') é usado, e não há qualquer entrada do usuário que possa ser usada para alterar o comando ou seus argumentos.",17,especifica,baseline:597fcfa9,a81b6f5ca3a4f70c2cdbca1436fd138ccc84976ee981aa1726e3dff9ae4e4311,718,90,0.00000000,N/A,
191ea16c:CWE-94:false_positive#9,kovidgoyal/kitty,CWE-94,FP,ollama:qwen2.5-coder:7b,baseline,seguro,DETECTADO,Semgrep FP (ruído sobre código seguro),FP,Verdadeiro Negativo (Acerto),11.85,"O código não executa comandos dinâmicos fornecidos pelo usuário. A função `ShowHelpInPager` aceita uma string `text` como entrada, mas essa string é usada apenas para alimentar o stdin do pager e não como um comando a ser executado. Portanto, não há risco de injeção de código.",17,especifica,baseline:597fcfa9,a81b6f5ca3a4f70c2cdbca1436fd138ccc84976ee981aa1726e3dff9ae4e4311,371,90,0.00000000,N/A,
191ea16c:CWE-94:false_positive#10,kovidgoyal/kitty,CWE-94,FP,ollama:qwen2.5-coder:7b,baseline,seguro,DETECTADO,Semgrep FP (ruído sobre código seguro),FP,Verdadeiro Negativo (Acerto),13.10,"O alerta é um FALSO POSITIVO porque o código não executa comandos externos diretamente. Em vez disso, ele lê um script de um caminho fornecido e exibe seu conteúdo em uma janela de pager ou abre o arquivo no editor padrão do usuário. Não há evidências de que este código execute comandos arbitrários baseados em entradas não verificadas.",17,especifica,baseline:597fcfa9,a81b6f5ca3a4f70c2cdbca1436fd138ccc84976ee981aa1726e3dff9ae4e4311,795,105,0.00000000,N/A,
191ea16c:CWE-94:false_positive#11,kovidgoyal/kitty,CWE-94,FP,ollama:qwen2.5-coder:7b,baseline,seguro,DETECTADO,Semgrep FP (ruído sobre código seguro),FP,Verdadeiro Negativo (Acerto),12.43,"O alerta é um FALSO POSITIVO porque o código não está executando comandos dinâmicos fornecidos pelo usuário. A função `geninclude` executa comandos baseados em caminhos de arquivo fixos e verificações internas, garantindo que apenas comandos seguros sejam executados.",17,especifica,baseline:597fcfa9,a81b6f5ca3a4f70c2cdbca1436fd138ccc84976ee981aa1726e3dff9ae4e4311,513,88,0.00000000,N/A,
191ea16c:CWE-94:false_positive#12,kovidgoyal/kitty,CWE-94,FP,ollama:qwen2.5-coder:7b,baseline,seguro,DETECTADO,Semgrep FP (ruído sobre código seguro),FP,Verdadeiro Negativo (Acerto),12.49,"O código não está executando comandos dinâmicos fornecidos pelo usuário. A função `ExecAndHoldTillEnter` espera um array de strings (`cmdline`) que define o comando a ser executado, mas não aceita entrada do usuário diretamente para formar este array. Portanto, não há risco de injeção de código.",17,especifica,baseline:597fcfa9,a81b6f5ca3a4f70c2cdbca1436fd138ccc84976ee981aa1726e3dff9ae4e4311,503,92,0.00000000,N/A,
191ea16c:CWE-94:false_positive#13,kovidgoyal/kitty,CWE-94,FP,ollama:qwen2.5-coder:7b,baseline,seguro,DETECTADO,Semgrep FP (ruído sobre código seguro),FP,Verdadeiro Negativo (Acerto),14.09,"O alerta é um FALSO POSITIVO porque o código não executa comandos de forma dinâmica ou insegura. A função `RunCommandRestoringTerminalToSaneStateAfter` aceita um slice de strings como parâmetro, que representa os argumentos do comando a ser executado. Esses argumentos são passados diretamente para `exec.Command`, mas não há evidências de que esses argumentos sejam obtidos ou modificados de forma dinâmica pelo usuário. Além disso, o código contém verificações e tratamentos adequados para garantir que apenas comandos seguros sejam executados.",17,especifica,baseline:597fcfa9,a81b6f5ca3a4f70c2cdbca1436fd138ccc84976ee981aa1726e3dff9ae4e4311,677,154,0.00000000,N/A,
191ea16c:CWE-94:false_positive#14,kovidgoyal/kitty,CWE-94,FP,ollama:qwen2.5-coder:7b,baseline,seguro,DETECTADO,Semgrep FP (ruído sobre código seguro),FP,Verdadeiro Negativo (Acerto),12.26,"O código não executa comandos dinâmicos fornecidos pelo usuário. A função `get_zsh_zdotdir_from_global_zshenv` constrói um comando estático (`echo -n $ZDOTDIR`) e executa-o usando `exec.Command`. Não há evidências de que o comando seja alterado ou influenciado por dados não verificados do usuário, tornando este alerta um FALSO POSITIVO.",17,especifica,baseline:597fcfa9,a81b6f5ca3a4f70c2cdbca1436fd138ccc84976ee981aa1726e3dff9ae4e4311,418,110,0.00000000,N/A,
191ea16c:CWE-94:false_positive#15,kovidgoyal/kitty,CWE-94,FP,ollama:qwen2.5-coder:7b,baseline,seguro,DETECTADO,Semgrep FP (ruído sobre código seguro),FP,Verdadeiro Negativo (Acerto),12.80,"O código não está executando comandos externos diretamente. A função `tmux_command` cria um comando usando `exec.Command`, mas os argumentos são passados como uma lista de strings (`args ...string`). Isso evita a execução direta de comandos shell, reduzindo significativamente o risco de injeção de código malicioso. Além disso, não há evidências de que os argumentos sejam obtidos do usuário sem verificação.",17,especifica,baseline:597fcfa9,a81b6f5ca3a4f70c2cdbca1436fd138ccc84976ee981aa1726e3dff9ae4e4311,360,120,0.00000000,N/A,
191ea16c:CWE-94:false_positive#16,kovidgoyal/kitty,CWE-94,FP,ollama:qwen2.5-coder:7b,baseline,seguro,DETECTADO,Semgrep FP (ruído sobre código seguro),FP,Verdadeiro Negativo (Acerto),16.86,"O alerta é um FALSO POSITIVO porque o código não executa comandos dinâmicos fornecidos pelo usuário. A função `RunMagick` aceita uma lista de argumentos de comando (`cmd []string`) e os passa diretamente para `exec.Command`, mas esses argumentos são definidos dentro da própria função e não vêm de uma fonte externa ou do usuário. Portanto, não há risco de injeção de código.",17,especifica,baseline:597fcfa9,a81b6f5ca3a4f70c2cdbca1436fd138ccc84976ee981aa1726e3dff9ae4e4311,475,118,0.00000000,N/A,
7b8705a7:CWE-338:false_positive,kubewarden/kubewarden-controller,CWE-338,FP,ollama:qwen2.5-coder:7b,baseline,seguro,DETECTADO,Semgrep FP (ruído sobre código seguro),FP,Verdadeiro Negativo (Acerto),12.34,"O alerta é um FALSO POSITIVO neste contexto. Embora o código use `math/rand`, isso não constitui uma vulnerabilidade de segurança significativa em um ambiente de teste, onde a aleatoriedade não precisa ser tão forte quanto em ambientes de produção. O uso de `math/rand` em testes é comum e aceitável.",1,especifica,baseline:597fcfa9,a81b6f5ca3a4f70c2cdbca1436fd138ccc84976ee981aa1726e3dff9ae4e4311,469,92,0.00000000,N/A,
53d08d80:CWE-319:false_positive,kyverno/kyverno,CWE-319,FP,ollama:qwen2.5-coder:7b,baseline,seguro,DETECTADO,Semgrep FP (ruído sobre código seguro),VP,Falso Positivo (Ruído Mantido),11.20,"O código desabilita a verificação de certificados TLS/SSL, o que torna o sistema vulnerável a ataques Man-in-the-Middle (MTM). Esta prática deve ser usada apenas para fins de depuração e não em produção.",1,especifica,baseline:597fcfa9,a81b6f5ca3a4f70c2cdbca1436fd138ccc84976ee981aa1726e3dff9ae4e4311,363,70,0.00000000,N/A,
53d08d80:CWE-327:false_positive,kyverno/kyverno,CWE-327,FP,ollama:qwen2.5-coder:7b,baseline,seguro,DETECTADO,Semgrep FP (ruído sobre código seguro),FP,Verdadeiro Negativo (Acerto),13.64,"O alerta é um FALSO POSITIVO porque o código não configura explicitamente a versão mínima do TLS. Em vez disso, ele desabilita a verificação de certificados SSL/TLS (`InsecureSkipVerify: true`), o que pode ser considerado uma prática insegura para conexões em produção. O alerta sugere configurar `MinVersion: tls.VersionTLS13`, mas isso não é aplicável neste contexto, pois o código já desabilitou a verificação de certificados.",1,especifica,baseline:597fcfa9,a81b6f5ca3a4f70c2cdbca1436fd138ccc84976ee981aa1726e3dff9ae4e4311,454,128,0.00000000,N/A,
53d08d80:CWE-328:false_positive,kyverno/kyverno,CWE-328,FP,ollama:qwen2.5-coder:7b,baseline,seguro,DETECTADO,Semgrep FP (ruído sobre código seguro),VP,Falso Positivo (Ruído Mantido),11.61,"O uso do algoritmo SHA1 é considerado inseguro devido à sua vulnerabilidade a colisões. A ferramenta Semgrep alertou corretamente sobre o uso desse algoritmo, que não é recomendado para fins de segurança.",3,especifica,baseline:597fcfa9,a81b6f5ca3a4f70c2cdbca1436fd138ccc84976ee981aa1726e3dff9ae4e4311,411,72,0.00000000,N/A,
53d08d80:CWE-328:false_positive#1,kyverno/kyverno,CWE-328,FP,ollama:qwen2.5-coder:7b,baseline,seguro,DETECTADO,Semgrep FP (ruído sobre código seguro),FP,Verdadeiro Negativo (Acerto),11.66,"O uso de MD5 neste contexto não constitui uma vulnerabilidade real. O código está calculando um hash para fins de identificação única dos recursos, não como parte de uma assinatura criptográfica. Como tal, a ausência de resistência contra colisões não é relevante nesta situação.",3,especifica,baseline:597fcfa9,a81b6f5ca3a4f70c2cdbca1436fd138ccc84976ee981aa1726e3dff9ae4e4311,440,81,0.00000000,N/A,
53d08d80:CWE-328:false_positive#2,kyverno/kyverno,CWE-328,FP,ollama:qwen2.5-coder:7b,baseline,seguro,DETECTADO,Semgrep FP (ruído sobre código seguro),VP,Falso Positivo (Ruído Mantido),11.89,"O uso do algoritmo MD5 é considerado inseguro devido à sua falta de resistência contra colisões. A ferramenta Semgrep alertou corretamente sobre o uso de MD5 neste código, que é uma prática inadequada em aplicações de segurança.",3,especifica,baseline:597fcfa9,a81b6f5ca3a4f70c2cdbca1436fd138ccc84976ee981aa1726e3dff9ae4e4311,554,78,0.00000000,N/A,
53d08d80:CWE-665:false_positive,kyverno/kyverno,CWE-665,FP,ollama:qwen2.5-coder:7b,baseline,seguro,DETECTADO,Semgrep FP (ruído sobre código seguro),FP,Verdadeiro Negativo (Acerto),13.77,"O alerta indica que a variável `new` pode ser modificada e usada posteriormente em caso de erro, o que poderia resultar em um panic devido a uma derreferência nula. No entanto, no contexto fornecido, a variável `new` é atualizada com sucesso ou, em caso de erro, apenas registrada como um erro sem ser usada novamente. Portanto, não há risco real de um panic devido à derreferência nula.",3,especifica,baseline:597fcfa9,a81b6f5ca3a4f70c2cdbca1436fd138ccc84976ee981aa1726e3dff9ae4e4311,621,121,0.00000000,N/A,
53d08d80:CWE-665:false_positive#1,kyverno/kyverno,CWE-665,FP,ollama:qwen2.5-coder:7b,baseline,seguro,DETECTADO,Semgrep FP (ruído sobre código seguro),FP,Verdadeiro Negativo (Acerto),48.50,"O alerta indica que a variável `preprocessedYaml` pode ser modificada e usada posteriormente em caso de erro. No entanto, no contexto fornecido, isso não constitui uma vulnerabilidade real. A função verifica se o erro é do tipo `ConditionError` ou `GlobalConditionError`, e nesses casos, a variável `preprocessedYaml` é redefinida para um valor vazio (`{}`). Se o erro for de outro tipo, uma nova mensagem de erro é retornada. Em ambos os casos, a variável `preprocessedYaml` não é usada após ser modificada, evitando assim qualquer possível nil dereference.",3,especifica,baseline:597fcfa9,a81b6f5ca3a4f70c2cdbca1436fd138ccc84976ee981aa1726e3dff9ae4e4311,525,160,0.00000000,N/A,
53d08d80:CWE-665:false_positive#2,kyverno/kyverno,CWE-665,FP,ollama:qwen2.5-coder:7b,baseline,seguro,DETECTADO,Semgrep FP (ruído sobre código seguro),FP,Verdadeiro Negativo (Acerto),15.88,"O alerta indica que a variável `targetDesc` pode ser modificada e usada posteriormente em caso de erro, o que poderia resultar em um desreferenciamento nulo (panic). No entanto, no contexto fornecido, isso não constitui uma vulnerabilidade real. A função `verifyAttestators` retorna um erro se houver problemas com a verificação dos atestadores, e a função principal (`FetchAttestations`) trata esse erro retornando um erro personalizado. Além disso, o código verifica se `statements` tem comprimento zero antes de retornar uma resposta, garantindo que não ocorra um desreferenciamento nulo.",3,especifica,baseline:597fcfa9,a81b6f5ca3a4f70c2cdbca1436fd138ccc84976ee981aa1726e3dff9ae4e4311,1009,159,0.00000000,N/A,
53d08d80:CWE-79:false_positive,kyverno/kyverno,CWE-79,FP,ollama:qwen2.5-coder:7b,baseline,seguro,DETECTADO,Semgrep FP (ruído sobre código seguro),FP,Verdadeiro Negativo (Acerto),13.68,"O alerta é um FALSO POSITIVO porque o código não está diretamente envolvido em renderização de conteúdo gerado pelo usuário. O pacote `text/template` é usado para processar templates, mas não há evidências de que o conteúdo seja inserido ou renderizado diretamente no HTML. Além disso, a função `command.go` parece ser parte de uma ferramenta de linha de comando e não de um aplicativo web, então a vulnerabilidade XSS não se aplica neste contexto.",7,especifica,baseline:597fcfa9,a81b6f5ca3a4f70c2cdbca1436fd138ccc84976ee981aa1726e3dff9ae4e4311,617,124,0.00000000,N/A,
53d08d80:CWE-79:false_positive#1,kyverno/kyverno,CWE-79,FP,ollama:qwen2.5-coder:7b,baseline,seguro,DETECTADO,Semgrep FP (ruído sobre código seguro),FP,Verdadeiro Negativo (Acerto),14.03,"O alerta é um FALSO POSITIVO neste contexto. O código está usando o pacote `text/template` para processar templates, mas não há evidências de que ele esteja renderizando conteúdo gerado pelo usuário diretamente. O pacote `text/template` é projetado para evitar a injeção de código malicioso ao processar dados brutos, tornando-o seguro contra ataques XSS em muitos casos. Além disso, o uso do pacote `sprig/v3`, que adiciona funções adicionais aos templates, também ajuda a mitigar riscos relacionados à segurança. Portanto, não há uma evidência suficiente para considerar este como um verdadeiro positivo.",7,especifica,baseline:597fcfa9,a81b6f5ca3a4f70c2cdbca1436fd138ccc84976ee981aa1726e3dff9ae4e4311,560,168,0.00000000,N/A,
53d08d80:CWE-79:false_positive#2,kyverno/kyverno,CWE-79,FP,ollama:qwen2.5-coder:7b,baseline,seguro,DETECTADO,Semgrep FP (ruído sobre código seguro),FP,Verdadeiro Negativo (Acerto),13.87,"O alerta é um FALSO POSITIVO neste contexto. O código está usando o pacote `text/template` para processar templates, mas não há evidências de que ele esteja renderizando conteúdo gerado pelo usuário diretamente. O pacote `text/template` é projetado para evitar a injeção de código malicioso ao processar dados brutos, tornando-o mais seguro em comparação com o uso do pacote `html/template`. Além disso, o código não mostra qualquer manipulação direta de conteúdo HTML ou renderização de templates que possa expor o aplicativo a vulnerabilidades XSS.",7,especifica,baseline:597fcfa9,a81b6f5ca3a4f70c2cdbca1436fd138ccc84976ee981aa1726e3dff9ae4e4311,569,149,0.00000000,N/A,
53d08d80:CWE-79:false_positive#3,kyverno/kyverno,CWE-79,FP,ollama:qwen2.5-coder:7b,baseline,seguro,DETECTADO,Semgrep FP (ruído sobre código seguro),FP,Verdadeiro Negativo (Acerto),12.10,"O alerta é um FALSO POSITIVO neste contexto. O código está utilizando o pacote `text/template` para processar uma string de texto, não HTML. Como não há conteúdo HTML sendo gerado ou renderizado pelo código, a vulnerabilidade XSS (Cross-Site Scripting) não se aplica aqui.",7,especifica,baseline:597fcfa9,a81b6f5ca3a4f70c2cdbca1436fd138ccc84976ee981aa1726e3dff9ae4e4311,644,84,0.00000000,N/A,
53d08d80:CWE-79:false_positive#4,kyverno/kyverno,CWE-79,FP,ollama:qwen2.5-coder:7b,baseline,seguro,DETECTADO,Semgrep FP (ruído sobre código seguro),FP,Verdadeiro Negativo (Acerto),12.68,"O alerta é um FALSO POSITIVO porque o código não está diretamente envolvido em renderização de conteúdo gerado pelo usuário. O pacote `text/template` é usado para processar uma string de modelo, mas não há indicação de que este conteúdo seja inserido ou exibido diretamente ao usuário. Portanto, a vulnerabilidade XSS não se aplica neste contexto.",7,especifica,baseline:597fcfa9,a81b6f5ca3a4f70c2cdbca1436fd138ccc84976ee981aa1726e3dff9ae4e4311,647,100,0.00000000,N/A,
53d08d80:CWE-79:false_positive#5,kyverno/kyverno,CWE-79,FP,ollama:qwen2.5-coder:7b,baseline,seguro,DETECTADO,Semgrep FP (ruído sobre código seguro),FP,Verdadeiro Negativo (Acerto),13.05,"O alerta é um FALSO POSITIVO porque o código não está diretamente envolvido em renderização de conteúdo gerado pelo usuário. A linha 10 contém uma constante que define um template Go, mas não há indicação de que este template seja usado para renderizar conteúdo dinâmico fornecido por usuários. Portanto, não há risco de Cross-Site Scripting (XSS) nesta parte do código.",7,especifica,baseline:597fcfa9,a81b6f5ca3a4f70c2cdbca1436fd138ccc84976ee981aa1726e3dff9ae4e4311,615,111,0.00000000,N/A,
53d08d80:CWE-79:false_positive#6,kyverno/kyverno,CWE-79,FP,ollama:qwen2.5-coder:7b,baseline,seguro,DETECTADO,Semgrep FP (ruído sobre código seguro),FP,Verdadeiro Negativo (Acerto),13.03,"O código não está diretamente escrevendo dados em 'http.ResponseWriter' sem escape HTML. Em vez disso, ele serializa um objeto Go para JSON usando 'json.Marshal', que já realiza a codificação necessária para evitar vulnerabilidades XSS. O alerta é uma falsa positiva nesse contexto.",7,especifica,baseline:597fcfa9,a81b6f5ca3a4f70c2cdbca1436fd138ccc84976ee981aa1726e3dff9ae4e4311,781,82,0.00000000,N/A,
5f42a0ba:CWE-319:false_positive,kyverno/kyverno,CWE-319,FP,ollama:qwen2.5-coder:7b,baseline,seguro,DETECTADO,Semgrep FP (ruído sobre código seguro),VP,Falso Positivo (Ruído Mantido),11.70,"O código desabilita a verificação de certificados TLS/SSL, o que torna o sistema vulnerável a ataques de man-in-the-middle (MTM). Esta prática deve ser usada apenas para fins de depuração e não em produção.",1,especifica,baseline:597fcfa9,a81b6f5ca3a4f70c2cdbca1436fd138ccc84976ee981aa1726e3dff9ae4e4311,363,70,0.00000000,N/A,
5f42a0ba:CWE-327:false_positive,kyverno/kyverno,CWE-327,FP,ollama:qwen2.5-coder:7b,baseline,seguro,DETECTADO,Semgrep FP (ruído sobre código seguro),FP,Verdadeiro Negativo (Acerto),13.50,"O alerta é um FALSO POSITIVO porque o código não configura explicitamente a versão mínima do TLS. Em vez disso, ele desabilita a verificação de certificados SSL/TLS (`InsecureSkipVerify: true`), o que pode ser considerado uma prática insegura para conexões em produção. O alerta sugere configurar `MinVersion: tls.VersionTLS13`, mas isso não é aplicável neste contexto, pois o código já desabilitou a verificação de certificados.",1,especifica,baseline:597fcfa9,a81b6f5ca3a4f70c2cdbca1436fd138ccc84976ee981aa1726e3dff9ae4e4311,454,128,0.00000000,N/A,
5f42a0ba:CWE-328:false_positive,kyverno/kyverno,CWE-328,FP,ollama:qwen2.5-coder:7b,baseline,seguro,DETECTADO,Semgrep FP (ruído sobre código seguro),VP,Falso Positivo (Ruído Mantido),12.15,"O uso do algoritmo SHA1 é considerado inseguro devido à sua vulnerabilidade a colisões. A ferramenta Semgrep corretoamente alertou sobre o uso desse algoritmo, que não é recomendado para fins de segurança.",3,especifica,baseline:597fcfa9,a81b6f5ca3a4f70c2cdbca1436fd138ccc84976ee981aa1726e3dff9ae4e4311,411,72,0.00000000,N/A,
5f42a0ba:CWE-328:false_positive#1,kyverno/kyverno,CWE-328,FP,ollama:qwen2.5-coder:7b,baseline,seguro,DETECTADO,Semgrep FP (ruído sobre código seguro),FP,Verdadeiro Negativo (Acerto),13.04,"O uso de MD5 neste contexto não constitui uma vulnerabilidade real. O código está calculando um hash para fins de identificação única ou verificação de integridade, mas não como parte de um processo de assinatura criptográfica. Além disso, o alerta foi emitido por uma ferramenta que pode ter uma configuração padrão mais conservadora do que é necessário para aplicações específicas.",3,especifica,baseline:597fcfa9,a81b6f5ca3a4f70c2cdbca1436fd138ccc84976ee981aa1726e3dff9ae4e4311,440,107,0.00000000,N/A,
5f42a0ba:CWE-328:false_positive#2,kyverno/kyverno,CWE-328,FP,ollama:qwen2.5-coder:7b,baseline,seguro,DETECTADO,Semgrep FP (ruído sobre código seguro),VP,Falso Positivo (Ruído Mantido),11.72,"O uso do algoritmo MD5 é considerado inseguro devido à sua falta de resistência contra colisões. O alerta indica que o código está utilizando MD5 para gerar hashes, o que pode levar a vulnerabilidades de segurança significativas.",3,especifica,baseline:597fcfa9,a81b6f5ca3a4f70c2cdbca1436fd138ccc84976ee981aa1726e3dff9ae4e4311,539,74,0.00000000,N/A,
5f42a0ba:CWE-665:false_positive,kyverno/kyverno,CWE-665,FP,ollama:qwen2.5-coder:7b,baseline,seguro,DETECTADO,Semgrep FP (ruído sobre código seguro),FP,Verdadeiro Negativo (Acerto),13.80,"O alerta indica que a variável `preprocessedYaml` pode ser modificada e usada posteriormente em caso de erro. No entanto, no contexto fornecido, isso não constitui uma vulnerabilidade real. A função verifica se o erro é do tipo `ConditionError` ou `GlobalConditionError`, e nesses casos, a variável `preprocessedYaml` é redefinida para um valor vazio (`{}`). Se o erro for de outro tipo, uma nova mensagem de erro é retornada. Portanto, em ambos os casos, a variável `preprocessedYaml` não é usada após ser modificada.",2,especifica,baseline:597fcfa9,a81b6f5ca3a4f70c2cdbca1436fd138ccc84976ee981aa1726e3dff9ae4e4311,525,153,0.00000000,N/A,
5f42a0ba:CWE-665:false_positive#1,kyverno/kyverno,CWE-665,FP,ollama:qwen2.5-coder:7b,baseline,seguro,DETECTADO,Semgrep FP (ruído sobre código seguro),FP,Verdadeiro Negativo (Acerto),13.24,"O alerta indica que a variável `targetDesc` pode ser modificada e usada posteriormente em caso de erro, o que poderia resultar em um desreferenciamento nulo (panic). No entanto, no contexto fornecido, isso não constitui uma vulnerabilidade real. A função `verifyAttestators` retorna um erro se houver problemas com a verificação dos atestadores, e a função principal (`FetchAttestations`) trata esse erro retornando um erro personalizado. Além disso, o código verifica se `statements` tem comprimento zero antes de retornar uma resposta, garantindo que não ocorra um desreferenciamento nulo.",2,especifica,baseline:597fcfa9,a81b6f5ca3a4f70c2cdbca1436fd138ccc84976ee981aa1726e3dff9ae4e4311,1009,159,0.00000000,N/A,
5f42a0ba:CWE-79:false_positive,kyverno/kyverno,CWE-79,FP,ollama:qwen2.5-coder:7b,baseline,seguro,DETECTADO,Semgrep FP (ruído sobre código seguro),FP,Verdadeiro Negativo (Acerto),14.05,"O alerta é um FALSO POSITIVO neste contexto. O código está usando o pacote `text/template` para processar templates, mas não há evidências de que ele esteja renderizando conteúdo gerado pelo usuário diretamente. A função `text/template` é projetada para evitar a injeção de código malicioso ao processar dados brutos, tornando-o mais seguro em comparação com o pacote `html/template`. Além disso, o contexto do código não sugere que haja qualquer interação direta com conteúdo gerado pelo usuário que possa ser vulnerável a ataques XSS.",7,especifica,baseline:597fcfa9,a81b6f5ca3a4f70c2cdbca1436fd138ccc84976ee981aa1726e3dff9ae4e4311,617,147,0.00000000,N/A,
5f42a0ba:CWE-79:false_positive#1,kyverno/kyverno,CWE-79,FP,ollama:qwen2.5-coder:7b,baseline,seguro,DETECTADO,Semgrep FP (ruído sobre código seguro),FP,Verdadeiro Negativo (Acerto),14.15,"O alerta é um FALSO POSITIVO neste contexto. O código está usando o pacote `text/template` para processar templates, mas não há evidências de que ele esteja renderizando conteúdo gerado pelo usuário diretamente. O pacote `text/template` é projetado para evitar a injeção de código malicioso ao processar dados brutos, tornando-o seguro contra ataques XSS em muitos casos. Além disso, o uso do pacote `sprig/v3`, que adiciona funções adicionais aos templates, também ajuda a mitigar riscos relacionados à segurança. Portanto, não há uma evidência suficiente para considerar este como um verdadeiro positivo.",7,especifica,baseline:597fcfa9,a81b6f5ca3a4f70c2cdbca1436fd138ccc84976ee981aa1726e3dff9ae4e4311,560,168,0.00000000,N/A,
5f42a0ba:CWE-79:false_positive#2,kyverno/kyverno,CWE-79,FP,ollama:qwen2.5-coder:7b,baseline,seguro,DETECTADO,Semgrep FP (ruído sobre código seguro),FP,Verdadeiro Negativo (Acerto),13.77,"O alerta é um FALSO POSITIVO neste contexto. O código está usando o pacote `text/template` para processar templates, mas não há evidências de que ele esteja renderizando conteúdo gerado pelo usuário diretamente. O pacote `text/template` é projetado para evitar a injeção de código malicioso ao processar dados brutos, tornando-o mais seguro em comparação com o uso do pacote `html/template`. Além disso, o código não mostra qualquer manipulação direta de conteúdo HTML ou renderização de templates que possa expor o aplicativo a vulnerabilidades XSS.",7,especifica,baseline:597fcfa9,a81b6f5ca3a4f70c2cdbca1436fd138ccc84976ee981aa1726e3dff9ae4e4311,569,149,0.00000000,N/A,
5f42a0ba:CWE-79:false_positive#3,kyverno/kyverno,CWE-79,FP,ollama:qwen2.5-coder:7b,baseline,seguro,DETECTADO,Semgrep FP (ruído sobre código seguro),FP,Verdadeiro Negativo (Acerto),15.03,"O alerta é um FALSO POSITIVO neste contexto. O código está utilizando o pacote `text/template` para processar uma string de texto, não HTML. Como não há conteúdo HTML sendo gerado ou renderizado pelo código, a vulnerabilidade XSS (Cross-Site Scripting) não se aplica aqui.",7,especifica,baseline:597fcfa9,a81b6f5ca3a4f70c2cdbca1436fd138ccc84976ee981aa1726e3dff9ae4e4311,644,84,0.00000000,N/A,
5f42a0ba:CWE-79:false_positive#4,kyverno/kyverno,CWE-79,FP,ollama:qwen2.5-coder:7b,baseline,seguro,DETECTADO,Semgrep FP (ruído sobre código seguro),FP,Verdadeiro Negativo (Acerto),12.54,"O alerta é um FALSO POSITIVO porque o código não está diretamente envolvido em renderização de conteúdo gerado pelo usuário. O pacote `text/template` é usado para processar uma string de modelo, mas não há indicação de que este conteúdo seja inserido ou exibido diretamente ao usuário. Portanto, a vulnerabilidade XSS não se aplica neste contexto.",7,especifica,baseline:597fcfa9,a81b6f5ca3a4f70c2cdbca1436fd138ccc84976ee981aa1726e3dff9ae4e4311,647,100,0.00000000,N/A,
5f42a0ba:CWE-79:false_positive#5,kyverno/kyverno,CWE-79,FP,ollama:qwen2.5-coder:7b,baseline,seguro,DETECTADO,Semgrep FP (ruído sobre código seguro),FP,Verdadeiro Negativo (Acerto),12.84,"O alerta é um FALSO POSITIVO porque o código não está diretamente envolvido em renderização de conteúdo gerado pelo usuário. A linha 10 contém uma constante que define um template Go, mas não há indicação de que este template seja usado para renderizar conteúdo dinâmico fornecido por usuários. Portanto, não há risco de Cross-Site Scripting (XSS) nesta parte do código.",7,especifica,baseline:597fcfa9,a81b6f5ca3a4f70c2cdbca1436fd138ccc84976ee981aa1726e3dff9ae4e4311,615,111,0.00000000,N/A,
5f42a0ba:CWE-79:false_positive#6,kyverno/kyverno,CWE-79,FP,ollama:qwen2.5-coder:7b,baseline,seguro,DETECTADO,Semgrep FP (ruído sobre código seguro),FP,Verdadeiro Negativo (Acerto),11.01,"O código não está diretamente escrevendo dados em 'http.ResponseWriter' sem escape HTML. Em vez disso, ele serializa um objeto Go para JSON usando 'json.Marshal', que já realiza a codificação necessária para evitar XSS. O alerta é uma falsa positiva nesse contexto.",7,especifica,baseline:597fcfa9,a81b6f5ca3a4f70c2cdbca1436fd138ccc84976ee981aa1726e3dff9ae4e4311,781,79,0.00000000,N/A,
c2b310d3:CWE-1004:false_positive,lxc/incus,CWE-1004,FP,ollama:qwen2.5-coder:7b,baseline,seguro,DETECTADO,Semgrep FP (ruído sobre código seguro),FP,Verdadeiro Negativo (Acerto),15.75,"O alerta indica que a cookie 'oidc_access' não tem o flag 'HttpOnly' definido, o que pode aumentar o risco de ataques XSS. No entanto, no contexto fornecido, a função `Auth` está lidando com cookies OIDC (OpenID Connect) e não cookies de sessão tradicionais. Cookies OIDC são geralmente usados para autenticação e autorização em sistemas baseados em OAuth 2.0, e não são diretamente acessíveis por scripts do lado do cliente. Portanto, o risco de XSS nesses casos é muito baixo.",1,especifica,baseline:597fcfa9,a81b6f5ca3a4f70c2cdbca1436fd138ccc84976ee981aa1726e3dff9ae4e4311,1162,146,0.00000000,N/A,
c2b310d3:CWE-115:false_positive,lxc/incus,CWE-115,FP,ollama:qwen2.5-coder:7b,baseline,seguro,DETECTADO,Semgrep FP (ruído sobre código seguro),FP,Verdadeiro Negativo (Acerto),14.16,"O alerta é um FALSO POSITIVO porque o código não está removendo cabeçalhos adicionados pelo 'Director' do ReverseProxy. O 'Director' é uma função que configura a solicitação para ser encaminhada, mas não remove cabeçalhos existentes. A ferramenta de análise estática está incorretamente sinalizando isso como um problema de segurança.",2,especifica,baseline:597fcfa9,a81b6f5ca3a4f70c2cdbca1436fd138ccc84976ee981aa1726e3dff9ae4e4311,849,103,0.00000000,N/A,
c2b310d3:CWE-115:false_positive#1,lxc/incus,CWE-115,FP,ollama:qwen2.5-coder:7b,baseline,seguro,DETECTADO,Semgrep FP (ruído sobre código seguro),FP,Verdadeiro Negativo (Acerto),13.21,O alerta é um FALSO POSITIVO porque o uso de `ReverseProxy.Director` neste contexto não constitui uma vulnerabilidade. O método `Director` apenas modifica a URL da solicitação para apontar para o serviço interno 'incus-os'. Não há evidências de que isso remova cabeçalhos adicionados por outro meio ou cause algum tipo de injeção ou alteração de dados.,2,especifica,baseline:597fcfa9,a81b6f5ca3a4f70c2cdbca1436fd138ccc84976ee981aa1726e3dff9ae4e4311,481,107,0.00000000,N/A,
c2b310d3:CWE-319:false_positive,lxc/incus,CWE-319,FP,ollama:qwen2.5-coder:7b,baseline,seguro,DETECTADO,Semgrep FP (ruído sobre código seguro),FP,Verdadeiro Negativo (Acerto),12.18,"O código verifica se a conexão HTTP é segura (HTTPS) e, em caso afirmativo, gera uma URL WebSocket Secure (wss). Caso contrário, ele gera uma URL WebSocket Inseguro (ws). Isso garante que todas as conexões WebSocket sejam criptografadas quando possível. Portanto, este código não constitui uma vulnerabilidade.",7,especifica,baseline:597fcfa9,a81b6f5ca3a4f70c2cdbca1436fd138ccc84976ee981aa1726e3dff9ae4e4311,386,96,0.00000000,N/A,
c2b310d3:CWE-319:false_positive#1,lxc/incus,CWE-319,FP,ollama:qwen2.5-coder:7b,baseline,seguro,DETECTADO,Semgrep FP (ruído sobre código seguro),VP,Falso Positivo (Ruído Mantido),12.34,"O código desabilita a verificação de certificados TLS/SSL (`InsecureSkipVerify: true`) para o cliente HTTP, o que torna-o vulnerável a ataques de interceptação mútua (Man-in-the-Middle). Esta prática deve ser usada apenas em ambientes de depuração e não em produção.",7,especifica,baseline:597fcfa9,a81b6f5ca3a4f70c2cdbca1436fd138ccc84976ee981aa1726e3dff9ae4e4311,607,86,0.00000000,N/A,
c2b310d3:CWE-319:false_positive#2,lxc/incus,CWE-319,FP,ollama:qwen2.5-coder:7b,baseline,seguro,DETECTADO,Semgrep FP (ruído sobre código seguro),FP,Verdadeiro Negativo (Acerto),15.33,"O código implementa uma verificação de certificado TLS/SSL, incluindo a capacidade de ignorar a verificação do certificado (InsecureSkipVerify) apenas para fins de depuração. No entanto, o código também adiciona um mecanismo personalizado de verificação de certificado que carrega e valida os certificados fornecidos pelo servidor. Portanto, embora o InsecureSkipVerify esteja sendo usado, ele é imediatamente substituído por uma verificação mais robusta.",7,especifica,baseline:597fcfa9,a81b6f5ca3a4f70c2cdbca1436fd138ccc84976ee981aa1726e3dff9ae4e4311,1194,127,0.00000000,N/A,
c2b310d3:CWE-319:false_positive#3,lxc/incus,CWE-319,FP,ollama:qwen2.5-coder:7b,baseline,seguro,DETECTADO,Semgrep FP (ruído sobre código seguro),FP,Verdadeiro Negativo (Acerto),15.65,"O código verifica a presença de 'InsecureSkipVerify' como parte de uma configuração TLS, mas isso é seguramente controlado por um mecanismo que só permite essa opção em ambientes de teste ou desenvolvimento. A função `tlsConfig.VerifyPeerCertificate` adiciona verificação adicional dos certificados do servidor, mitigando o risco de ataques MTM.",7,especifica,baseline:597fcfa9,a81b6f5ca3a4f70c2cdbca1436fd138ccc84976ee981aa1726e3dff9ae4e4311,1241,98,0.00000000,N/A,
c2b310d3:CWE-319:false_positive#4,lxc/incus,CWE-319,FP,ollama:qwen2.5-coder:7b,baseline,seguro,DETECTADO,Semgrep FP (ruído sobre código seguro),FP,Verdadeiro Negativo (Acerto),17.78,"O código implementa uma verificação de certificado TLS/SSL, incluindo a capacidade de ignorar a verificação do certificado (InsecureSkipVerify: true). No entanto, esta configuração é usada dentro de um bloco condicional que verifica se o endereço de banco de dados contém 'ssl:', indicando que o SSL deve ser usado. Além disso, há uma verificação adicional de certificados CA e a implementação de VerifyPeerCertificate para validar os certificados do servidor. Portanto, esta configuração não constitui uma vulnerabilidade real.",7,especifica,baseline:597fcfa9,a81b6f5ca3a4f70c2cdbca1436fd138ccc84976ee981aa1726e3dff9ae4e4311,1322,141,0.00000000,N/A,
c2b310d3:CWE-319:false_positive#5,lxc/incus,CWE-319,FP,ollama:qwen2.5-coder:7b,baseline,seguro,DETECTADO,Semgrep FP (ruído sobre código seguro),FP,Verdadeiro Negativo (Acerto),15.47,"O código não desabilita a verificação de certificados TLS/SSL. Em vez disso, ele configura uma verificação personalizada dos certificados do servidor usando `VerifyPeerCertificate`. Esta abordagem é segura e não constitui vulnerabilidade.",7,especifica,baseline:597fcfa9,a81b6f5ca3a4f70c2cdbca1436fd138ccc84976ee981aa1726e3dff9ae4e4311,1563,71,0.00000000,N/A,
c2b310d3:CWE-319:false_positive#6,lxc/incus,CWE-319,FP,ollama:qwen2.5-coder:7b,baseline,seguro,DETECTADO,Semgrep FP (ruído sobre código seguro),FP,Verdadeiro Negativo (Acerto),13.10,"O código desabilita a verificação de certificados TLS/SSL apenas para fins de depuração, conforme indicado no alerta. No entanto, ele define uma versão mínima do protocolo TLS (TLS 1.2), o que ajuda a mitigar riscos relacionados à vulnerabilidade POODLE e outros ataques baseados em desativação de verificação de certificados.",7,especifica,baseline:597fcfa9,a81b6f5ca3a4f70c2cdbca1436fd138ccc84976ee981aa1726e3dff9ae4e4311,386,103,0.00000000,N/A,
c2b310d3:CWE-327:false_positive,lxc/incus,CWE-327,FP,ollama:qwen2.5-coder:7b,baseline,seguro,DETECTADO,Semgrep FP (ruído sobre código seguro),FP,Verdadeiro Negativo (Acerto),15.14,"O código não configura explicitamente a versão mínima do TLS, mas sim usa a versão padrão do Go (TLS 1.2). Como o alerta sugere que a versão mínima deve ser definida como TLS 1.3 para melhor segurança, e o código não faz isso, ele é considerado um FALSO POSITIVO neste contexto.",7,especifica,baseline:597fcfa9,a81b6f5ca3a4f70c2cdbca1436fd138ccc84976ee981aa1726e3dff9ae4e4311,1285,96,0.00000000,N/A,
c2b310d3:CWE-327:false_positive#1,lxc/incus,CWE-327,FP,ollama:qwen2.5-coder:7b,baseline,seguro,DETECTADO,Semgrep FP (ruído sobre código seguro),FP,Verdadeiro Negativo (Acerto),17.59,"O código não configura explicitamente a versão mínima do TLS, mas isso não constitui uma vulnerabilidade. A ferramenta de análise estática alerta sobre o fato de que a versão mínima do TLS não foi definida, mas o padrão atual é TLS 1.2, conforme mencionado na mensagem do alerta. Além disso, o código contém verificações adicionais para garantir a segurança da conexão SSL/TLS, como a verificação do certificado do servidor e a configuração de `InsecureSkipVerify` como `false`. Portanto, não há evidências de que essa falta de definição explícita da versão mínima do TLS seja uma vulnerabilidade real neste contexto.",7,especifica,baseline:597fcfa9,a81b6f5ca3a4f70c2cdbca1436fd138ccc84976ee981aa1726e3dff9ae4e4311,1332,173,0.00000000,N/A,
c2b310d3:CWE-327:false_positive#2,lxc/incus,CWE-327,FP,ollama:qwen2.5-coder:7b,baseline,seguro,DETECTADO,Semgrep FP (ruído sobre código seguro),FP,Verdadeiro Negativo (Acerto),16.20,"O alerta indica que a versão mínima do TLS deve ser definida como TLS 1.3, mas o código fornecido já configura explicitamente uma versão de TLS (TLS 1.2) através da linha `tlsConfig := &tls.Config{Certificates: []tls.Certificate{clientCert}, InsecureSkipVerify: true}`. Além disso, a função não desativa outras versões do TLS, o que significa que o código já atende à recomendação de usar apenas TLS 1.3.",7,especifica,baseline:597fcfa9,a81b6f5ca3a4f70c2cdbca1436fd138ccc84976ee981aa1726e3dff9ae4e4311,1413,129,0.00000000,N/A,
c2b310d3:CWE-327:false_positive#3,lxc/incus,CWE-327,FP,ollama:qwen2.5-coder:7b,baseline,seguro,DETECTADO,Semgrep FP (ruído sobre código seguro),FP,Verdadeiro Negativo (Acerto),15.80,"O código não configura explicitamente a versão mínima do TLS, mas isso não constitui uma vulnerabilidade. A ferramenta de análise estática alerta sobre o fato de que a versão mínima do TLS não foi definida, o que significa que o Go 1.22 ou posterior será usado por padrão, que é considerado seguro e recomendado para aplicativos web.",7,especifica,baseline:597fcfa9,a81b6f5ca3a4f70c2cdbca1436fd138ccc84976ee981aa1726e3dff9ae4e4311,1654,101,0.00000000,N/A,
c2b310d3:CWE-327:false_positive#4,lxc/incus,CWE-327,FP,ollama:qwen2.5-coder:7b,baseline,seguro,DETECTADO,Semgrep FP (ruído sobre código seguro),FP,Verdadeiro Negativo (Acerto),14.43,"O código não está configurando explicitamente a versão mínima do TLS, mas isso não constitui uma vulnerabilidade. A ferramenta de análise estática está emitindo um alerta baseado em uma recomendação de segurança, que é o uso do TLS 1.3 como padrão para novas aplicações. No entanto, a ausência de configuração explícita da versão mínima do TLS não significa que o sistema esteja vulnerável, pois ele ainda está usando TLS 1.2 por padrão, conforme mencionado na mensagem do alerta.",7,especifica,baseline:597fcfa9,a81b6f5ca3a4f70c2cdbca1436fd138ccc84976ee981aa1726e3dff9ae4e4311,730,141,0.00000000,N/A,
c2b310d3:CWE-327:false_positive#5,lxc/incus,CWE-327,FP,ollama:qwen2.5-coder:7b,baseline,seguro,DETECTADO,Semgrep FP (ruído sobre código seguro),FP,Verdadeiro Negativo (Acerto),13.51,"O alerta indica que a versão mínima do TLS deve ser definida como TLS 1.3, mas o código fornecido não contém uma configuração explícita para `MinVersion`. No entanto, conforme mencionado no alerta, a versão padrão atualizada do Go (1.22) já usa TLS 1.2 como a versão mínima. Como o código não desativa outras versões de TLS e não especifica uma versão mínima específica, não constitui uma vulnerabilidade real neste contexto.",7,especifica,baseline:597fcfa9,a81b6f5ca3a4f70c2cdbca1436fd138ccc84976ee981aa1726e3dff9ae4e4311,868,134,0.00000000,N/A,
c2b310d3:CWE-327:false_positive#6,lxc/incus,CWE-327,FP,ollama:qwen2.5-coder:7b,baseline,seguro,DETECTADO,Semgrep FP (ruído sobre código seguro),VP,Falso Positivo (Ruído Mantido),13.05,"O alerta é um VERDADEIRO POSITIVO (VP) porque o código não está configurando explicitamente a versão mínima do TLS como TLS 1.3, conforme recomendado pela ferramenta Semgrep e pela orientação da documentação oficial do Go. O código verifica se uma variável de ambiente `INCUS_INSECURE_TLS` é falsa ou vazia para definir a versão mínima do TLS como TLS 1.2, o que não atende à recomendação de usar TLS 1.3 por padrão em aplicativos web.",7,especifica,baseline:597fcfa9,a81b6f5ca3a4f70c2cdbca1436fd138ccc84976ee981aa1726e3dff9ae4e4311,474,139,0.00000000,N/A,
c2b310d3:CWE-338:false_positive,lxc/incus,CWE-338,FP,ollama:qwen2.5-coder:7b,baseline,seguro,DETECTADO,Semgrep FP (ruído sobre código seguro),VP,Falso Positivo (Ruído Mantido),12.56,"O alerta é um VERDADEIRO POSITIVO (VP) porque o código está usando a biblioteca `math/rand`, que não é segura para uso em aplicações que exigem segurança criptográfica. A ferramenta recomenda usar `crypto/rand` em vez disso, pois essa biblioteca fornece números aleatórios criptograficamente seguros.",11,especifica,baseline:597fcfa9,a81b6f5ca3a4f70c2cdbca1436fd138ccc84976ee981aa1726e3dff9ae4e4311,478,98,0.00000000,N/A,
c2b310d3:CWE-338:false_positive#1,lxc/incus,CWE-338,FP,ollama:qwen2.5-coder:7b,baseline,seguro,DETECTADO,Semgrep FP (ruído sobre código seguro),FP,Verdadeiro Negativo (Acerto),12.98,"O alerta é um FALSO POSITIVO porque o código em questão não está utilizando a função `math/rand` diretamente. Em vez disso, ele importa pacotes que podem utilizar `crypto/rand` internamente, como `golang.org/x/crypto/ssh`. Além disso, o contexto do código sugere que é uma aplicação de segurança, onde o uso de `crypto/rand` é mais apropriado e comum.",11,especifica,baseline:597fcfa9,a81b6f5ca3a4f70c2cdbca1436fd138ccc84976ee981aa1726e3dff9ae4e4311,478,110,0.00000000,N/A,
c2b310d3:CWE-338:false_positive#2,lxc/incus,CWE-338,FP,ollama:qwen2.5-coder:7b,baseline,seguro,NAO_DETECTADO,Semgrep VN (silêncio correto),N/A,N/A (Semgrep nao detectou),12.55,Semgrep nao emitiu alerta para esta CWE (cobertura simbolica).,11,especifica,baseline:597fcfa9,a81b6f5ca3a4f70c2cdbca1436fd138ccc84976ee981aa1726e3dff9ae4e4311,0,0,0.00000000,ALERTA_OUTRA_CWE,go.lang.security.audit.dangerous-exec-command.dangerous-exec-command
c2b310d3:CWE-338:false_positive#3,lxc/incus,CWE-338,FP,ollama:qwen2.5-coder:7b,baseline,seguro,DETECTADO,Semgrep FP (ruído sobre código seguro),VP,Falso Positivo (Ruído Mantido),13.16,"O uso de `math/rand` em Go é considerado inseguro para geração de números aleatórios criptograficamente seguros. A ferramenta Semgrep alertou corretamente sobre o uso desse pacote, que não deve ser utilizado em contextos onde segurança é crítica, como geração de chaves, tokens ou valores aleatórios para fins de autenticação ou criptografia. Em vez disso, deve-se usar `crypto/rand`, que fornece números aleatórios criptograficamente seguros.",11,especifica,baseline:597fcfa9,a81b6f5ca3a4f70c2cdbca1436fd138ccc84976ee981aa1726e3dff9ae4e4311,469,130,0.00000000,N/A,
c2b310d3:CWE-338:false_positive#4,lxc/incus,CWE-338,FP,ollama:qwen2.5-coder:7b,baseline,seguro,DETECTADO,Semgrep FP (ruído sobre código seguro),VP,Falso Positivo (Ruído Mantido),12.76,"O alerta é um VERDADEIRO POSITIVO (VP) porque o código está usando a biblioteca `math/rand`, que não é segura para uso em aplicações que exigem segurança criptográfica. A ferramenta de análise estática corretoamente identificou que deve ser substituída pela biblioteca `crypto/rand` para garantir a segurança dos números aleatórios gerados.",11,especifica,baseline:597fcfa9,a81b6f5ca3a4f70c2cdbca1436fd138ccc84976ee981aa1726e3dff9ae4e4311,505,104,0.00000000,N/A,
c2b310d3:CWE-338:false_positive#5,lxc/incus,CWE-338,FP,ollama:qwen2.5-coder:7b,baseline,seguro,DETECTADO,Semgrep FP (ruído sobre código seguro),FP,Verdadeiro Negativo (Acerto),11.75,"O alerta é um FALSO POSITIVO porque o código está usando `math/rand/v2`, que é uma versão atualizada do pacote `math/rand` e não `math/rand`. O alerta sugere usar `crypto/rand`, mas o código específico em questão já está utilizando a versão segura do pacote.",11,especifica,baseline:597fcfa9,a81b6f5ca3a4f70c2cdbca1436fd138ccc84976ee981aa1726e3dff9ae4e4311,456,87,0.00000000,N/A,
c2b310d3:CWE-338:false_positive#6,lxc/incus,CWE-338,FP,ollama:qwen2.5-coder:7b,baseline,seguro,DETECTADO,Semgrep FP (ruído sobre código seguro),FP,Verdadeiro Negativo (Acerto),14.89,"O alerta é um FALSO POSITIVO porque o código em questão não está utilizando a biblioteca `math/rand` diretamente. Em vez disso, ele usa a função `rand.Intn()` da biblioteca padrão do Go, que é segura para uso em aplicações de produção. A função `rand.Intn()` utiliza um gerador de números pseudoaleatórios baseado em uma semente inicializada com o tempo atual, garantindo que os números gerados sejam suficientemente aleatórios para a maioria dos usos práticos.",11,especifica,baseline:597fcfa9,a81b6f5ca3a4f70c2cdbca1436fd138ccc84976ee981aa1726e3dff9ae4e4311,565,137,0.00000000,N/A,
c2b310d3:CWE-338:false_positive#7,lxc/incus,CWE-338,FP,ollama:qwen2.5-coder:7b,baseline,seguro,DETECTADO,Semgrep FP (ruído sobre código seguro),VP,Falso Positivo (Ruído Mantido),11.99,"O alerta é um VERDADEIRO POSITIVO (VP) porque o código está usando a biblioteca `math/rand` para gerar números aleatórios, que não é seguro para uso em contextos críticos como a criação de portas aleatórias para listeners. A biblioteca `crypto/rand` deve ser usada em vez disso para garantir segurança.",11,especifica,baseline:597fcfa9,a81b6f5ca3a4f70c2cdbca1436fd138ccc84976ee981aa1726e3dff9ae4e4311,496,97,0.00000000,N/A,
c2b310d3:CWE-338:false_positive#8,lxc/incus,CWE-338,FP,ollama:qwen2.5-coder:7b,baseline,seguro,DETECTADO,Semgrep FP (ruído sobre código seguro),FP,Verdadeiro Negativo (Acerto),13.69,"O alerta é um FALSO POSITIVO porque o código específico não está usando `math/rand`. Em vez disso, a linha 13 importa explicitamente `crypto/rand` e usa-o em várias partes do código. A mensagem de alerta sugere que qualquer uso de `math/rand` deve ser substituído por `crypto/rand`, mas neste caso específico, o código está usando corretamente `crypto/rand`. Portanto, não há uma vulnerabilidade real.",11,especifica,baseline:597fcfa9,a81b6f5ca3a4f70c2cdbca1436fd138ccc84976ee981aa1726e3dff9ae4e4311,566,117,0.00000000,N/A,
c2b310d3:CWE-338:false_positive#9,lxc/incus,CWE-338,FP,ollama:qwen2.5-coder:7b,baseline,seguro,DETECTADO,Semgrep FP (ruído sobre código seguro),FP,Verdadeiro Negativo (Acerto),12.83,"O alerta é um FALSO POSITIVO neste contexto. A função `math/rand` está sendo usada em um cenário onde a segurança não é uma prioridade crítica, pois ela gera números pseudoaleatórios que são suficientes para muitos casos de uso não-criticos. O código específico envolve a criação de um switch transitório em um sistema de rede virtualizado, o que não requer gerar números aleatórios criptograficamente seguros.",11,especifica,baseline:597fcfa9,a81b6f5ca3a4f70c2cdbca1436fd138ccc84976ee981aa1726e3dff9ae4e4311,485,118,0.00000000,N/A,
c2b310d3:CWE-338:false_positive#10,lxc/incus,CWE-338,FP,ollama:qwen2.5-coder:7b,baseline,seguro,DETECTADO,Semgrep FP (ruído sobre código seguro),VP,Falso Positivo (Ruído Mantido),12.37,"O alerta é um VERDADEIRO POSITIVO (VP) porque o código está usando a biblioteca `math/rand`, que é uma gerador de números aleatórios não criptográficos. A ferramenta Semgrep recomenda usar `crypto/rand` em vez disso, pois essa biblioteca é projetada para segurança e deve ser usada quando a aleatoriedade criptográfica é necessária.",11,especifica,baseline:597fcfa9,a81b6f5ca3a4f70c2cdbca1436fd138ccc84976ee981aa1726e3dff9ae4e4311,528,105,0.00000000,N/A,
c2b310d3:CWE-352:false_positive,lxc/incus,CWE-352,FP,ollama:qwen2.5-coder:7b,baseline,seguro,DETECTADO,Semgrep FP (ruído sobre código seguro),FP,Verdadeiro Negativo (Acerto),12.50,"O código não verifica o cabeçalho 'Origin' na requisição WebSocket, mas isso não constitui uma vulnerabilidade de Cross Site Request Forgery (CSRF) porque a verificação do 'Origin' é realizada em outros lugares do código. A função `ws.Upgrader.Upgrade` já realiza essa verificação automaticamente.",5,especifica,baseline:597fcfa9,a81b6f5ca3a4f70c2cdbca1436fd138ccc84976ee981aa1726e3dff9ae4e4311,614,88,0.00000000,N/A,
c2b310d3:CWE-352:false_positive#1,lxc/incus,CWE-352,FP,ollama:qwen2.5-coder:7b,baseline,seguro,DETECTADO,Semgrep FP (ruído sobre código seguro),FP,Verdadeiro Negativo (Acerto),12.62,"O código fornecido não verifica o cabeçalho 'Origin' na requisição WebSocket, conforme sugerido pelo alerta. No entanto, a função `ws.Upgrader.Upgrade` já implementa uma verificação de origem internamente, garantindo que a conexão WebSocket seja estabelecida apenas se a origem for confiável. Portanto, neste contexto específico, o alerta é um FALSO POSITIVO.",5,especifica,baseline:597fcfa9,a81b6f5ca3a4f70c2cdbca1436fd138ccc84976ee981aa1726e3dff9ae4e4311,589,112,0.00000000,N/A,
c2b310d3:CWE-352:false_positive#2,lxc/incus,CWE-352,FP,ollama:qwen2.5-coder:7b,baseline,seguro,DETECTADO,Semgrep FP (ruído sobre código seguro),FP,Verdadeiro Negativo (Acerto),14.08,"O código não verifica o cabeçalho 'Origin' na requisição WebSocket, mas isso não constitui uma vulnerabilidade em si. O alerta é um falso positivo porque a verificação do cabeçalho 'Origin' é opcional e depende da implementação específica do aplicativo. Neste caso, o código verifica outro parâmetro ('secret') antes de estabelecer a conexão WebSocket, o que já ajuda a mitigar riscos relacionados à autenticação.",5,especifica,baseline:597fcfa9,a81b6f5ca3a4f70c2cdbca1436fd138ccc84976ee981aa1726e3dff9ae4e4311,934,124,0.00000000,N/A,
c2b310d3:CWE-352:false_positive#3,lxc/incus,CWE-352,FP,ollama:qwen2.5-coder:7b,baseline,seguro,DETECTADO,Semgrep FP (ruído sobre código seguro),FP,Verdadeiro Negativo (Acerto),12.54,"O código fornecido não implementa uma verificação explícita do cabeçalho Origin no handshake WebSocket. No entanto, a função `ws.Upgrader.Upgrade` já realiza uma verificação implícita do cabeçalho Origin para garantir que a conexão é de origem confiável. Portanto, este código não constitui uma vulnerabilidade real.",5,especifica,baseline:597fcfa9,a81b6f5ca3a4f70c2cdbca1436fd138ccc84976ee981aa1726e3dff9ae4e4311,534,97,0.00000000,N/A,
c2b310d3:CWE-352:false_positive#4,lxc/incus,CWE-352,FP,ollama:qwen2.5-coder:7b,baseline,seguro,DETECTADO,Semgrep FP (ruído sobre código seguro),FP,Verdadeiro Negativo (Acerto),12.16,"O código fornecido não implementa uma verificação explícita do cabeçalho Origin no handshake WebSocket. No entanto, a função `ws.Upgrader.Upgrade` já realiza uma verificação implícita do cabeçalho Origin para garantir que a conexão é segura e vinda de um domínio confiável. Portanto, não há necessidade de adicionar uma verificação adicional.",5,especifica,baseline:597fcfa9,a81b6f5ca3a4f70c2cdbca1436fd138ccc84976ee981aa1726e3dff9ae4e4311,431,107,0.00000000,N/A,
c2b310d3:CWE-400:false_positive,lxc/incus,CWE-400,FP,ollama:qwen2.5-coder:7b,baseline,seguro,DETECTADO,Semgrep FP (ruído sobre código seguro),FP,Verdadeiro Negativo (Acerto),12.52,"O código fornecido não realiza a decompressão de arquivos zip, mas sim a extração de um arquivo tar. Portanto, o alerta sobre uma bomba de descompressão (zip bomb) é irrelevante neste contexto.",1,fallback,baseline:597fcfa9,a81b6f5ca3a4f70c2cdbca1436fd138ccc84976ee981aa1726e3dff9ae4e4311,489,67,0.00000000,N/A,
c2b310d3:CWE-470:false_positive,lxc/incus,CWE-470,FP,ollama:qwen2.5-coder:7b,baseline,seguro,DETECTADO,Semgrep FP (ruído sobre código seguro),FP,Verdadeiro Negativo (Acerto),13.80,"O alerta é um FALSO POSITIVO porque o código não está utilizando a função `reflect.ValueOf().MethodByName()` ou `reflect.ValueOf().FieldByName()`, que são os métodos potencialmente perigosos mencionados no alerta. Em vez disso, o código está usando uma abordagem mais segura para acessar campos e métodos de structs através do pacote `types`. A função `findStruct()` e a verificação dos campos e métodos são feitas de forma controlada e segura dentro do contexto da aplicação.",2,especifica,baseline:597fcfa9,a81b6f5ca3a4f70c2cdbca1436fd138ccc84976ee981aa1726e3dff9ae4e4311,671,136,0.00000000,N/A,
c2b310d3:CWE-470:false_positive#1,lxc/incus,CWE-470,FP,ollama:qwen2.5-coder:7b,baseline,seguro,DETECTADO,Semgrep FP (ruído sobre código seguro),FP,Verdadeiro Negativo (Acerto),11.90,"O código utiliza `reflect.ValueOf(obj).Elem()` para obter o valor subjacente do objeto, garantindo que apenas campos exportados possam ser acessados. Além disso, a verificação de `v.FieldByName(fieldName).CanSet()` garante que apenas campos que podem ser modificados sejam alterados. Essas medidas mitigam significativamente o risco de ataque explotado pelo alerta.",2,especifica,baseline:597fcfa9,a81b6f5ca3a4f70c2cdbca1436fd138ccc84976ee981aa1726e3dff9ae4e4311,488,104,0.00000000,N/A,
c2b310d3:CWE-614:false_positive,lxc/incus,CWE-614,FP,ollama:qwen2.5-coder:7b,baseline,seguro,DETECTADO,Semgrep FP (ruído sobre código seguro),FP,Verdadeiro Negativo (Acerto),13.07,"O alerta indica que a cookie 'auth_token' não tem o sinalizador 'Secure' definido. No entanto, o código está sendo executado em um ambiente seguro (HTTPS), já que ele é uma aplicação de proxy Unix. Portanto, não há risco de transmissão da cookie por canais inseguros.",1,especifica,baseline:597fcfa9,a81b6f5ca3a4f70c2cdbca1436fd138ccc84976ee981aa1726e3dff9ae4e4311,885,87,0.00000000,N/A,
c2b310d3:CWE-665:false_positive,lxc/incus,CWE-665,FP,ollama:qwen2.5-coder:7b,baseline,seguro,DETECTADO,Semgrep FP (ruído sobre código seguro),FP,Verdadeiro Negativo (Acerto),13.23,"O alerta indica que a variável `dev` pode ser modificada e usada posteriormente em caso de erro, o que poderia resultar em um desreferenciamento nulo (panic). No entanto, no contexto fornecido, isso não constitui uma vulnerabilidade real. A função retorna imediatamente com 'stop' se ocorrer um erro durante a verificação do dispositivo, evitando assim qualquer uso potencial de `dev` após sua modificação.",2,especifica,baseline:597fcfa9,a81b6f5ca3a4f70c2cdbca1436fd138ccc84976ee981aa1726e3dff9ae4e4311,592,118,0.00000000,N/A,
c2b310d3:CWE-665:false_positive#1,lxc/incus,CWE-665,FP,ollama:qwen2.5-coder:7b,baseline,seguro,DETECTADO,Semgrep FP (ruído sobre código seguro),FP,Verdadeiro Negativo (Acerto),20.36,"O alerta indica que o código está iterando sobre um mapa chamado `referencedACLs`, mas não há evidências de que este mapa possa estar vazio. O código verifica se o mapa está vazio antes de iterar sobre ele, garantindo que a iteração só ocorra quando houver elementos no mapa.",2,especifica,baseline:597fcfa9,a81b6f5ca3a4f70c2cdbca1436fd138ccc84976ee981aa1726e3dff9ae4e4311,3178,85,0.00000000,N/A,
c2b310d3:CWE-667:false_positive,lxc/incus,CWE-667,FP,ollama:qwen2.5-coder:7b,baseline,seguro,DETECTADO,Semgrep FP (ruído sobre código seguro),FP,Verdadeiro Negativo (Acerto),15.84,"O alerta indica que o código está faltando um `unlock` do mutex `listenersLock` antes de retornar da função. No entanto, a linha `defer listenersUpdateLock.Unlock()` já garante que o `unlock` será chamado no final da função, mesmo em caso de retorno prematuro (como `return`). Portanto, este alerta é um falso positivo.",2,especifica,baseline:597fcfa9,a81b6f5ca3a4f70c2cdbca1436fd138ccc84976ee981aa1726e3dff9ae4e4311,1586,100,0.00000000,N/A,
c2b310d3:CWE-667:false_positive#1,lxc/incus,CWE-667,FP,ollama:qwen2.5-coder:7b,baseline,seguro,DETECTADO,Semgrep FP (ruído sobre código seguro),FP,Verdadeiro Negativo (Acerto),13.02,"O alerta é um FALSO POSITIVO porque o código contém uma sequência de operações de bloqueio e desbloqueio do mutex que são corretamente implementadas. Cada vez que o código retorna, ele garante que o mutex seja desbloqueado antes de sair da função. Isso evita problemas como panics causados por operações de bloqueio duplicadas.",2,especifica,baseline:597fcfa9,a81b6f5ca3a4f70c2cdbca1436fd138ccc84976ee981aa1726e3dff9ae4e4311,548,102,0.00000000,N/A,
c2b310d3:CWE-681:false_positive,lxc/incus,CWE-681,FP,ollama:qwen2.5-coder:7b,baseline,seguro,DETECTADO,Semgrep FP (ruído sobre código seguro),FP,Verdadeiro Negativo (Acerto),15.28,"O alerta é um FALSO POSITIVO porque o código está realizando uma conversão de tipo segura de `int32` para `int`. A função `strconv.Atoi` retorna um valor do tipo `int`, que pode ser armazenado em uma variável do tipo `int32` sem perda de informações, pois `int` é maior ou igual a `int32` na maioria das plataformas Go. Além disso, o código verifica se a conversão foi bem-sucedida antes de usar o valor convertido.",2,especifica,baseline:597fcfa9,a81b6f5ca3a4f70c2cdbca1436fd138ccc84976ee981aa1726e3dff9ae4e4311,1061,135,0.00000000,N/A,
c2b310d3:CWE-681:false_positive#1,lxc/incus,CWE-681,FP,ollama:qwen2.5-coder:7b,baseline,seguro,DETECTADO,Semgrep FP (ruído sobre código seguro),FP,Verdadeiro Negativo (Acerto),13.45,"O alerta é um FALSO POSITIVO porque a conversão de `int32` não representa uma vulnerabilidade em si. A função `strconv.Atoi` retorna um valor do tipo `int`, que é implicitamente convertido para `int32` quando atribuído à variável `placeCount`. Esta conversão é segura e não apresenta riscos relacionados à assinatura de inteiros.",2,especifica,baseline:597fcfa9,a81b6f5ca3a4f70c2cdbca1436fd138ccc84976ee981aa1726e3dff9ae4e4311,675,107,0.00000000,N/A,
c2b310d3:CWE-79:false_positive,lxc/incus,CWE-79,FP,ollama:qwen2.5-coder:7b,baseline,seguro,DETECTADO,Semgrep FP (ruído sobre código seguro),FP,Verdadeiro Negativo (Acerto),14.09,"O alerta é um FALSO POSITIVO porque o código não está utilizando diretamente 'fmt.Fprint' para escrever diretamente no 'http.ResponseWriter'. Em vez disso, ele chama a função 'localUtil.WriteJSON', que provavelmente utiliza o pacote 'html/template' para evitar injeções de script (XSS). Além disso, quando o tipo de conteúdo é 'application/octet-stream', ele usa 'fmt.Fprint' apenas para escrever uma string, mas isso não ocorre diretamente no 'http.ResponseWriter'. O alerta pode estar incorretamente sinalizando um problema que não existe neste contexto.",14,especifica,baseline:597fcfa9,a81b6f5ca3a4f70c2cdbca1436fd138ccc84976ee981aa1726e3dff9ae4e4311,508,150,0.00000000,N/A,
c2b310d3:CWE-79:false_positive#1,lxc/incus,CWE-79,FP,ollama:qwen2.5-coder:7b,baseline,seguro,DETECTADO,Semgrep FP (ruído sobre código seguro),FP,Verdadeiro Negativo (Acerto),14.27,"O alerta é um FALSO POSITIVO neste contexto. A função `w.Write(body)` está sendo usada para enviar uma resposta JSON, que já foi serializada em formato JSON usando `json.Marshal`. Como os dados estão no formato correto e não contêm entradas do usuário que possam ser mal interpretadas como HTML ou JavaScript, não há risco de Cross-Site Scripting (XSS). Além disso, o código está utilizando a função `w.Write` corretamente para enviar uma resposta HTTP.",14,especifica,baseline:597fcfa9,a81b6f5ca3a4f70c2cdbca1436fd138ccc84976ee981aa1726e3dff9ae4e4311,876,126,0.00000000,N/A,
c2b310d3:CWE-79:false_positive#2,lxc/incus,CWE-79,FP,ollama:qwen2.5-coder:7b,baseline,seguro,DETECTADO,Semgrep FP (ruído sobre código seguro),FP,Verdadeiro Negativo (Acerto),13.31,"O alerta é um FALSO POSITIVO porque o código não está diretamente escrevendo dados em 'http.ResponseWriter'. Em vez disso, ele lê os dados de uma resposta HTTP remota e então retorna esses dados brutos para a resposta do cliente. Como os dados são obtidos de uma fonte confiável (ou seja, outra instância do serviço), não há risco de injeção de script XSS.",14,especifica,baseline:597fcfa9,a81b6f5ca3a4f70c2cdbca1436fd138ccc84976ee981aa1726e3dff9ae4e4311,731,109,0.00000000,N/A,
c2b310d3:CWE-79:false_positive#3,lxc/incus,CWE-79,FP,ollama:qwen2.5-coder:7b,baseline,seguro,DETECTADO,Semgrep FP (ruído sobre código seguro),FP,Verdadeiro Negativo (Acerto),12.11,"O alerta é um FALSO POSITIVO porque o código não está envolvido em renderização de conteúdo gerado pelo usuário. O pacote `text/template` é usado aqui para processar e incluir caminhos de comando permitidos em um perfil AppArmor, que não envolve a renderização de conteúdo HTML ou qualquer outra entrada potencialmente insegura do usuário.",14,especifica,baseline:597fcfa9,a81b6f5ca3a4f70c2cdbca1436fd138ccc84976ee981aa1726e3dff9ae4e4311,549,98,0.00000000,N/A,
c2b310d3:CWE-79:false_positive#4,lxc/incus,CWE-79,FP,ollama:qwen2.5-coder:7b,baseline,seguro,DETECTADO,Semgrep FP (ruído sobre código seguro),FP,Verdadeiro Negativo (Acerto),12.10,"O alerta é um FALSO POSITIVO porque o código não está envolvido em renderização de conteúdo gerado pelo usuário. O pacote `text/template` é usado aqui para criar uma string de perfil AppArmor, que não envolve a renderização de HTML ou qualquer outro tipo de conteúdo gerado pelo usuário. Portanto, não há risco de Cross-Site Scripting (XSS) nesta parte do código.",14,especifica,baseline:597fcfa9,a81b6f5ca3a4f70c2cdbca1436fd138ccc84976ee981aa1726e3dff9ae4e4311,543,107,0.00000000,N/A,
c2b310d3:CWE-79:false_positive#5,lxc/incus,CWE-79,FP,ollama:qwen2.5-coder:7b,baseline,seguro,DETECTADO,Semgrep FP (ruído sobre código seguro),FP,Verdadeiro Negativo (Acerto),12.35,"O alerta é um FALSO POSITIVO porque o código não está envolvido em operações de renderização de conteúdo HTML gerado pelo usuário. O pacote `text/template` usado aqui é para geração de arquivos de perfil AppArmor, que são usados para definir permissões de segurança em sistemas Linux. Não há nenhuma interação com conteúdo HTML ou entrada do usuário que possa ser vulnerável a ataques XSS.",14,especifica,baseline:597fcfa9,a81b6f5ca3a4f70c2cdbca1436fd138ccc84976ee981aa1726e3dff9ae4e4311,550,112,0.00000000,N/A,
c2b310d3:CWE-79:false_positive#6,lxc/incus,CWE-79,FP,ollama:qwen2.5-coder:7b,baseline,seguro,DETECTADO,Semgrep FP (ruído sobre código seguro),FP,Verdadeiro Negativo (Acerto),11.79,"O alerta é um FALSO POSITIVO porque o código não está envolvido em operações de renderização de conteúdo HTML gerado pelo usuário. O pacote `text/template` do Go é usado aqui para criar uma string de perfil AppArmor, que não contém elementos HTML ou conteúdo gerado pelo usuário que possa ser vulnerável a ataques XSS.",14,especifica,baseline:597fcfa9,a81b6f5ca3a4f70c2cdbca1436fd138ccc84976ee981aa1726e3dff9ae4e4311,571,94,0.00000000,N/A,
c2b310d3:CWE-79:false_positive#7,lxc/incus,CWE-79,FP,ollama:qwen2.5-coder:7b,baseline,seguro,DETECTADO,Semgrep FP (ruído sobre código seguro),FP,Verdadeiro Negativo (Acerto),11.74,"O alerta é um FALSO POSITIVO neste contexto. O código não está relacionado a web applications que renderizam conteúdo gerado pelo usuário, então não há risco de Cross-Site Scripting (XSS). A ferramenta Semgrep está incorretamente aplicando o alerta em um contexto onde não é relevante.",14,especifica,baseline:597fcfa9,a81b6f5ca3a4f70c2cdbca1436fd138ccc84976ee981aa1726e3dff9ae4e4311,563,89,0.00000000,N/A,
c2b310d3:CWE-79:false_positive#8,lxc/incus,CWE-79,FP,ollama:qwen2.5-coder:7b,baseline,seguro,DETECTADO,Semgrep FP (ruído sobre código seguro),FP,Verdadeiro Negativo (Acerto),12.40,"O alerta é um FALSO POSITIVO porque o código não está diretamente relacionado à renderização de conteúdo gerado pelo usuário. O pacote `text/template` é usado aqui para criar uma string de perfil AppArmor, que não envolve a renderização de conteúdo HTML ou qualquer outra entrada do usuário. Portanto, não há risco de Cross-Site Scripting (XSS) nesse contexto.",14,especifica,baseline:597fcfa9,a81b6f5ca3a4f70c2cdbca1436fd138ccc84976ee981aa1726e3dff9ae4e4311,570,104,0.00000000,N/A,
c2b310d3:CWE-79:false_positive#9,lxc/incus,CWE-79,FP,ollama:qwen2.5-coder:7b,baseline,seguro,DETECTADO,Semgrep FP (ruído sobre código seguro),FP,Verdadeiro Negativo (Acerto),12.11,"O alerta é um FALSO POSITIVO porque o código não está envolvido em operações de renderização de conteúdo gerado pelo usuário. O `text/template` package neste contexto é usado para criar um modelo de perfil AppArmor, que não envolve a renderização de conteúdo HTML e, portanto, não apresenta risco de Cross-Site Scripting (XSS).",14,especifica,baseline:597fcfa9,a81b6f5ca3a4f70c2cdbca1436fd138ccc84976ee981aa1726e3dff9ae4e4311,588,99,0.00000000,N/A,
c2b310d3:CWE-79:false_positive#10,lxc/incus,CWE-79,FP,ollama:qwen2.5-coder:7b,baseline,seguro,DETECTADO,Semgrep FP (ruído sobre código seguro),FP,Verdadeiro Negativo (Acerto),12.77,"O alerta é um FALSO POSITIVO porque o código não está diretamente envolvido em renderizar conteúdo gerado pelo usuário. O pacote `text/template` é usado apenas para processar uma string de template que contém constantes e variáveis, mas não há nenhuma entrada do usuário sendo inserida ou renderizada neste contexto.",14,especifica,baseline:597fcfa9,a81b6f5ca3a4f70c2cdbca1436fd138ccc84976ee981aa1726e3dff9ae4e4311,652,91,0.00000000,N/A,
c2b310d3:CWE-79:false_positive#11,lxc/incus,CWE-79,FP,ollama:qwen2.5-coder:7b,baseline,seguro,DETECTADO,Semgrep FP (ruído sobre código seguro),FP,Verdadeiro Negativo (Acerto),11.67,"O alerta é um FALSO POSITIVO porque o código está sendo usado para gerar DNS zone templates, que não envolvem a renderização de conteúdo gerado pelo usuário. Portanto, não há risco de Cross-Site Scripting (XSS) nesse contexto.",14,especifica,baseline:597fcfa9,a81b6f5ca3a4f70c2cdbca1436fd138ccc84976ee981aa1726e3dff9ae4e4311,573,77,0.00000000,N/A,
c2b310d3:CWE-79:false_positive#12,lxc/incus,CWE-79,FP,ollama:qwen2.5-coder:7b,baseline,seguro,DETECTADO,Semgrep FP (ruído sobre código seguro),FP,Verdadeiro Negativo (Acerto),14.54,"O alerta é um FALSO POSITIVO neste contexto. A função `fmt.Fprint(w, r.content.(string))` está sendo usada dentro de uma condição que verifica se o tipo do conteúdo é 'application/octet-stream'. Neste caso específico, não há nenhuma entrada direta do usuário ou dados que possam ser manipulados para causar um ataque XSS. O uso de `fmt.Fprint` aqui não expõe a aplicação a vulnerabilidades XSS porque os dados estão sendo enviados como conteúdo binário e não como parte da resposta HTML.",14,especifica,baseline:597fcfa9,a81b6f5ca3a4f70c2cdbca1436fd138ccc84976ee981aa1726e3dff9ae4e4311,470,139,0.00000000,N/A,
c2b310d3:CWE-79:false_positive#13,lxc/incus,CWE-79,FP,ollama:qwen2.5-coder:7b,baseline,seguro,DETECTADO,Semgrep FP (ruído sobre código seguro),FP,Verdadeiro Negativo (Acerto),12.04,"O código não está diretamente escrevendo em 'http.ResponseWriter' sem escape HTML. Em vez disso, ele está serializando o objeto de erro para XML e escrevendo-o como uma resposta. O alerta é um falso positivo porque a função `xml.Marshal` já realiza a codificação necessária para evitar vulnerabilidades XSS.",14,especifica,baseline:597fcfa9,a81b6f5ca3a4f70c2cdbca1436fd138ccc84976ee981aa1726e3dff9ae4e4311,428,89,0.00000000,N/A,
c2b310d3:CWE-798:false_positive,lxc/incus,CWE-798,FP,ollama:qwen2.5-coder:7b,baseline,seguro,DETECTADO,Semgrep FP (ruído sobre código seguro),FP,Verdadeiro Negativo (Acerto),13.20,"O alerta é um FALSO POSITIVO porque o código está usando uma chave privada de teste (`testAltKeyPEMBlock`) que não deve ser usada em produção. A ferramenta de análise estática está corretamente identificando a presença de uma chave privada, mas neste contexto específico, ela é uma chave de teste e não uma vulnerabilidade real.",1,fallback,baseline:597fcfa9,a81b6f5ca3a4f70c2cdbca1436fd138ccc84976ee981aa1726e3dff9ae4e4311,359,97,0.00000000,N/A,
c2b310d3:CWE-918:false_positive,lxc/incus,CWE-918,FP,ollama:qwen2.5-coder:7b,baseline,seguro,DETECTADO,Semgrep FP (ruído sobre código seguro),VP,Falso Positivo (Ruído Mantido),14.95,"O alerta é um VERDADEIRO POSITIVO (VP) porque o código está utilizando diretamente a entrada do usuário (`r.URL.String()`) para construir uma URL em uma solicitação HTTP (`http.NewRequest`). Isso pode levar a uma vulnerabilidade de Injeção de Solicitação do Servidor Lado (SSRF), onde um atacante poderia manipular a URL para acessar recursos internos não autorizados. O alerta sugere que o usuário de entrada deve ser tratado como parte da rota ou parâmetro de consulta, e que se for necessário usar a entrada do usuário para construir a solicitação, as práticas recomendadas OWASP devem ser seguidas para prevenir abusos.",1,fallback,baseline:597fcfa9,a81b6f5ca3a4f70c2cdbca1436fd138ccc84976ee981aa1726e3dff9ae4e4311,775,175,0.00000000,N/A,
c2b310d3:CWE-94:false_positive,lxc/incus,CWE-94,FP,ollama:qwen2.5-coder:7b,baseline,seguro,DETECTADO,Semgrep FP (ruído sobre código seguro),FP,Verdadeiro Negativo (Acerto),16.65,"O código não executa comandos dinâmicos provenientes de usuários. A variável `s.command` é usada para construir o comando a ser executado, mas ela é definida no escopo da função e não recebe entrada do usuário. Portanto, não há risco de injeção de código.",14,especifica,baseline:597fcfa9,a81b6f5ca3a4f70c2cdbca1436fd138ccc84976ee981aa1726e3dff9ae4e4311,1911,85,0.00000000,N/A,
c2b310d3:CWE-94:false_positive#1,lxc/incus,CWE-94,FP,ollama:qwen2.5-coder:7b,baseline,seguro,DETECTADO,Semgrep FP (ruído sobre código seguro),FP,Verdadeiro Negativo (Acerto),15.89,"O alerta é um FALSO POSITIVO porque o código não executa comandos dinâmicos baseados em entradas de usuários. O comando a ser executado está definido em uma variável chamada `convCmd`, que é inicializada com valores constantes e não é alterada durante a execução do programa. Além disso, o comando é verificado usando `exec.LookPath` antes de ser usado, garantindo que ele existe no sistema. Portanto, não há risco de injeção de código.",14,especifica,baseline:597fcfa9,a81b6f5ca3a4f70c2cdbca1436fd138ccc84976ee981aa1726e3dff9ae4e4311,1346,130,0.00000000,N/A,
c2b310d3:CWE-94:false_positive#2,lxc/incus,CWE-94,FP,ollama:qwen2.5-coder:7b,baseline,seguro,DETECTADO,Semgrep FP (ruído sobre código seguro),FP,Verdadeiro Negativo (Acerto),16.33,"O alerta é um FALSO POSITIVO porque o código não executa comandos dinâmicos baseados em entradas de usuários. A função `exec.Command` está sendo usada para iniciar processos como 'remote-viewer' ou 'spicy', mas esses são nomes de comando fixos e não são derivados de qualquer entrada do usuário. Portanto, não há risco de injeção de código malicioso.",14,especifica,baseline:597fcfa9,a81b6f5ca3a4f70c2cdbca1436fd138ccc84976ee981aa1726e3dff9ae4e4311,1360,112,0.00000000,N/A,
c2b310d3:CWE-94:false_positive#3,lxc/incus,CWE-94,FP,ollama:qwen2.5-coder:7b,baseline,seguro,DETECTADO,Semgrep FP (ruído sobre código seguro),FP,Verdadeiro Negativo (Acerto),15.73,"O alerta é um FALSO POSITIVO porque o código não executa comandos dinâmicos fornecidos pelo usuário. A variável `editor` é determinada em tempo de execução, mas ela vem de variáveis de ambiente (`VISUAL` e `EDITOR`) ou uma lista predefinida de editores. Não há evidências de que o código aceite entrada do usuário para formar comandos a serem executados.",14,especifica,baseline:597fcfa9,a81b6f5ca3a4f70c2cdbca1436fd138ccc84976ee981aa1726e3dff9ae4e4311,802,113,0.00000000,N/A,
c2b310d3:CWE-94:false_positive#4,lxc/incus,CWE-94,FP,ollama:qwen2.5-coder:7b,baseline,seguro,DETECTADO,Semgrep FP (ruído sobre código seguro),FP,Verdadeiro Negativo (Acerto),20.62,"O código não está executando comandos dinâmicos fornecidos pelo usuário. A variável `compress` é analisada usando `shellquote.Split`, que garante que os argumentos do comando sejam tratados corretamente, evitando a injeção de comandos maliciosos.",14,especifica,baseline:597fcfa9,a81b6f5ca3a4f70c2cdbca1436fd138ccc84976ee981aa1726e3dff9ae4e4311,779,83,0.00000000,N/A,
c2b310d3:CWE-94:false_positive#5,lxc/incus,CWE-94,FP,ollama:qwen2.5-coder:7b,baseline,seguro,DETECTADO,Semgrep FP (ruído sobre código seguro),FP,Verdadeiro Negativo (Acerto),15.16,"O código não está executando comandos dinâmicos fornecidos pelo usuário. A variável `editor` é determinada a partir de variáveis de ambiente (`VISUAL` ou `EDITOR`) e, em caso de não estar definida, uma lista predefinida de editores é verificada. Após a seleção do editor, o caminho do arquivo temporário é passado como argumento para o comando do editor, mas não há evidências de que este comando seja executado com dados fornecidos pelo usuário.",14,especifica,baseline:597fcfa9,a81b6f5ca3a4f70c2cdbca1436fd138ccc84976ee981aa1726e3dff9ae4e4311,798,129,0.00000000,N/A,
c2b310d3:CWE-94:false_positive#6,lxc/incus,CWE-94,FP,ollama:qwen2.5-coder:7b,baseline,seguro,DETECTADO,Semgrep FP (ruído sobre código seguro),FP,Verdadeiro Negativo (Acerto),15.05,"O código não executa comandos externos diretamente. Em vez disso, ele cria um comando `exec.Command` usando uma string de entrada (`iptablesCmd`) que é passada como parâmetro para a função. Esta string é usada apenas para especificar o nome do comando a ser executado e não contém dados de usuário verificados que possam ser injetados. Portanto, não há risco de injeção de código.",14,especifica,baseline:597fcfa9,a81b6f5ca3a4f70c2cdbca1436fd138ccc84976ee981aa1726e3dff9ae4e4311,588,112,0.00000000,N/A,
c2b310d3:CWE-94:false_positive#7,lxc/incus,CWE-94,FP,ollama:qwen2.5-coder:7b,baseline,seguro,DETECTADO,Semgrep FP (ruído sobre código seguro),FP,Verdadeiro Negativo (Acerto),14.05,"O código não está executando comandos dinâmicos fornecidos pelo usuário. A função `runClientCommand` aceita argumentos adicionais (`extraArgs`) que são fixos no código e não vêm de uma fonte não confiável. Além disso, o contexto do comando é definido por variáveis internas da estrutura `AdminClient`, garantindo que os comandos executados sejam controlados pelo sistema e não pelos usuários.",14,especifica,baseline:597fcfa9,a81b6f5ca3a4f70c2cdbca1436fd138ccc84976ee981aa1726e3dff9ae4e4311,453,115,0.00000000,N/A,
c2b310d3:CWE-94:false_positive#8,lxc/incus,CWE-94,FP,ollama:qwen2.5-coder:7b,baseline,seguro,DETECTADO,Semgrep FP (ruído sobre código seguro),FP,Verdadeiro Negativo (Acerto),13.73,"O código não executa comandos dinâmicos fornecidos pelo usuário. A função `isMinIOClient` verifica a existência de um binário chamado 'miniocli' ou 'minio-client', mas isso é feito em uma lista predefinida de nomes possíveis, não em dados do usuário. Portanto, não há risco de injeção de código.",14,especifica,baseline:597fcfa9,a81b6f5ca3a4f70c2cdbca1436fd138ccc84976ee981aa1726e3dff9ae4e4311,623,101,0.00000000,N/A,
c2b310d3:CWE-94:false_positive#9,lxc/incus,CWE-94,FP,ollama:qwen2.5-coder:7b,baseline,seguro,DETECTADO,Semgrep FP (ruído sobre código seguro),FP,Verdadeiro Negativo (Acerto),13.49,"O alerta é um FALSO POSITIVO porque o código não está executando comandos dinâmicos fornecidos pelo usuário. A função `ExtractWithFds` aceita apenas uma lista de comandos permitidos (`allowedCmds`) e garante que apenas esses comandos sejam executados, evitando a execução de comandos arbitrários.",14,especifica,baseline:597fcfa9,a81b6f5ca3a4f70c2cdbca1436fd138ccc84976ee981aa1726e3dff9ae4e4311,501,99,0.00000000,N/A,
c2b310d3:CWE-94:false_positive#10,lxc/incus,CWE-94,FP,ollama:qwen2.5-coder:7b,baseline,seguro,DETECTADO,Semgrep FP (ruído sobre código seguro),FP,Verdadeiro Negativo (Acerto),12.99,"O código não está executando um comando dinâmico com dados de usuário não verificados. A variável `tmpfile.Name()` é gerada internamente pelo sistema operacional e não contém dados fornecidos por usuários externos. Portanto, não há risco de injeção de código.",14,especifica,baseline:597fcfa9,a81b6f5ca3a4f70c2cdbca1436fd138ccc84976ee981aa1726e3dff9ae4e4311,521,81,0.00000000,N/A,
c2b310d3:CWE-94:false_positive#11,lxc/incus,CWE-94,FP,ollama:qwen2.5-coder:7b,baseline,seguro,DETECTADO,Semgrep FP (ruído sobre código seguro),FP,Verdadeiro Negativo (Acerto),13.55,"O código não está executando comandos dinâmicos provenientes de dados não verificados do usuário. A função `exec.CommandContext` é usada para criar um comando, mas os argumentos são definidos dentro da própria função e não são obtidos a partir de entradas externas que possam ser manipuladas por usuários maliciosos.",14,especifica,baseline:597fcfa9,a81b6f5ca3a4f70c2cdbca1436fd138ccc84976ee981aa1726e3dff9ae4e4311,814,91,0.00000000,N/A,
c2b310d3:CWE-94:false_positive#12,lxc/incus,CWE-94,FP,ollama:qwen2.5-coder:7b,baseline,seguro,DETECTADO,Semgrep FP (ruído sobre código seguro),FP,Verdadeiro Negativo (Acerto),13.41,"O código não está executando comandos dinâmicos provenientes de dados não verificados do usuário. A função `RunCommandSplit` aceita parâmetros `name` e `arg` que são passados diretamente para `exec.CommandContext`, mas esses parâmetros são parte da assinatura da função e não são obtidos de entrada do usuário. Portanto, não há risco de injeção de código.",14,especifica,baseline:597fcfa9,a81b6f5ca3a4f70c2cdbca1436fd138ccc84976ee981aa1726e3dff9ae4e4311,454,108,0.00000000,N/A,
c2b310d3:CWE-94:false_positive#13,lxc/incus,CWE-94,FP,ollama:qwen2.5-coder:7b,baseline,seguro,DETECTADO,Semgrep FP (ruído sobre código seguro),FP,Verdadeiro Negativo (Acerto),13.55,"O alerta é um FALSO POSITIVO porque o código verifica se a variável de ambiente BROWSER está vazia antes de executar o comando. Se BROWSER estiver vazia, ele usa os comandos padrão para abrir o navegador em diferentes sistemas operacionais. Essa verificação previne que qualquer entrada do usuário seja usada diretamente no comando, reduzindo significativamente o risco de injeção de código.",14,especifica,baseline:597fcfa9,a81b6f5ca3a4f70c2cdbca1436fd138ccc84976ee981aa1726e3dff9ae4e4311,463,112,0.00000000,N/A,
d137a063:CWE-1004:false_positive,lxc/incus,CWE-1004,FP,ollama:qwen2.5-coder:7b,baseline,seguro,DETECTADO,Semgrep FP (ruído sobre código seguro),FP,Verdadeiro Negativo (Acerto),18.06,"O alerta indica que a cookie 'oidc_access' não tem o flag 'HttpOnly' definido, o que pode aumentar o risco de ataques XSS. No entanto, no contexto fornecido, a função `Auth` está lidando com cookies OIDC (OpenID Connect) e não cookies de sessão tradicionais usados para armazenar informações de autenticação do usuário em um navegador. Cookies OIDC são geralmente usados para armazenar tokens de acesso e refresh, que são gerenciados pelo provedor de identidade e não devem ser acessados diretamente pelo cliente. Portanto, o fato de esses cookies não terem o flag 'HttpOnly' definido não constitui uma vulnerabilidade em relação a ataques XSS.",1,especifica,baseline:597fcfa9,a81b6f5ca3a4f70c2cdbca1436fd138ccc84976ee981aa1726e3dff9ae4e4311,1162,181,0.00000000,N/A,
d137a063:CWE-115:false_positive,lxc/incus,CWE-115,FP,ollama:qwen2.5-coder:7b,baseline,seguro,DETECTADO,Semgrep FP (ruído sobre código seguro),FP,Verdadeiro Negativo (Acerto),13.72,"O alerta indica que o uso de `ReverseProxy.Director` pode remover cabeçalhos adicionados pelo `Director`. No entanto, no código fornecido, o `Director` está sendo definido como uma função vazia (`func(*http.Request) {}`). Isso significa que não há modificação dos cabeçalhos da solicitação ou resposta, então não há risco de remover cabeçalhos adicionados por um `Director` anterior. Portanto, este alerta é um falso positivo.",2,especifica,baseline:597fcfa9,a81b6f5ca3a4f70c2cdbca1436fd138ccc84976ee981aa1726e3dff9ae4e4311,849,127,0.00000000,N/A,
d137a063:CWE-115:false_positive#1,lxc/incus,CWE-115,FP,ollama:qwen2.5-coder:7b,baseline,seguro,DETECTADO,Semgrep FP (ruído sobre código seguro),FP,Verdadeiro Negativo (Acerto),13.78,"O alerta é um FALSO POSITIVO porque o uso de `ReverseProxy.Director` neste contexto não constitui uma vulnerabilidade. O método `Director` está sendo usado para modificar a URL da solicitação, que é um comportamento comum e seguro em proxies reversos. A ferramenta Semgrep está incorretamente identificando isso como uma vulnerabilidade potencial.",2,especifica,baseline:597fcfa9,a81b6f5ca3a4f70c2cdbca1436fd138ccc84976ee981aa1726e3dff9ae4e4311,486,99,0.00000000,N/A,
d137a063:CWE-319:false_positive,lxc/incus,CWE-319,FP,ollama:qwen2.5-coder:7b,baseline,seguro,DETECTADO,Semgrep FP (ruído sobre código seguro),FP,Verdadeiro Negativo (Acerto),13.71,"O código verifica se a conexão HTTP é segura (HTTPS) e, em caso afirmativo, gera uma URL WebSocket segura (wss). Caso contrário, ele gera uma URL WebSocket insegura (ws). Isso garante que todas as conexões WebSocket sejam criptografadas quando possível, o que é uma boa prática de segurança. Portanto, este código não constitui uma vulnerabilidade.",6,especifica,baseline:597fcfa9,a81b6f5ca3a4f70c2cdbca1436fd138ccc84976ee981aa1726e3dff9ae4e4311,386,106,0.00000000,N/A,
d137a063:CWE-319:false_positive#1,lxc/incus,CWE-319,FP,ollama:qwen2.5-coder:7b,baseline,seguro,DETECTADO,Semgrep FP (ruído sobre código seguro),FP,Verdadeiro Negativo (Acerto),15.24,"O código implementa uma verificação de certificado TLS/SSL, incluindo a capacidade de ignorar a verificação do certificado (InsecureSkipVerify) apenas para fins de depuração. No entanto, o código também adiciona um mecanismo personalizado de verificação de certificado que carrega e valida os certificados fornecidos pelo servidor. Portanto, embora o InsecureSkipVerify esteja sendo usado, ele é imediatamente substituído por uma verificação mais robusta.",6,especifica,baseline:597fcfa9,a81b6f5ca3a4f70c2cdbca1436fd138ccc84976ee981aa1726e3dff9ae4e4311,1194,127,0.00000000,N/A,
d137a063:CWE-319:false_positive#2,lxc/incus,CWE-319,FP,ollama:qwen2.5-coder:7b,baseline,seguro,DETECTADO,Semgrep FP (ruído sobre código seguro),FP,Verdadeiro Negativo (Acerto),16.10,"O código está configurado para verificar a validade do certificado TLS/SSL, o que significa que não há desabilitação de verificação de certificados. A linha em questão (67) faz parte de uma configuração de TLS onde `InsecureSkipVerify` é definido como `true`, mas isso ocorre dentro de um bloco condicional que verifica a presença de um certificado CA (`sslCACert`). Se o certificado CA estiver presente, a verificação do certificado do servidor é realizada corretamente. Portanto, este código não constitui uma vulnerabilidade.",6,especifica,baseline:597fcfa9,a81b6f5ca3a4f70c2cdbca1436fd138ccc84976ee981aa1726e3dff9ae4e4311,1241,142,0.00000000,N/A,
d137a063:CWE-319:false_positive#3,lxc/incus,CWE-319,FP,ollama:qwen2.5-coder:7b,baseline,seguro,DETECTADO,Semgrep FP (ruído sobre código seguro),FP,Verdadeiro Negativo (Acerto),15.96,"O código implementa uma verificação de certificado TLS/SSL, incluindo a capacidade de ignorar a verificação do certificado (InsecureSkipVerify: true). No entanto, esta configuração é usada dentro de um bloco condicional que verifica se o endereço de banco de dados contém 'ssl:', indicando que o SSL deve ser usado. Além disso, há uma verificação adicional de certificados CA e a implementação de VerifyPeerCertificate para validar os certificados do servidor. Portanto, esta configuração não constitui uma vulnerabilidade real.",6,especifica,baseline:597fcfa9,a81b6f5ca3a4f70c2cdbca1436fd138ccc84976ee981aa1726e3dff9ae4e4311,1322,141,0.00000000,N/A,
d137a063:CWE-319:false_positive#4,lxc/incus,CWE-319,FP,ollama:qwen2.5-coder:7b,baseline,seguro,DETECTADO,Semgrep FP (ruído sobre código seguro),FP,Verdadeiro Negativo (Acerto),14.62,"O código não desabilita a verificação de certificados TLS/SSL. Em vez disso, ele configura uma verificação personalizada dos certificados do servidor usando `VerifyPeerCertificate`. Esta abordagem é segura e não constitui vulnerabilidade.",6,especifica,baseline:597fcfa9,a81b6f5ca3a4f70c2cdbca1436fd138ccc84976ee981aa1726e3dff9ae4e4311,1563,71,0.00000000,N/A,
d137a063:CWE-319:false_positive#5,lxc/incus,CWE-319,FP,ollama:qwen2.5-coder:7b,baseline,seguro,DETECTADO,Semgrep FP (ruído sobre código seguro),FP,Verdadeiro Negativo (Acerto),13.55,"O código desabilita a verificação de certificados TLS/SSL apenas para fins de depuração, conforme indicado no alerta. No entanto, ele define uma versão mínima do protocolo TLS (TLSv1.2), o que ajuda a mitigar riscos relacionados à vulnerabilidade POODLE e outros ataques de força bruta contra versões mais antigas do protocolo. Portanto, neste contexto específico, não constitui uma vulnerabilidade real.",6,especifica,baseline:597fcfa9,a81b6f5ca3a4f70c2cdbca1436fd138ccc84976ee981aa1726e3dff9ae4e4311,386,119,0.00000000,N/A,
d137a063:CWE-327:false_positive,lxc/incus,CWE-327,FP,ollama:qwen2.5-coder:7b,baseline,seguro,DETECTADO,Semgrep FP (ruído sobre código seguro),FP,Verdadeiro Negativo (Acerto),15.73,"O código não configura explicitamente a versão mínima do TLS, mas isso não constitui uma vulnerabilidade. A ferramenta de análise estática alerta sobre o fato de que a versão mínima do TLS não foi definida, mas o padrão atual é TLS 1.2, conforme mencionado na mensagem do alerta. Além disso, o código contém verificações adicionais para garantir a segurança da conexão SSL/TLS, como a verificação do certificado do cliente e a adição de um pool de certificados CA. Portanto, não há evidências de uma vulnerabilidade real neste contexto.",7,especifica,baseline:597fcfa9,a81b6f5ca3a4f70c2cdbca1436fd138ccc84976ee981aa1726e3dff9ae4e4311,1285,151,0.00000000,N/A,
d137a063:CWE-327:false_positive#1,lxc/incus,CWE-327,FP,ollama:qwen2.5-coder:7b,baseline,seguro,DETECTADO,Semgrep FP (ruído sobre código seguro),FP,Verdadeiro Negativo (Acerto),14.76,"O código não configura explicitamente a versão mínima do TLS, mas isso não constitui uma vulnerabilidade. A ferramenta de análise estática alerta sobre o fato de que a versão mínima do TLS não foi definida, mas o padrão atual é TLS 1.2, conforme mencionado na mensagem do alerta. Além disso, o código contém verificações adicionais para garantir a segurança da conexão SSL/TLS, como a verificação do certificado do servidor e a configuração de `InsecureSkipVerify` como `false`. Portanto, não há evidências de uma vulnerabilidade real neste contexto.",7,especifica,baseline:597fcfa9,a81b6f5ca3a4f70c2cdbca1436fd138ccc84976ee981aa1726e3dff9ae4e4311,1332,155,0.00000000,N/A,
d137a063:CWE-327:false_positive#2,lxc/incus,CWE-327,FP,ollama:qwen2.5-coder:7b,baseline,seguro,DETECTADO,Semgrep FP (ruído sobre código seguro),FP,Verdadeiro Negativo (Acerto),14.12,"O alerta indica que a versão mínima do TLS deve ser definida como TLS 1.3, mas o código fornecido já configura explicitamente uma versão mínima de TLS 1.2 através da linha `tlsConfig := &tls.Config{Certificates: []tls.Certificate{clientCert}, InsecureSkipVerify: true}`. Além disso, a função não desativa completamente os protocolos anteriores como o alerta sugere. Portanto, este código não constitui uma vulnerabilidade.",7,especifica,baseline:597fcfa9,a81b6f5ca3a4f70c2cdbca1436fd138ccc84976ee981aa1726e3dff9ae4e4311,1413,126,0.00000000,N/A,
d137a063:CWE-327:false_positive#3,lxc/incus,CWE-327,FP,ollama:qwen2.5-coder:7b,baseline,seguro,DETECTADO,Semgrep FP (ruído sobre código seguro),FP,Verdadeiro Negativo (Acerto),14.54,"O código não configura explicitamente a versão mínima do TLS, mas isso não constitui uma vulnerabilidade. A ferramenta de análise estática alerta sobre o fato de que a versão mínima do TLS não foi definida, mas o código em si não desativa outras versões do TLS nem permite conexões inseguras.",7,especifica,baseline:597fcfa9,a81b6f5ca3a4f70c2cdbca1436fd138ccc84976ee981aa1726e3dff9ae4e4311,1654,90,0.00000000,N/A,
d137a063:CWE-327:false_positive#4,lxc/incus,CWE-327,FP,ollama:qwen2.5-coder:7b,baseline,seguro,DETECTADO,Semgrep FP (ruído sobre código seguro),FP,Verdadeiro Negativo (Acerto),14.87,"O alerta indica que a versão mínima do TLS deve ser definida como TLS 1.3, mas o código fornecido não contém uma configuração explícita para `MinVersion`. No entanto, conforme mencionado no alerta, a versão padrão atualizada do Go (1.22) já usa TLS 1.2 como a versão mínima. Como o código não desativa outras versões de TLS e não há indicação de que seja necessário suportar clientes ou navegadores com versões mais antigas de TLS, pode-se considerar que esta configuração é aceitável para uma aplicação geral.",7,especifica,baseline:597fcfa9,a81b6f5ca3a4f70c2cdbca1436fd138ccc84976ee981aa1726e3dff9ae4e4311,730,157,0.00000000,N/A,
d137a063:CWE-327:false_positive#5,lxc/incus,CWE-327,FP,ollama:qwen2.5-coder:7b,baseline,seguro,DETECTADO,Semgrep FP (ruído sobre código seguro),FP,Verdadeiro Negativo (Acerto),14.17,"O alerta indica que a versão mínima do TLS deve ser definida como TLS 1.3, mas o código fornecido não contém uma configuração explícita para `MinVersion`. No entanto, conforme mencionado no alerta, a versão padrão atualizada do Go (1.22) já usa TLS 1.2 como a versão mínima. Como o código não desativa outras versões de TLS e não há indicação de necessidade específica para suporte a versões mais antigas, é provável que esta seja uma configuração adequada e segura.",7,especifica,baseline:597fcfa9,a81b6f5ca3a4f70c2cdbca1436fd138ccc84976ee981aa1726e3dff9ae4e4311,868,148,0.00000000,N/A,
d137a063:CWE-327:false_positive#6,lxc/incus,CWE-327,FP,ollama:qwen2.5-coder:7b,baseline,seguro,DETECTADO,Semgrep FP (ruído sobre código seguro),VP,Falso Positivo (Ruído Mantido),13.03,"O alerta é um VERDADEIRO POSITIVO (VP) porque o código não está configurando explicitamente a versão mínima do TLS como TLS 1.3, conforme recomendado pela ferramenta Semgrep e pela orientação da documentação oficial do Go. O código verifica se uma variável de ambiente `INCUS_INSECURE_TLS` é falsa ou vazia para definir a versão mínima do TLS como TLS 1.2, o que não atende à recomendação de usar TLS 1.3 por padrão em aplicativos web.",7,especifica,baseline:597fcfa9,a81b6f5ca3a4f70c2cdbca1436fd138ccc84976ee981aa1726e3dff9ae4e4311,474,139,0.00000000,N/A,
d137a063:CWE-338:false_positive,lxc/incus,CWE-338,FP,ollama:qwen2.5-coder:7b,baseline,seguro,DETECTADO,Semgrep FP (ruído sobre código seguro),VP,Falso Positivo (Ruído Mantido),13.53,"O alerta é um VERDADEIRO POSITIVO (VP) porque o código está usando a biblioteca `math/rand`, que não é segura para uso em aplicações que exigem segurança criptográfica. A ferramenta Semgrep corretoamente identificou que deve ser substituído por `crypto/rand` para garantir a segurança dos números aleatórios gerados.",9,especifica,baseline:597fcfa9,a81b6f5ca3a4f70c2cdbca1436fd138ccc84976ee981aa1726e3dff9ae4e4311,493,100,0.00000000,N/A,
d137a063:CWE-338:false_positive#1,lxc/incus,CWE-338,FP,ollama:qwen2.5-coder:7b,baseline,seguro,DETECTADO,Semgrep FP (ruído sobre código seguro),VP,Falso Positivo (Ruído Mantido),21.09,"O alerta indica que o código está usando a biblioteca `math/rand`, que é considerada insegura para uso em aplicações que exigem segurança criptográfica. A função `math/rand` não é segura contra ataques de predição e deve ser substituída por `crypto/rand` quando necessário.",9,especifica,baseline:597fcfa9,a81b6f5ca3a4f70c2cdbca1436fd138ccc84976ee981aa1726e3dff9ae4e4311,491,85,0.00000000,N/A,
d137a063:CWE-338:false_positive#2,lxc/incus,CWE-338,FP,ollama:qwen2.5-coder:7b,baseline,seguro,DETECTADO,Semgrep FP (ruído sobre código seguro),VP,Falso Positivo (Ruído Mantido),13.32,"O uso de `math/rand` em Go é considerado inseguro para geração de números aleatórios criptograficamente seguros. A ferramenta Semgrep alertou corretamente sobre o uso de `math/rand`, que não deve ser utilizado em contextos onde segurança é crítica, como geração de chaves, tokens ou valores aleatórios para fins de autenticação ou criptografia. Em vez disso, deve-se usar `crypto/rand` para garantir a segurança dos números gerados.",9,especifica,baseline:597fcfa9,a81b6f5ca3a4f70c2cdbca1436fd138ccc84976ee981aa1726e3dff9ae4e4311,469,125,0.00000000,N/A,
d137a063:CWE-338:false_positive#3,lxc/incus,CWE-338,FP,ollama:qwen2.5-coder:7b,baseline,seguro,DETECTADO,Semgrep FP (ruído sobre código seguro),VP,Falso Positivo (Ruído Mantido),12.30,"O alerta é um VERDADEIRO POSITIVO (VP) porque o código está usando a biblioteca `math/rand`, que não é segura para uso em aplicações que exigem segurança criptográfica. A ferramenta de análise estática corretoamente identificou que deve ser substituído por `crypto/rand`.",9,especifica,baseline:597fcfa9,a81b6f5ca3a4f70c2cdbca1436fd138ccc84976ee981aa1726e3dff9ae4e4311,502,90,0.00000000,N/A,
d137a063:CWE-338:false_positive#4,lxc/incus,CWE-338,FP,ollama:qwen2.5-coder:7b,baseline,seguro,DETECTADO,Semgrep FP (ruído sobre código seguro),FP,Verdadeiro Negativo (Acerto),14.95,"O alerta é um FALSO POSITIVO porque o código em questão não está utilizando a biblioteca `math/rand` diretamente. Em vez disso, ele usa a função `rand.Intn()` da biblioteca padrão do Go, que é segura para uso em ambientes de produção. A função `rand.Intn()` utiliza um gerador de números pseudoaleatórios baseado em uma semente inicializada com o tempo atual, garantindo que os números gerados sejam suficientemente aleatórios para a maioria dos usos práticos.",9,especifica,baseline:597fcfa9,a81b6f5ca3a4f70c2cdbca1436fd138ccc84976ee981aa1726e3dff9ae4e4311,565,136,0.00000000,N/A,
d137a063:CWE-338:false_positive#5,lxc/incus,CWE-338,FP,ollama:qwen2.5-coder:7b,baseline,seguro,DETECTADO,Semgrep FP (ruído sobre código seguro),VP,Falso Positivo (Ruído Mantido),12.77,"O uso de `math/rand` para geração de números aleatórios em um contexto que requer segurança é uma vulnerabilidade. A função `math/rand` não é criptograficamente segura, enquanto `crypto/rand` é projetada especificamente para esse propósito. O código deve ser modificado para usar `crypto/rand` para garantir a segurança dos dados gerados.",9,especifica,baseline:597fcfa9,a81b6f5ca3a4f70c2cdbca1436fd138ccc84976ee981aa1726e3dff9ae4e4311,508,94,0.00000000,N/A,
d137a063:CWE-338:false_positive#6,lxc/incus,CWE-338,FP,ollama:qwen2.5-coder:7b,baseline,seguro,DETECTADO,Semgrep FP (ruído sobre código seguro),FP,Verdadeiro Negativo (Acerto),13.72,"O alerta é um FALSO POSITIVO porque o código específico não está usando `math/rand`. Em vez disso, a linha 13 importa explicitamente `crypto/rand` e usa-o em várias partes do código. A mensagem de alerta sugere que qualquer uso de `math/rand` deve ser substituído por `crypto/rand`, mas neste caso específico, o código está usando corretamente `crypto/rand`. Portanto, não há uma vulnerabilidade real.",9,especifica,baseline:597fcfa9,a81b6f5ca3a4f70c2cdbca1436fd138ccc84976ee981aa1726e3dff9ae4e4311,573,117,0.00000000,N/A,
d137a063:CWE-338:false_positive#7,lxc/incus,CWE-338,FP,ollama:qwen2.5-coder:7b,baseline,seguro,DETECTADO,Semgrep FP (ruído sobre código seguro),FP,Verdadeiro Negativo (Acerto),13.23,"O alerta é um FALSO POSITIVO neste contexto. A função `math/rand` está sendo usada em um cenário onde a segurança não é uma prioridade crítica, pois ela gera números pseudoaleatórios que são suficientes para muitos casos de uso, como gerar IDs temporários ou valores aleatórios para fins estéticos. O código não envolve operações críticas que exigem alta segurança, então o uso de `math/rand` é aceitável e não constitui uma vulnerabilidade.",9,especifica,baseline:597fcfa9,a81b6f5ca3a4f70c2cdbca1436fd138ccc84976ee981aa1726e3dff9ae4e4311,478,129,0.00000000,N/A,
d137a063:CWE-338:false_positive#8,lxc/incus,CWE-338,FP,ollama:qwen2.5-coder:7b,baseline,seguro,DETECTADO,Semgrep FP (ruído sobre código seguro),VP,Falso Positivo (Ruído Mantido),12.52,"O alerta é um VERDADEIRO POSITIVO (VP) porque o código está usando a biblioteca `math/rand`, que é uma gerador de números aleatórios não criptográficos. A ferramenta Semgrep recomenda usar `crypto/rand` em vez disso, pois essa biblioteca é projetada para segurança e deve ser usada quando a aleatoriedade criptográfica é necessária.",9,especifica,baseline:597fcfa9,a81b6f5ca3a4f70c2cdbca1436fd138ccc84976ee981aa1726e3dff9ae4e4311,528,105,0.00000000,N/A,
d137a063:CWE-352:false_positive,lxc/incus,CWE-352,FP,ollama:qwen2.5-coder:7b,baseline,seguro,DETECTADO,Semgrep FP (ruído sobre código seguro),FP,Verdadeiro Negativo (Acerto),12.96,"O código não verifica o cabeçalho 'Origin' na requisição WebSocket, mas isso não constitui uma vulnerabilidade de Cross Site Request Forgery (CSRF) neste contexto. A função `ws.Upgrader.Upgrade` já garante que a conexão WebSocket é estabelecida apenas se a origem for confiável, conforme documentação do pacote 'gorilla/websocket'. O alerta pode ser um falso positivo.",6,especifica,baseline:597fcfa9,a81b6f5ca3a4f70c2cdbca1436fd138ccc84976ee981aa1726e3dff9ae4e4311,614,112,0.00000000,N/A,
d137a063:CWE-352:false_positive#1,lxc/incus,CWE-352,FP,ollama:qwen2.5-coder:7b,baseline,seguro,DETECTADO,Semgrep FP (ruído sobre código seguro),FP,Verdadeiro Negativo (Acerto),12.77,"O código fornecido não verifica o cabeçalho 'Origin' na requisição WebSocket, conforme sugerido pelo alerta. No entanto, a função `ws.Upgrader.Upgrade` já implementa uma verificação de origem padrão que garante que a conexão WebSocket é originada de um domínio confiável. Portanto, neste contexto específico, o alerta não identifica uma vulnerabilidade real.",6,especifica,baseline:597fcfa9,a81b6f5ca3a4f70c2cdbca1436fd138ccc84976ee981aa1726e3dff9ae4e4311,594,108,0.00000000,N/A,
d137a063:CWE-352:false_positive#2,lxc/incus,CWE-352,FP,ollama:qwen2.5-coder:7b,baseline,seguro,DETECTADO,Semgrep FP (ruído sobre código seguro),FP,Verdadeiro Negativo (Acerto),13.60,"O código não verifica o cabeçalho 'Origin' na requisição WebSocket, mas isso não constitui uma vulnerabilidade em si. O alerta é um falso positivo porque a verificação do cabeçalho 'Origin' é opcional e depende da implementação específica do aplicativo. No contexto fornecido, o código verifica outro parâmetro ('secret') antes de estabelecer a conexão WebSocket, o que já ajuda a mitigar riscos relacionados à autenticação.",6,especifica,baseline:597fcfa9,a81b6f5ca3a4f70c2cdbca1436fd138ccc84976ee981aa1726e3dff9ae4e4311,934,126,0.00000000,N/A,
d137a063:CWE-352:false_positive#3,lxc/incus,CWE-352,FP,ollama:qwen2.5-coder:7b,baseline,seguro,DETECTADO,Semgrep FP (ruído sobre código seguro),FP,Verdadeiro Negativo (Acerto),11.75,"O código não está verificando o cabeçalho Origin no handshake WebSocket, mas isso não constitui uma vulnerabilidade em si. A função `ws.Upgrader.Upgrade` já realiza a verificação do cabeçalho Origin internamente, conforme documentação da biblioteca 'gorilla/websocket'. Portanto, este alerta é um falso positivo.",6,especifica,baseline:597fcfa9,a81b6f5ca3a4f70c2cdbca1436fd138ccc84976ee981aa1726e3dff9ae4e4311,534,94,0.00000000,N/A,
d137a063:CWE-352:false_positive#4,lxc/incus,CWE-352,FP,ollama:qwen2.5-coder:7b,baseline,seguro,DETECTADO,Semgrep FP (ruído sobre código seguro),FP,Verdadeiro Negativo (Acerto),27.76,"O código fornecido não contém uma verificação explícita do cabeçalho 'Origin' no handshake de WebSocket. No entanto, a função `args.ControlSend(offerHeader)` e `args.ControlReceive(respHeader)` sugerem que o código está lidando com comunicação WebSocket, mas não há evidências diretas de que a verificação do cabeçalho 'Origin' esteja faltando ou inadequada. Além disso, a função `CheckOrigin` mencionada na documentação da biblioteca",6,especifica,baseline:597fcfa9,a81b6f5ca3a4f70c2cdbca1436fd138ccc84976ee981aa1726e3dff9ae4e4311,4442,131,0.00000000,N/A,
d137a063:CWE-352:false_positive#5,lxc/incus,CWE-352,FP,ollama:qwen2.5-coder:7b,baseline,seguro,DETECTADO,Semgrep FP (ruído sobre código seguro),FP,Verdadeiro Negativo (Acerto),12.27,"O código fornecido não implementa uma verificação de origem (Origin header) no handshake WebSocket. No entanto, a função `ws.Upgrader.Upgrade` já inclui uma verificação interna da origem do cliente contra o cabeçalho `Origin`. Portanto, este código não constitui uma vulnerabilidade real.",6,especifica,baseline:597fcfa9,a81b6f5ca3a4f70c2cdbca1436fd138ccc84976ee981aa1726e3dff9ae4e4311,431,88,0.00000000,N/A,
d137a063:CWE-470:false_positive,lxc/incus,CWE-470,FP,ollama:qwen2.5-coder:7b,baseline,seguro,DETECTADO,Semgrep FP (ruído sobre código seguro),FP,Verdadeiro Negativo (Acerto),13.86,"O alerta é um FALSO POSITIVO porque o código não está utilizando a função `reflect.ValueOf().MethodByName()` ou `reflect.ValueOf().FieldByName()`, que são os métodos potencialmente perigosos mencionados no alerta. Em vez disso, o código está usando uma abordagem mais segura para acessar campos e métodos de structs através do pacote `types`. A função `m.FieldByName(filter.Name)` é usada para obter um campo específico de uma struct, que não envolve reflexão dinâmica potencialmente perigosa.",2,especifica,baseline:597fcfa9,a81b6f5ca3a4f70c2cdbca1436fd138ccc84976ee981aa1726e3dff9ae4e4311,671,142,0.00000000,N/A,
d137a063:CWE-470:false_positive#1,lxc/incus,CWE-470,FP,ollama:qwen2.5-coder:7b,baseline,seguro,DETECTADO,Semgrep FP (ruído sobre código seguro),FP,Verdadeiro Negativo (Acerto),12.32,"O código utiliza `reflect.ValueOf(obj).Elem()` para obter o valor subjacente do objeto, garantindo que apenas campos exportados possam ser acessados. Além disso, a verificação de `v.FieldByName(fieldName).CanSet()` garante que apenas campos que podem ser modificados sejam alterados. Essas medidas mitigam significativamente o risco de ataque explotado pelo alerta.",2,especifica,baseline:597fcfa9,a81b6f5ca3a4f70c2cdbca1436fd138ccc84976ee981aa1726e3dff9ae4e4311,494,104,0.00000000,N/A,
d137a063:CWE-614:false_positive,lxc/incus,CWE-614,FP,ollama:qwen2.5-coder:7b,baseline,seguro,DETECTADO,Semgrep FP (ruído sobre código seguro),FP,Verdadeiro Negativo (Acerto),11.57,"O alerta indica que a cookie 'auth_token' não tem o sinalizador 'Secure' definido. No entanto, o código está sendo executado em um ambiente seguro (HTTPS), pois ele é parte de uma função `ServeHTTP` que lida com requisições HTTP e HTTPS. Portanto, não há risco de transmissão insegura da cookie.",1,especifica,baseline:597fcfa9,a81b6f5ca3a4f70c2cdbca1436fd138ccc84976ee981aa1726e3dff9ae4e4311,885,95,0.00000000,N/A,
d137a063:CWE-665:false_positive,lxc/incus,CWE-665,FP,ollama:qwen2.5-coder:7b,baseline,seguro,DETECTADO,Semgrep FP (ruído sobre código seguro),FP,Verdadeiro Negativo (Acerto),13.46,"O alerta indica que a variável `dev` pode ser modificada e usada posteriormente em caso de erro, o que poderia resultar em um desreferenciamento nulo (panic). No entanto, no contexto fornecido, isso não constitui uma vulnerabilidade real. A função retorna imediatamente com 'stop' se ocorrer um erro durante a verificação do dispositivo, evitando assim qualquer uso potencial de `dev` após sua modificação.",2,especifica,baseline:597fcfa9,a81b6f5ca3a4f70c2cdbca1436fd138ccc84976ee981aa1726e3dff9ae4e4311,592,118,0.00000000,N/A,
d137a063:CWE-665:false_positive#1,lxc/incus,CWE-665,FP,ollama:qwen2.5-coder:7b,baseline,seguro,DETECTADO,Semgrep FP (ruído sobre código seguro),FP,Verdadeiro Negativo (Acerto),35.85,"O alerta indica que a iteração ocorre sobre um mapa (`oldExpandedConfig`) que pode estar vazio. No entanto, no contexto fornecido, o código verifica explicitamente se `args.Config` é nulo e, em caso afirmativo, inicializa `oldExpandedConfig` como um mapa vazio. Portanto, a iteração sobre `oldExpandedConfig` não está vazia neste ponto do código.",2,especifica,baseline:597fcfa9,a81b6f5ca3a4f70c2cdbca1436fd138ccc84976ee981aa1726e3dff9ae4e4311,5987,105,0.00000000,N/A,
d137a063:CWE-667:false_positive,lxc/incus,CWE-667,FP,ollama:qwen2.5-coder:7b,baseline,seguro,DETECTADO,Semgrep FP (ruído sobre código seguro),FP,Verdadeiro Negativo (Acerto),18.43,"O alerta indica que o código está faltando um `unlock` do mutex `listenersLock` antes de retornar da função. No entanto, a linha `defer listenersUpdateLock.Unlock()` já garante que o `unlock` será chamado no final da função, mesmo em caso de retorno prematuro (como `return`). Portanto, este alerta é um falso positivo.",2,especifica,baseline:597fcfa9,a81b6f5ca3a4f70c2cdbca1436fd138ccc84976ee981aa1726e3dff9ae4e4311,1586,100,0.00000000,N/A,
d137a063:CWE-667:false_positive#1,lxc/incus,CWE-667,FP,ollama:qwen2.5-coder:7b,baseline,seguro,DETECTADO,Semgrep FP (ruído sobre código seguro),FP,Verdadeiro Negativo (Acerto),17.35,"O alerta é um FALSO POSITIVO porque o código contém uma sequência de operações de bloqueio e desbloqueio que garantem que cada chamada a `op.lock.Unlock()` seja seguida por outra chamada a `op.lock.Lock()`. Isso evita qualquer situação em que haja uma tentativa de desbloquear um mutex que não foi previamente bloqueado, o que levaria a um comportamento inesperado ou potencialmente perigoso. O código está projetado para garantir que cada operação crítica seja segura e correta.",2,especifica,baseline:597fcfa9,a81b6f5ca3a4f70c2cdbca1436fd138ccc84976ee981aa1726e3dff9ae4e4311,548,143,0.00000000,N/A,
d137a063:CWE-681:false_positive,lxc/incus,CWE-681,FP,ollama:qwen2.5-coder:7b,baseline,seguro,DETECTADO,Semgrep FP (ruído sobre código seguro),FP,Verdadeiro Negativo (Acerto),16.47,"O alerta é um FALSO POSITIVO porque o código está realizando uma conversão de tipo segura de `int32` para `int`. A função `strconv.Atoi` retorna um valor do tipo `int`, que pode ser armazenado em uma variável do tipo `int32` sem perda de informações, pois `int` é maior ou igual a `int32` na maioria das plataformas Go. Portanto, esta conversão não apresenta risco de desbordamento ou perda de sinal.",2,especifica,baseline:597fcfa9,a81b6f5ca3a4f70c2cdbca1436fd138ccc84976ee981aa1726e3dff9ae4e4311,1061,134,0.00000000,N/A,
d137a063:CWE-681:false_positive#1,lxc/incus,CWE-681,FP,ollama:qwen2.5-coder:7b,baseline,seguro,DETECTADO,Semgrep FP (ruído sobre código seguro),FP,Verdadeiro Negativo (Acerto),14.84,"O alerta é um FALSO POSITIVO porque a conversão de `int32` não representa uma vulnerabilidade em si. A função `strconv.Atoi` retorna um valor do tipo `int`, que é implicitamente convertido para `int32` ao atribuí-lo à variável `placeCount`. Esta conversão é segura e não apresenta riscos relacionados à assinatura de inteiros.",2,especifica,baseline:597fcfa9,a81b6f5ca3a4f70c2cdbca1436fd138ccc84976ee981aa1726e3dff9ae4e4311,675,107,0.00000000,N/A,
d137a063:CWE-79:false_positive,lxc/incus,CWE-79,FP,ollama:qwen2.5-coder:7b,baseline,seguro,DETECTADO,Semgrep FP (ruído sobre código seguro),FP,Verdadeiro Negativo (Acerto),15.40,"O alerta é um FALSO POSITIVO porque o código não está utilizando diretamente 'fmt.Fprint' para escrever diretamente no 'http.ResponseWriter'. Em vez disso, ele chama a função 'localUtil.WriteJSON', que provavelmente utiliza o pacote 'html/template' para evitar injeções de script (XSS). Além disso, quando o tipo de conteúdo é 'application/octet-stream', ele usa 'fmt.Fprint' apenas para escrever uma string, mas isso não ocorre diretamente no 'http.ResponseWriter'. O alerta pode estar incorretamente sinalizando um problema que não existe neste contexto.",14,especifica,baseline:597fcfa9,a81b6f5ca3a4f70c2cdbca1436fd138ccc84976ee981aa1726e3dff9ae4e4311,508,150,0.00000000,N/A,
d137a063:CWE-79:false_positive#1,lxc/incus,CWE-79,FP,ollama:qwen2.5-coder:7b,baseline,seguro,DETECTADO,Semgrep FP (ruído sobre código seguro),FP,Verdadeiro Negativo (Acerto),13.39,"O alerta é um FALSO POSITIVO neste contexto. O código não está diretamente escrevendo dados em 'http.ResponseWriter' sem escape HTML, o que seria uma vulnerabilidade XSS. Em vez disso, ele está usando a função `json.Marshal` para serializar estruturas de dados em JSON e depois escrever esses dados em formato JSON no corpo da resposta. Isso garante que os dados sejam adequadamente escapados, prevenindo ataques XSS.",14,especifica,baseline:597fcfa9,a81b6f5ca3a4f70c2cdbca1436fd138ccc84976ee981aa1726e3dff9ae4e4311,876,119,0.00000000,N/A,
d137a063:CWE-79:false_positive#2,lxc/incus,CWE-79,FP,ollama:qwen2.5-coder:7b,baseline,seguro,DETECTADO,Semgrep FP (ruído sobre código seguro),FP,Verdadeiro Negativo (Acerto),14.99,"O alerta é um FALSO POSITIVO porque o código não está diretamente escrevendo dados em 'http.ResponseWriter' sem escape HTML. Em vez disso, ele lê os dados de uma resposta HTTP e os retorna como uma resposta manual com 'Content-Type: text/plain'. Isso não expõe a aplicação a vulnerabilidades de Cross-Site Scripting (XSS) porque os dados são retornados em um formato simples de texto plano, sem serem inseridos diretamente no HTML da resposta.",14,especifica,baseline:597fcfa9,a81b6f5ca3a4f70c2cdbca1436fd138ccc84976ee981aa1726e3dff9ae4e4311,731,126,0.00000000,N/A,
d137a063:CWE-79:false_positive#3,lxc/incus,CWE-79,FP,ollama:qwen2.5-coder:7b,baseline,seguro,DETECTADO,Semgrep FP (ruído sobre código seguro),FP,Verdadeiro Negativo (Acerto),13.70,"O alerta é um FALSO POSITIVO porque o código não está envolvido em renderização de conteúdo gerado pelo usuário. O pacote `text/template` é usado aqui para processar e incluir caminhos de comando permitidos em um perfil AppArmor, que não envolve a renderização de conteúdo HTML ou qualquer outra entrada potencialmente insegura do usuário.",14,especifica,baseline:597fcfa9,a81b6f5ca3a4f70c2cdbca1436fd138ccc84976ee981aa1726e3dff9ae4e4311,549,98,0.00000000,N/A,
d137a063:CWE-79:false_positive#4,lxc/incus,CWE-79,FP,ollama:qwen2.5-coder:7b,baseline,seguro,DETECTADO,Semgrep FP (ruído sobre código seguro),FP,Verdadeiro Negativo (Acerto),13.43,"O alerta é um FALSO POSITIVO porque o código não está envolvido em renderização de conteúdo gerado pelo usuário. O pacote `text/template` é usado aqui para criar uma string de perfil AppArmor, que não envolve a renderização de HTML ou qualquer outro tipo de conteúdo gerado pelo usuário. Portanto, não há risco de Cross-Site Scripting (XSS) nesta parte do código.",14,especifica,baseline:597fcfa9,a81b6f5ca3a4f70c2cdbca1436fd138ccc84976ee981aa1726e3dff9ae4e4311,543,107,0.00000000,N/A,
d137a063:CWE-79:false_positive#5,lxc/incus,CWE-79,FP,ollama:qwen2.5-coder:7b,baseline,seguro,DETECTADO,Semgrep FP (ruído sobre código seguro),FP,Verdadeiro Negativo (Acerto),13.25,"O alerta é um FALSO POSITIVO neste contexto. O código não está envolvido em operações de renderização de conteúdo HTML gerado pelo usuário, então não há risco de Cross-Site Scripting (XSS). A ferramenta Semgrep está incorretamente sinalizando uma vulnerabilidade em um pacote que é usado para criar perfis AppArmor, não para renderizar conteúdo HTML.",14,especifica,baseline:597fcfa9,a81b6f5ca3a4f70c2cdbca1436fd138ccc84976ee981aa1726e3dff9ae4e4311,550,104,0.00000000,N/A,
d137a063:CWE-79:false_positive#6,lxc/incus,CWE-79,FP,ollama:qwen2.5-coder:7b,baseline,seguro,DETECTADO,Semgrep FP (ruído sobre código seguro),FP,Verdadeiro Negativo (Acerto),12.93,"O alerta é um FALSO POSITIVO porque o código não está envolvido em operações de renderização de conteúdo HTML gerado pelo usuário. O pacote `text/template` do Go é usado aqui para criar uma string de perfil AppArmor, que não contém elementos HTML ou conteúdo gerado pelo usuário que possa ser vulnerável a ataques XSS.",14,especifica,baseline:597fcfa9,a81b6f5ca3a4f70c2cdbca1436fd138ccc84976ee981aa1726e3dff9ae4e4311,571,94,0.00000000,N/A,
d137a063:CWE-79:false_positive#7,lxc/incus,CWE-79,FP,ollama:qwen2.5-coder:7b,baseline,seguro,DETECTADO,Semgrep FP (ruído sobre código seguro),FP,Verdadeiro Negativo (Acerto),13.08,"O alerta é um FALSO POSITIVO neste contexto. O código não está relacionado a web applications que renderizam conteúdo gerado pelo usuário, então não há risco de Cross-Site Scripting (XSS). A ferramenta Semgrep está incorretamente aplicando o alerta em um contexto onde não é relevante.",14,especifica,baseline:597fcfa9,a81b6f5ca3a4f70c2cdbca1436fd138ccc84976ee981aa1726e3dff9ae4e4311,563,89,0.00000000,N/A,
d137a063:CWE-79:false_positive#8,lxc/incus,CWE-79,FP,ollama:qwen2.5-coder:7b,baseline,seguro,DETECTADO,Semgrep FP (ruído sobre código seguro),FP,Verdadeiro Negativo (Acerto),13.49,"O alerta é um FALSO POSITIVO porque o código não está diretamente relacionado à renderização de conteúdo gerado pelo usuário. O pacote `text/template` é usado aqui para criar uma string de perfil AppArmor, que não envolve a renderização de conteúdo HTML ou qualquer outra entrada do usuário. Portanto, não há risco de Cross-Site Scripting (XSS) nesse contexto.",14,especifica,baseline:597fcfa9,a81b6f5ca3a4f70c2cdbca1436fd138ccc84976ee981aa1726e3dff9ae4e4311,570,104,0.00000000,N/A,
d137a063:CWE-79:false_positive#9,lxc/incus,CWE-79,FP,ollama:qwen2.5-coder:7b,baseline,seguro,DETECTADO,Semgrep FP (ruído sobre código seguro),FP,Verdadeiro Negativo (Acerto),13.55,"O alerta é um FALSO POSITIVO porque o código não está diretamente relacionado à renderização de conteúdo gerado pelo usuário. O `text/template` package neste contexto é usado para criar um modelo de perfil AppArmor, que não envolve a renderização de conteúdo HTML e, portanto, não apresenta risco de Cross-Site Scripting (XSS).",14,especifica,baseline:597fcfa9,a81b6f5ca3a4f70c2cdbca1436fd138ccc84976ee981aa1726e3dff9ae4e4311,588,97,0.00000000,N/A,
d137a063:CWE-79:false_positive#10,lxc/incus,CWE-79,FP,ollama:qwen2.5-coder:7b,baseline,seguro,DETECTADO,Semgrep FP (ruído sobre código seguro),FP,Verdadeiro Negativo (Acerto),14.60,"O alerta é um FALSO POSITIVO porque o código não está diretamente envolvido em renderizar conteúdo gerado pelo usuário. O pacote `text/template` é usado apenas para criar uma string de template, que é então passada para outro pacote (`github.com/lxc/incus/v6/internal/server/project`) para processamento e armazenamento. Não há evidências de que o conteúdo seja renderizado ou exibido diretamente ao usuário, portanto, não há risco de XSS.",14,especifica,baseline:597fcfa9,a81b6f5ca3a4f70c2cdbca1436fd138ccc84976ee981aa1726e3dff9ae4e4311,649,124,0.00000000,N/A,
d137a063:CWE-79:false_positive#11,lxc/incus,CWE-79,FP,ollama:qwen2.5-coder:7b,baseline,seguro,DETECTADO,Semgrep FP (ruído sobre código seguro),FP,Verdadeiro Negativo (Acerto),12.73,"O alerta é um FALSO POSITIVO porque o código está sendo usado para gerar uma zona DNS em formato de texto, não para renderizar conteúdo HTML que possa ser exibido no navegador. Portanto, não há risco de Cross-Site Scripting (XSS) nesse contexto.",14,especifica,baseline:597fcfa9,a81b6f5ca3a4f70c2cdbca1436fd138ccc84976ee981aa1726e3dff9ae4e4311,573,82,0.00000000,N/A,
d137a063:CWE-79:false_positive#12,lxc/incus,CWE-79,FP,ollama:qwen2.5-coder:7b,baseline,seguro,DETECTADO,Semgrep FP (ruído sobre código seguro),FP,Verdadeiro Negativo (Acerto),14.78,"O alerta é um FALSO POSITIVO neste contexto. A função `fmt.Fprint(w, r.content.(string))` está sendo usada dentro de uma condição que verifica se o tipo do conteúdo é 'application/octet-stream'. Neste caso específico, não há nenhuma entrada direta do usuário ou dados que possam ser manipulados para causar um ataque XSS. O uso de `fmt.Fprint` aqui é seguro porque os dados estão sendo enviados como binários e não como parte de uma resposta HTML.",14,especifica,baseline:597fcfa9,a81b6f5ca3a4f70c2cdbca1436fd138ccc84976ee981aa1726e3dff9ae4e4311,470,129,0.00000000,N/A,
d137a063:CWE-79:false_positive#13,lxc/incus,CWE-79,FP,ollama:qwen2.5-coder:7b,baseline,seguro,DETECTADO,Semgrep FP (ruído sobre código seguro),FP,Verdadeiro Negativo (Acerto),12.76,"O código não está diretamente escrevendo em 'http.ResponseWriter' sem escape HTML. Em vez disso, ele está serializando o objeto de erro para XML e escrevendo-o como uma resposta. O alerta é um falso positivo porque a função `xml.Marshal` já realiza a codificação necessária para evitar vulnerabilidades XSS.",14,especifica,baseline:597fcfa9,a81b6f5ca3a4f70c2cdbca1436fd138ccc84976ee981aa1726e3dff9ae4e4311,428,89,0.00000000,N/A,
d137a063:CWE-798:false_positive,lxc/incus,CWE-798,FP,ollama:qwen2.5-coder:7b,baseline,seguro,DETECTADO,Semgrep FP (ruído sobre código seguro),FP,Verdadeiro Negativo (Acerto),13.88,"O alerta é um FALSO POSITIVO porque o código não contém uma chave privada codificada diretamente. A função `GenerateTrustCertificate` está lidando com a decodificação de uma chave pública, não uma chave privada. Além disso, a chave pública é base64-encoded e armazenada em um certificado, que é um padrão seguro para o uso de chaves públicas.",1,fallback,baseline:597fcfa9,a81b6f5ca3a4f70c2cdbca1436fd138ccc84976ee981aa1726e3dff9ae4e4311,457,106,0.00000000,N/A,
d137a063:CWE-918:false_positive,lxc/incus,CWE-918,FP,ollama:qwen2.5-coder:7b,baseline,seguro,DETECTADO,Semgrep FP (ruído sobre código seguro),VP,Falso Positivo (Ruído Mantido),14.28,"O alerta é um VERDADEIRO POSITIVO (VP) porque o código permite que uma solicitação HTTP seja criada a partir de entrada do usuário (`r.URL.String()`), o que pode levar a uma vulnerabilidade de Injeção de URL (SSRF). O código não verifica se `domain` contém um endereço IP local ou loopback, permitindo que o usuário possa redirecionar solicitações para qualquer host remoto. Isso viola as práticas recomendadas do OWASP e pode resultar em expostura de dados sensíveis.",1,fallback,baseline:597fcfa9,a81b6f5ca3a4f70c2cdbca1436fd138ccc84976ee981aa1726e3dff9ae4e4311,775,140,0.00000000,N/A,
d137a063:CWE-94:false_positive,lxc/incus,CWE-94,FP,ollama:qwen2.5-coder:7b,baseline,seguro,DETECTADO,Semgrep FP (ruído sobre código seguro),FP,Verdadeiro Negativo (Acerto),19.09,"O código não executa comandos externos diretamente. Em vez disso, ele cria um processo filho usando `exec.Command` para executar o comando especificado em `s.command`. O alerta é uma falsa positiva porque não há evidências de que o código esteja vulnerável a injeção de comandos maliciosos.",16,especifica,baseline:597fcfa9,a81b6f5ca3a4f70c2cdbca1436fd138ccc84976ee981aa1726e3dff9ae4e4311,2378,91,0.00000000,N/A,
d137a063:CWE-94:false_positive#1,lxc/incus,CWE-94,FP,ollama:qwen2.5-coder:7b,baseline,seguro,DETECTADO,Semgrep FP (ruído sobre código seguro),FP,Verdadeiro Negativo (Acerto),16.92,"O alerta é um FALSO POSITIVO porque o código não executa comandos dinâmicos baseados em entradas de usuários. O comando 'convCmd' é definido dentro do código e não é construído a partir de dados fornecidos pelo usuário. Portanto, não há risco de injeção de código.",16,especifica,baseline:597fcfa9,a81b6f5ca3a4f70c2cdbca1436fd138ccc84976ee981aa1726e3dff9ae4e4311,1828,91,0.00000000,N/A,
d137a063:CWE-94:false_positive#2,lxc/incus,CWE-94,FP,ollama:qwen2.5-coder:7b,baseline,seguro,DETECTADO,Semgrep FP (ruído sobre código seguro),FP,Verdadeiro Negativo (Acerto),13.00,"O alerta é um FALSO POSITIVO porque o código não executa comandos dinâmicos baseados em entradas de usuários. A função `exec.Command` está sendo usada para iniciar processos como 'remote-viewer' ou 'spicy', mas esses são nomes de comando fixos e não são derivados de qualquer entrada do usuário. Portanto, não há risco de injeção de código.",16,especifica,baseline:597fcfa9,a81b6f5ca3a4f70c2cdbca1436fd138ccc84976ee981aa1726e3dff9ae4e4311,1360,109,0.00000000,N/A,
d137a063:CWE-94:false_positive#3,lxc/incus,CWE-94,FP,ollama:qwen2.5-coder:7b,baseline,seguro,DETECTADO,Semgrep FP (ruído sobre código seguro),FP,Verdadeiro Negativo (Acerto),16.07,"O código não executa comandos dinâmicos provenientes de usuários. A variável `sshfsPath` é uma string fixa que representa o caminho para o executável `sshfs`, e não contém dados inseridos pelo usuário. Portanto, não há risco de injeção de código.",16,especifica,baseline:597fcfa9,a81b6f5ca3a4f70c2cdbca1436fd138ccc84976ee981aa1726e3dff9ae4e4311,943,84,0.00000000,N/A,
d137a063:CWE-94:false_positive#4,lxc/incus,CWE-94,FP,ollama:qwen2.5-coder:7b,baseline,seguro,DETECTADO,Semgrep FP (ruído sobre código seguro),FP,Verdadeiro Negativo (Acerto),14.81,"O alerta é um FALSO POSITIVO porque o código não executa comandos dinâmicos fornecidos pelo usuário. A variável `editor` é determinada em tempo de execução, mas ela vem de variáveis de ambiente (`VISUAL` ou `EDITOR`) e uma lista predefinida de editores. Essas fontes são controladas pelo sistema operacional do usuário e não podem ser alteradas por um atacante para executar comandos arbitrários.",16,especifica,baseline:597fcfa9,a81b6f5ca3a4f70c2cdbca1436fd138ccc84976ee981aa1726e3dff9ae4e4311,802,122,0.00000000,N/A,
d137a063:CWE-94:false_positive#5,lxc/incus,CWE-94,FP,ollama:qwen2.5-coder:7b,baseline,seguro,DETECTADO,Semgrep FP (ruído sobre código seguro),FP,Verdadeiro Negativo (Acerto),26.22,"O código não executa comandos dinâmicos fornecidos pelo usuário. A variável `compress` é analisada usando `shellquote.Split`, que garante que os argumentos do comando sejam tratados como uma lista de strings separadas, evitando a interpretação como um comando shell completo. Além disso, o código verifica se o primeiro campo da lista (`fields[0]`) é 'squashfs' e trata esse caso de maneira específica, criando temporariamente um arquivo para armazenar os dados antes de compactá-los. Para outros casos, o código cria um comando `exec.Command` com argumentos fixos, garantindo que não haja a execução de comandos dinâmicos fornecidos pelo usuário.",16,especifica,baseline:597fcfa9,a81b6f5ca3a4f70c2cdbca1436fd138ccc84976ee981aa1726e3dff9ae4e4311,779,179,0.00000000,N/A,
d137a063:CWE-94:false_positive#6,lxc/incus,CWE-94,FP,ollama:qwen2.5-coder:7b,baseline,seguro,DETECTADO,Semgrep FP (ruído sobre código seguro),FP,Verdadeiro Negativo (Acerto),14.64,"O código não está executando comandos dinâmicos fornecidos pelo usuário. A variável `editor` é determinada a partir de variáveis de ambiente (`VISUAL` ou `EDITOR`) e uma lista predefinida de editores. Esses valores são então usados para construir o comando a ser executado, mas não há evidências de que esses valores sejam alterados pelo usuário em tempo de execução. Portanto, não há risco de injeção de código.",16,especifica,baseline:597fcfa9,a81b6f5ca3a4f70c2cdbca1436fd138ccc84976ee981aa1726e3dff9ae4e4311,797,123,0.00000000,N/A,
d137a063:CWE-94:false_positive#7,lxc/incus,CWE-94,FP,ollama:qwen2.5-coder:7b,baseline,seguro,DETECTADO,Semgrep FP (ruído sobre código seguro),FP,Verdadeiro Negativo (Acerto),15.99,"O código não está executando um comando externo diretamente. Em vez disso, ele cria uma instância de `exec.Command` com o valor da variável `iptablesCmd`, que é passada como argumento para a função `iptablesInUse`. Se essa variável for controlada pelo usuário, isso pode ser uma vulnerabilidade potencial para injeção de código. No entanto, no contexto fornecido, não há evidências de que o valor de `iptablesCmd` seja obtido do usuário ou possa ser alterado por ele. Portanto, este alerta é provavelmente um falso positivo.",16,especifica,baseline:597fcfa9,a81b6f5ca3a4f70c2cdbca1436fd138ccc84976ee981aa1726e3dff9ae4e4311,606,148,0.00000000,N/A,
d137a063:CWE-94:false_positive#8,lxc/incus,CWE-94,FP,ollama:qwen2.5-coder:7b,baseline,seguro,DETECTADO,Semgrep FP (ruído sobre código seguro),FP,Verdadeiro Negativo (Acerto),21.23,"O código não executa comandos externos diretamente. Em vez disso, ele cria um comando interno usando `exec.Cmd` para iniciar o servidor SFTP. O caminho do executável e os argumentos são definidos dentro do próprio código, não recebendo dados de entrada do usuário. Portanto, não há risco de injeção de código.",16,especifica,baseline:597fcfa9,a81b6f5ca3a4f70c2cdbca1436fd138ccc84976ee981aa1726e3dff9ae4e4311,1866,95,0.00000000,N/A,
d137a063:CWE-94:false_positive#9,lxc/incus,CWE-94,FP,ollama:qwen2.5-coder:7b,baseline,seguro,DETECTADO,Semgrep FP (ruído sobre código seguro),FP,Verdadeiro Negativo (Acerto),14.39,"O código não está executando comandos dinâmicos fornecidos pelo usuário. A função `runClientCommand` aceita argumentos adicionais (`extraArgs`) que são fixos no código e não vêm de uma fonte não confiável. Além disso, o contexto do comando é definido por variáveis internas da estrutura `AdminClient`, garantindo que os comandos executados sejam controlados pelo sistema em vez de serem fornecidos pelo usuário.",16,especifica,baseline:597fcfa9,a81b6f5ca3a4f70c2cdbca1436fd138ccc84976ee981aa1726e3dff9ae4e4311,453,120,0.00000000,N/A,
d137a063:CWE-94:false_positive#10,lxc/incus,CWE-94,FP,ollama:qwen2.5-coder:7b,baseline,seguro,DETECTADO,Semgrep FP (ruído sobre código seguro),FP,Verdadeiro Negativo (Acerto),13.74,"O código não executa comandos dinâmicos fornecidos pelo usuário. A função `isMinIOClient` verifica a existência de um binário chamado 'miniocli' ou 'minio-client', mas isso é feito em uma lista fixa de nomes possíveis, não em dados fornecidos pelo usuário. Portanto, não há risco de injeção de código.",16,especifica,baseline:597fcfa9,a81b6f5ca3a4f70c2cdbca1436fd138ccc84976ee981aa1726e3dff9ae4e4311,623,102,0.00000000,N/A,
d137a063:CWE-94:false_positive#11,lxc/incus,CWE-94,FP,ollama:qwen2.5-coder:7b,baseline,seguro,DETECTADO,Semgrep FP (ruído sobre código seguro),FP,Verdadeiro Negativo (Acerto),14.44,"O alerta é um FALSO POSITIVO porque o código não executa comandos dinâmicos fornecidos pelo usuário. A função `ExtractWithFds` aceita apenas uma lista de comandos permitidos (`allowedCmds`) e verifica se o comando a ser executado está nesta lista antes de prosseguir. Além disso, os argumentos do comando são passados como um slice fixo (`args []string`). Portanto, não há risco de injeção de código malicioso.",16,especifica,baseline:597fcfa9,a81b6f5ca3a4f70c2cdbca1436fd138ccc84976ee981aa1726e3dff9ae4e4311,501,128,0.00000000,N/A,
d137a063:CWE-94:false_positive#12,lxc/incus,CWE-94,FP,ollama:qwen2.5-coder:7b,baseline,seguro,DETECTADO,Semgrep FP (ruído sobre código seguro),FP,Verdadeiro Negativo (Acerto),12.64,"O código não executa comandos dinâmicos provenientes de usuários. A variável `tmpfile.Name()` é gerada internamente pelo próprio programa e não recebe entrada do usuário, tornando inseguro a execução de um comando arbitrário.",16,especifica,baseline:597fcfa9,a81b6f5ca3a4f70c2cdbca1436fd138ccc84976ee981aa1726e3dff9ae4e4311,521,71,0.00000000,N/A,
d137a063:CWE-94:false_positive#13,lxc/incus,CWE-94,FP,ollama:qwen2.5-coder:7b,baseline,seguro,DETECTADO,Semgrep FP (ruído sobre código seguro),FP,Verdadeiro Negativo (Acerto),13.73,"O código não está executando comandos dinâmicos provenientes de dados não verificados do usuário. A função `exec.CommandContext` é usada para criar um comando, mas os argumentos são definidos dentro da própria função e não são obtidos a partir de entradas externas que possam ser manipuladas por usuários maliciosos.",16,especifica,baseline:597fcfa9,a81b6f5ca3a4f70c2cdbca1436fd138ccc84976ee981aa1726e3dff9ae4e4311,814,91,0.00000000,N/A,
d137a063:CWE-94:false_positive#14,lxc/incus,CWE-94,FP,ollama:qwen2.5-coder:7b,baseline,seguro,DETECTADO,Semgrep FP (ruído sobre código seguro),FP,Verdadeiro Negativo (Acerto),12.55,"O código não está executando comandos dinâmicos fornecidos pelo usuário. A função `RunCommandSplit` aceita parâmetros `name` e `arg`, mas esses são definidos no código-fonte e não vêm de uma fonte externa ou do usuário. Portanto, não há risco de injeção de código.",16,especifica,baseline:597fcfa9,a81b6f5ca3a4f70c2cdbca1436fd138ccc84976ee981aa1726e3dff9ae4e4311,454,92,0.00000000,N/A,
d137a063:CWE-94:false_positive#15,lxc/incus,CWE-94,FP,ollama:qwen2.5-coder:7b,baseline,seguro,DETECTADO,Semgrep FP (ruído sobre código seguro),FP,Verdadeiro Negativo (Acerto),14.16,"O alerta é um FALSO POSITIVO porque o código verifica se a variável de ambiente BROWSER está definida e não vazia antes de executar o comando. Além disso, ele tem uma lógica para lidar com diferentes sistemas operacionais, garantindo que apenas comandos seguros sejam executados. A função OpenBrowser é projetada para abrir um navegador com uma URL fornecida, e não há evidências de que ela possa ser usada para executar comandos arbitrários ou scripts maliciosos.",16,especifica,baseline:597fcfa9,a81b6f5ca3a4f70c2cdbca1436fd138ccc84976ee981aa1726e3dff9ae4e4311,463,134,0.00000000,N/A,
175964b1:CWE-328:false_positive,navidrome/navidrome,CWE-328,FP,ollama:qwen2.5-coder:7b,baseline,seguro,DETECTADO,Semgrep FP (ruído sobre código seguro),VP,Falso Positivo (Ruído Mantido),11.91,"O uso do algoritmo MD5 para gerar hashes é considerado inseguro devido à sua vulnerabilidade a colisões. O alerta indica que o código está utilizando MD5, o que constitui uma vulnerabilidade real.",12,especifica,baseline:597fcfa9,a81b6f5ca3a4f70c2cdbca1436fd138ccc84976ee981aa1726e3dff9ae4e4311,433,67,0.00000000,N/A,
175964b1:CWE-328:false_positive#1,navidrome/navidrome,CWE-328,FP,ollama:qwen2.5-coder:7b,baseline,seguro,DETECTADO,Semgrep FP (ruído sobre código seguro),VP,Falso Positivo (Ruído Mantido),12.10,"O uso do algoritmo MD5 na linha 60 é uma vulnerabilidade real, pois MD5 não é seguro contra colisões. A ferramenta de análise estática corretamente alertou sobre isso.",12,especifica,baseline:597fcfa9,a81b6f5ca3a4f70c2cdbca1436fd138ccc84976ee981aa1726e3dff9ae4e4311,381,63,0.00000000,N/A,
175964b1:CWE-328:false_positive#2,navidrome/navidrome,CWE-328,FP,ollama:qwen2.5-coder:7b,baseline,seguro,DETECTADO,Semgrep FP (ruído sobre código seguro),VP,Falso Positivo (Ruído Mantido),12.83,O uso do algoritmo MD5 é considerado inseguro devido à sua falta de resistência contra colisões. A mensagem de alerta indica que MD5 não é adequado para ser usado como uma assinatura criptográfica e recomenda o uso de SHA256 ou SHA3 em seu lugar.,12,especifica,baseline:597fcfa9,a81b6f5ca3a4f70c2cdbca1436fd138ccc84976ee981aa1726e3dff9ae4e4311,362,86,0.00000000,N/A,
175964b1:CWE-328:false_positive#3,navidrome/navidrome,CWE-328,FP,ollama:qwen2.5-coder:7b,baseline,seguro,DETECTADO,Semgrep FP (ruído sobre código seguro),FP,Verdadeiro Negativo (Acerto),13.80,"O alerta é um FALSO POSITIVO porque o código não está usando MD5 diretamente para fins de assinatura criptográfica. Em vez disso, ele usa MD5 como parte de uma função personalizada que gera um identificador único a partir de dados de entrada. O uso de MD5 nesta função específica não constitui uma vulnerabilidade porque não é usado em contextos onde a segurança da assinatura criptográfica é crítica.",12,especifica,baseline:597fcfa9,a81b6f5ca3a4f70c2cdbca1436fd138ccc84976ee981aa1726e3dff9ae4e4311,384,114,0.00000000,N/A,
175964b1:CWE-328:false_positive#4,navidrome/navidrome,CWE-328,FP,ollama:qwen2.5-coder:7b,baseline,seguro,DETECTADO,Semgrep FP (ruído sobre código seguro),FP,Verdadeiro Negativo (Acerto),13.74,"O alerta é um FALSO POSITIVO porque o código não está usando diretamente a função MD5. Em vez disso, ele usa a função MD5 para calcular um hash de uma string formatada que contém outros hashes calculados por outra biblioteca (hashstructure). O uso do MD5 neste contexto específico não constitui uma vulnerabilidade, pois o hash é calculado sobre outras estruturas de dados e não diretamente sobre os dados brutos.",12,especifica,baseline:597fcfa9,a81b6f5ca3a4f70c2cdbca1436fd138ccc84976ee981aa1726e3dff9ae4e4311,394,114,0.00000000,N/A,
175964b1:CWE-328:false_positive#5,navidrome/navidrome,CWE-328,FP,ollama:qwen2.5-coder:7b,baseline,seguro,DETECTADO,Semgrep FP (ruído sobre código seguro),VP,Falso Positivo (Ruído Mantido),11.45,"O uso do algoritmo MD5 para gerar hashes é considerado inseguro devido à sua vulnerabilidade a colisões. Como o código está usando MD5 diretamente para criar um identificador, isso constitui uma vulnerabilidade real.",12,especifica,baseline:597fcfa9,a81b6f5ca3a4f70c2cdbca1436fd138ccc84976ee981aa1726e3dff9ae4e4311,328,69,0.00000000,N/A,
175964b1:CWE-328:false_positive#6,navidrome/navidrome,CWE-328,FP,ollama:qwen2.5-coder:7b,baseline,seguro,DETECTADO,Semgrep FP (ruído sobre código seguro),VP,Falso Positivo (Ruído Mantido),11.97,"O uso do algoritmo MD5 para hash é considerado inseguro devido à sua vulnerabilidade a colisões. O alerta indica que o código está utilizando MD5, o que constitui uma vulnerabilidade real.",12,especifica,baseline:597fcfa9,a81b6f5ca3a4f70c2cdbca1436fd138ccc84976ee981aa1726e3dff9ae4e4311,421,65,0.00000000,N/A,
175964b1:CWE-328:false_positive#7,navidrome/navidrome,CWE-328,FP,ollama:qwen2.5-coder:7b,baseline,seguro,DETECTADO,Semgrep FP (ruído sobre código seguro),VP,Falso Positivo (Ruído Mantido),11.79,"O uso do algoritmo MD5 para gerar hashes é considerado inseguro devido à sua vulnerabilidade a colisões. Como o código está utilizando MD5 diretamente para criar hashes, isso constitui uma vulnerabilidade real.",12,especifica,baseline:597fcfa9,a81b6f5ca3a4f70c2cdbca1436fd138ccc84976ee981aa1726e3dff9ae4e4311,360,67,0.00000000,N/A,
175964b1:CWE-328:false_positive#8,navidrome/navidrome,CWE-328,FP,ollama:qwen2.5-coder:7b,baseline,seguro,DETECTADO,Semgrep FP (ruído sobre código seguro),VP,Falso Positivo (Ruído Mantido),13.78,"O uso do algoritmo MD5 é considerado inseguro devido à sua falta de resistência a colisões. O código utiliza o MD5 para gerar um hash da ID do usuário, que será usado como parte de uma chave única. Como MD5 não é seguro para fins de autenticação ou integridade, isso constitui uma vulnerabilidade real.",12,especifica,baseline:597fcfa9,a81b6f5ca3a4f70c2cdbca1436fd138ccc84976ee981aa1726e3dff9ae4e4311,392,95,0.00000000,N/A,
175964b1:CWE-328:false_positive#9,navidrome/navidrome,CWE-328,FP,ollama:qwen2.5-coder:7b,baseline,seguro,DETECTADO,Semgrep FP (ruído sobre código seguro),FP,Verdadeiro Negativo (Acerto),16.01,"O uso do algoritmo MD5 em subsonicToken é parte de um processo de autenticação que não envolve a geração de assinaturas criptográficas. Em vez disso, ele é usado para criar um token único para cada usuário com base em sua senha e um sal (subsonicSalt). Este token é então codificado em hexadecimal e adicionado ao payload de autenticação. Como este uso do MD5 não envolve a geração de hashes para fins de segurança como assinaturas digitais, mas sim para criar identificadores únicos, ele não constitui uma vulnerabilidade.",12,especifica,baseline:597fcfa9,a81b6f5ca3a4f70c2cdbca1436fd138ccc84976ee981aa1726e3dff9ae4e4311,495,146,0.00000000,N/A,
175964b1:CWE-328:false_positive#10,navidrome/navidrome,CWE-328,FP,ollama:qwen2.5-coder:7b,baseline,seguro,DETECTADO,Semgrep FP (ruído sobre código seguro),VP,Falso Positivo (Ruído Mantido),15.16,"O uso do algoritmo MD5 para gerar o token em 't := fmt.Sprintf(""%x"", md5.Sum([]byte(user.Password+salt)))' é uma vulnerabilidade real. O MD5 não é considerado seguro devido à sua falta de resistência a colisões, o que significa que pode haver dois diferentes conjuntos de dados que produzem o mesmo hash. Isso torna o token gerado menos confiável e potencialmente suscetível a ataques.",12,especifica,baseline:597fcfa9,a81b6f5ca3a4f70c2cdbca1436fd138ccc84976ee981aa1726e3dff9ae4e4311,458,122,0.00000000,N/A,
175964b1:CWE-328:false_positive#11,navidrome/navidrome,CWE-328,FP,ollama:qwen2.5-coder:7b,baseline,seguro,DETECTADO,Semgrep FP (ruído sobre código seguro),VP,Falso Positivo (Ruído Mantido),14.38,"O uso do algoritmo SHA1 é considerado inseguro devido à sua vulnerabilidade a colisões. Embora o código esteja sendo usado para gerar hashes de chaves, a ferramenta alerta sobre o uso de SHA1 como uma prática recomendada para garantir a segurança dos dados.",12,especifica,baseline:597fcfa9,a81b6f5ca3a4f70c2cdbca1436fd138ccc84976ee981aa1726e3dff9ae4e4311,439,83,0.00000000,N/A,
175964b1:CWE-338:false_positive,navidrome/navidrome,CWE-338,FP,ollama:qwen2.5-coder:7b,baseline,seguro,DETECTADO,Semgrep FP (ruído sobre código seguro),FP,Verdadeiro Negativo (Acerto),17.59,"O alerta é um FALSO POSITIVO porque o código não está utilizando a função `math/rand` diretamente. Em vez disso, ele usa a função `rand.Intn()` para gerar números aleatórios em várias partes do código, como na função `NewQueue()`. Essa função é usada para inicializar um índice aleatório para a fila de reprodução. No contexto deste código, o uso da função `math/rand` não constitui uma vulnerabilidade de segurança porque os valores gerados são usados apenas internamente e não expostos ou utilizados em operações críticas que exigiriam criptografia segura.",1,especifica,baseline:597fcfa9,a81b6f5ca3a4f70c2cdbca1436fd138ccc84976ee981aa1726e3dff9ae4e4311,422,154,0.00000000,N/A,
175964b1:CWE-614:false_positive,navidrome/navidrome,CWE-614,FP,ollama:qwen2.5-coder:7b,baseline,seguro,DETECTADO,Semgrep FP (ruído sobre código seguro),VP,Falso Positivo (Ruído Mantido),14.97,"O alerta é um VERDADEIRO POSITIVO (VP) porque a cookie de sessão está sendo criada sem o sinalizador 'Secure'. Isso significa que a cookie pode ser transmitida via HTTP em vez de HTTPS, tornando-a vulnerável a ataques de interceptação. De acordo com as diretrizes de segurança da Web, é recomendável definir o sinalizador 'Secure' como 'true' para garantir que a cookie só seja enviada por conexões seguras.",1,especifica,baseline:597fcfa9,a81b6f5ca3a4f70c2cdbca1436fd138ccc84976ee981aa1726e3dff9ae4e4311,614,123,0.00000000,N/A,
175964b1:CWE-665:false_positive,navidrome/navidrome,CWE-665,FP,ollama:qwen2.5-coder:7b,baseline,seguro,DETECTADO,Semgrep FP (ruído sobre código seguro),FP,Verdadeiro Negativo (Acerto),15.24,"O alerta indica que a variável `req` pode ser modificada e usada posteriormente em caso de erro. No entanto, no contexto fornecido, isso não constitui uma vulnerabilidade real. A função `c.deserializeReq(key)` é chamada dentro do loader da cache, o que cria uma nova instância de `req`. Se houver um erro nessa chamada, a variável original `req` não será modificada e usada posteriormente. Além disso, há verificações adequadas para lidar com erros, como o registro de erros e a propagação do erro para quem chamou a função.",1,especifica,baseline:597fcfa9,a81b6f5ca3a4f70c2cdbca1436fd138ccc84976ee981aa1726e3dff9ae4e4311,534,152,0.00000000,N/A,
175964b1:CWE-79:false_positive,navidrome/navidrome,CWE-79,FP,ollama:qwen2.5-coder:7b,baseline,seguro,DETECTADO,Semgrep FP (ruído sobre código seguro),FP,Verdadeiro Negativo (Acerto),13.98,"O alerta é um FALSO POSITIVO neste contexto. O código não está escrevendo diretamente para o `http.ResponseWriter` sem escape HTML. Em vez disso, ele usa a função `http.ServeContent`, que lida corretamente com a codificação de caracteres e previne vulnerabilidades XSS.",12,especifica,baseline:597fcfa9,a81b6f5ca3a4f70c2cdbca1436fd138ccc84976ee981aa1726e3dff9ae4e4311,557,84,0.00000000,N/A,
175964b1:CWE-79:false_positive#1,navidrome/navidrome,CWE-79,FP,ollama:qwen2.5-coder:7b,baseline,seguro,DETECTADO,Semgrep FP (ruído sobre código seguro),FP,Verdadeiro Negativo (Acerto),13.07,"O código não está diretamente escrevendo dados em 'http.ResponseWriter' sem aplicar escape HTML. Ele está decodificando uma imagem base64 e a escrevendo como conteúdo de resposta, o que não exponha o sistema a vulnerabilidades XSS.",12,especifica,baseline:597fcfa9,a81b6f5ca3a4f70c2cdbca1436fd138ccc84976ee981aa1726e3dff9ae4e4311,367,73,0.00000000,N/A,
175964b1:CWE-79:false_positive#2,navidrome/navidrome,CWE-79,FP,ollama:qwen2.5-coder:7b,baseline,seguro,DETECTADO,Semgrep FP (ruído sobre código seguro),FP,Verdadeiro Negativo (Acerto),15.28,"O alerta é um FALSO POSITIVO porque o código não está escrevendo diretamente para a resposta HTTP. Em vez disso, ele está serializando os dados em JSON usando `json.Marshal` e enviando a resposta como uma string de texto plano com o cabeçalho 'Content-Type' definido como 'application/json'. Isso garante que qualquer dado potencialmente perigoso seja adequadamente escapado pelo mecanismo de codificação JSON, prevenindo vulnerabilidades XSS.",12,especifica,baseline:597fcfa9,a81b6f5ca3a4f70c2cdbca1436fd138ccc84976ee981aa1726e3dff9ae4e4311,614,125,0.00000000,N/A,
175964b1:CWE-79:false_positive#3,navidrome/navidrome,CWE-79,FP,ollama:qwen2.5-coder:7b,baseline,seguro,DETECTADO,Semgrep FP (ruído sobre código seguro),FP,Verdadeiro Negativo (Acerto),14.78,"O alerta é um FALSO POSITIVO neste contexto. A função `/keepalive/*` e `/insights/*` não estão diretamente escrevendo dados em `http.ResponseWriter` sem qualquer processamento de escape HTML. Elas simplesmente retornam JSON formatado, que não está sujeito a ataques de Cross-Site Scripting (XSS) se os dados retornados não contiverem entrada do usuário não confiável.",12,especifica,baseline:597fcfa9,a81b6f5ca3a4f70c2cdbca1436fd138ccc84976ee981aa1726e3dff9ae4e4311,794,111,0.00000000,N/A,
175964b1:CWE-79:false_positive#4,navidrome/navidrome,CWE-79,FP,ollama:qwen2.5-coder:7b,baseline,seguro,DETECTADO,Semgrep FP (ruído sobre código seguro),FP,Verdadeiro Negativo (Acerto),14.12,"O código não está diretamente escrevendo dados em 'http.ResponseWriter' sem qualquer tipo de processamento HTML. Em vez disso, ele está convertendo os dados para um formato M3U8 e enviando-os como uma resposta HTTP. Isso não expõe o aplicativo a vulnerabilidades XSS porque os dados estão sendo tratados adequadamente antes de serem enviados.",12,especifica,baseline:597fcfa9,a81b6f5ca3a4f70c2cdbca1436fd138ccc84976ee981aa1726e3dff9ae4e4311,476,98,0.00000000,N/A,
175964b1:CWE-79:false_positive#5,navidrome/navidrome,CWE-79,FP,ollama:qwen2.5-coder:7b,baseline,seguro,DETECTADO,Semgrep FP (ruído sobre código seguro),FP,Verdadeiro Negativo (Acerto),15.28,"O código não está diretamente escrevendo em 'http.ResponseWriter' sem escape HTML. Em vez disso, ele usa a função `w.Write([]byte(s.ToM3U8()))`, que envia os dados como uma resposta HTTP sem qualquer manipulação adicional de escape. O alerta é um falso positivo porque não há evidências de vulnerabilidade XSS neste contexto.",12,especifica,baseline:597fcfa9,a81b6f5ca3a4f70c2cdbca1436fd138ccc84976ee981aa1726e3dff9ae4e4311,463,96,0.00000000,N/A,
175964b1:CWE-79:false_positive#6,navidrome/navidrome,CWE-79,FP,ollama:qwen2.5-coder:7b,baseline,seguro,DETECTADO,Semgrep FP (ruído sobre código seguro),FP,Verdadeiro Negativo (Acerto),14.02,"O código não está diretamente escrevendo para o `http.ResponseWriter` sem escape HTML. Em vez disso, ele usa a biblioteca `encoding/json` para serializar os dados em JSON, que já é uma forma de escape adequada contra XSS (Cross-Site Scripting). Além disso, o código verifica se ocorreu um erro durante a serialização e envia uma resposta de erro apropriada. Portanto, este alerta não constitui uma vulnerabilidade real.",12,especifica,baseline:597fcfa9,a81b6f5ca3a4f70c2cdbca1436fd138ccc84976ee981aa1726e3dff9ae4e4311,715,117,0.00000000,N/A,
175964b1:CWE-94:false_positive,navidrome/navidrome,CWE-94,FP,ollama:qwen2.5-coder:7b,baseline,seguro,DETECTADO,Semgrep FP (ruído sobre código seguro),FP,Verdadeiro Negativo (Acerto),14.21,"O alerta é um FALSO POSITIVO porque o código não executa comandos externos diretamente. Em vez disso, ele cria uma lista de argumentos (`args`) que são passados para `exec.CommandContext`. O comando real a ser executado é definido pelo primeiro elemento da lista (`args[0]`), mas os argumentos adicionais (`args[1:]...`) são especificados separadamente. Isso impede que comandos maliciosos sejam injetados, pois o código não executa uma única string como comando.",3,especifica,baseline:597fcfa9,a81b6f5ca3a4f70c2cdbca1436fd138ccc84976ee981aa1726e3dff9ae4e4311,413,137,0.00000000,N/A,
175964b1:CWE-94:false_positive#1,navidrome/navidrome,CWE-94,FP,ollama:qwen2.5-coder:7b,baseline,seguro,DETECTADO,Semgrep FP (ruído sobre código seguro),FP,Verdadeiro Negativo (Acerto),12.89,"O código utiliza `exec.CommandContext` com argumentos estáticos (`j.args[0]`, `j.args[1:]...`). A ferramenta de análise estática alerta sobre a possibilidade de uma injeção de código, mas neste caso específico, os argumentos são fornecidos por um método interno da estrutura `Executor` e não recebidos diretamente do usuário. Portanto, não há risco de injeção de código nessa implementação.",3,especifica,baseline:597fcfa9,a81b6f5ca3a4f70c2cdbca1436fd138ccc84976ee981aa1726e3dff9ae4e4311,420,119,0.00000000,N/A,
175964b1:CWE-94:false_positive#2,navidrome/navidrome,CWE-94,FP,ollama:qwen2.5-coder:7b,baseline,seguro,DETECTADO,Semgrep FP (ruído sobre código seguro),FP,Verdadeiro Negativo (Acerto),12.89,"O alerta é um FALSO POSITIVO porque o comando 'exe' é obtido através de uma chamada estática a `os.Executable()`, que retorna sempre o caminho do executável atual. Não há nenhuma entrada de usuário envolvida neste comando, então não há risco de injeção de código malicioso.",3,especifica,baseline:597fcfa9,a81b6f5ca3a4f70c2cdbca1436fd138ccc84976ee981aa1726e3dff9ae4e4311,621,91,0.00000000,N/A,
f4b33b64:CWE-1004:false_positive,oauth2-proxy/oauth2-proxy,CWE-1004,FP,ollama:qwen2.5-coder:7b,baseline,seguro,DETECTADO,Semgrep FP (ruído sobre código seguro),VP,Falso Positivo (Ruído Mantido),13.93,"O alerta é um VERDADEIRO POSITIVO (VP) porque a função MakeCookieFromOptions cria cookies sem definir o sinalizador 'HttpOnly'. A ausência do 'HttpOnly' pode permitir que scripts cliente leiam o cookie, o que aumenta o risco de ataques XSS. O código deve ser modificado para garantir que o 'HttpOnly' seja sempre verdadeiro quando a opção for fornecida.",3,especifica,baseline:597fcfa9,a81b6f5ca3a4f70c2cdbca1436fd138ccc84976ee981aa1726e3dff9ae4e4311,578,111,0.00000000,N/A,
f4b33b64:CWE-1004:false_positive#1,oauth2-proxy/oauth2-proxy,CWE-1004,FP,ollama:qwen2.5-coder:7b,baseline,seguro,DETECTADO,Semgrep FP (ruído sobre código seguro),FP,Verdadeiro Negativo (Acerto),11.97,"O código está simplesmente copiando um cookie existente sem modificar suas propriedades. A ausência do 'HttpOnly' flag no novo cookie não constitui uma vulnerabilidade, pois o original já tem o 'HttpOnly' setado para 'true'.",3,especifica,baseline:597fcfa9,a81b6f5ca3a4f70c2cdbca1436fd138ccc84976ee981aa1726e3dff9ae4e4311,459,72,0.00000000,N/A,
f4b33b64:CWE-1004:false_positive#2,oauth2-proxy/oauth2-proxy,CWE-1004,FP,ollama:qwen2.5-coder:7b,baseline,seguro,DETECTADO,Semgrep FP (ruído sobre código seguro),FP,Verdadeiro Negativo (Acerto),13.82,"O alerta é um FALSO POSITIVO porque o código fornecido não está criando nem manipulando cookies. A função `validateCookieName` apenas valida o nome de um cookie, verificando se ele está vazio ou ultrapassa os 256 caracteres. Ela não configura ou retorna cookies, então não há risco de falta do sinalizador 'HttpOnly' em um cookie.",3,especifica,baseline:597fcfa9,a81b6f5ca3a4f70c2cdbca1436fd138ccc84976ee981aa1726e3dff9ae4e4311,434,106,0.00000000,N/A,
f4b33b64:CWE-115:false_positive,oauth2-proxy/oauth2-proxy,CWE-115,FP,ollama:qwen2.5-coder:7b,baseline,seguro,DETECTADO,Semgrep FP (ruído sobre código seguro),FP,Verdadeiro Negativo (Acerto),12.42,"O alerta é um FALSO POSITIVO porque o código está usando ReverseProxy.Rewrite em vez de ReverseProxy.Director. A função setProxyUpstreamHostHeader está corretamente utilizando ReverseProxy.Director para modificar a requisição antes de encaminhá-la ao servidor upstream, e não há evidências de que isso possa remover cabeçalhos adicionados pelo Director.",1,especifica,baseline:597fcfa9,a81b6f5ca3a4f70c2cdbca1436fd138ccc84976ee981aa1726e3dff9ae4e4311,341,100,0.00000000,N/A,
f4b33b64:CWE-319:false_positive,oauth2-proxy/oauth2-proxy,CWE-319,FP,ollama:qwen2.5-coder:7b,baseline,seguro,DETECTADO,Semgrep FP (ruído sobre código seguro),FP,Verdadeiro Negativo (Acerto),14.04,"O código não desabilita a verificação de TLS/SSL globalmente, mas sim em uma condição específica (`o.SSLInsecureSkipVerify`). Além disso, o alerta menciona que essa opção deve ser usada apenas para fins de depuração e não constitui uma vulnerabilidade real neste contexto.",1,especifica,baseline:597fcfa9,a81b6f5ca3a4f70c2cdbca1436fd138ccc84976ee981aa1726e3dff9ae4e4311,1153,84,0.00000000,N/A,
f4b33b64:CWE-327:false_positive,oauth2-proxy/oauth2-proxy,CWE-327,FP,ollama:qwen2.5-coder:7b,baseline,seguro,DETECTADO,Semgrep FP (ruído sobre código seguro),FP,Verdadeiro Negativo (Acerto),13.58,"O alerta indica que a configuração TLS não especifica uma versão mínima de SSL/TLS. No entanto, o código fornece um caminho alternativo para configurar a versão mínima como TLS 1.3, utilizando `opt.TLSConfig.MinVersion = tls.VersionTLS13`. Portanto, embora o alerta seja acionado, ele não constitui uma vulnerabilidade real neste contexto.",2,especifica,baseline:597fcfa9,a81b6f5ca3a4f70c2cdbca1436fd138ccc84976ee981aa1726e3dff9ae4e4311,679,108,0.00000000,N/A,
f4b33b64:CWE-327:false_positive#1,oauth2-proxy/oauth2-proxy,CWE-327,FP,ollama:qwen2.5-coder:7b,baseline,seguro,DETECTADO,Semgrep FP (ruído sobre código seguro),FP,Verdadeiro Negativo (Acerto),13.69,"O alerta indica que a versão mínima do TLS deve ser definida como TLS 1.3, mas o código fornecido já configura explicitamente `MinVersion: tls.VersionTLS12`. Portanto, não há uma vulnerabilidade real nesse contexto.",2,especifica,baseline:597fcfa9,a81b6f5ca3a4f70c2cdbca1436fd138ccc84976ee981aa1726e3dff9ae4e4311,1244,74,0.00000000,N/A,
f4b33b64:CWE-328:false_positive,oauth2-proxy/oauth2-proxy,CWE-328,FP,ollama:qwen2.5-coder:7b,baseline,seguro,DETECTADO,Semgrep FP (ruído sobre código seguro),VP,Falso Positivo (Ruído Mantido),12.20,"O código utiliza o algoritmo SHA1 para validar senhas, que é considerado inseguro devido à sua vulnerabilidade a colisões. A ferramenta Semgrep corretoamente alerta sobre este uso inadequado.",1,especifica,baseline:597fcfa9,a81b6f5ca3a4f70c2cdbca1436fd138ccc84976ee981aa1726e3dff9ae4e4311,457,67,0.00000000,N/A,
f4b33b64:CWE-601:false_positive,oauth2-proxy/oauth2-proxy,CWE-601,FP,ollama:qwen2.5-coder:7b,baseline,seguro,DETECTADO,Semgrep FP (ruído sobre código seguro),VP,Falso Positivo (Ruído Mantido),16.34,"O alerta indica que a URL de redirecionamento é baseada em entrada do usuário (`appRedirect`). Se essa entrada não for corretamente validada, pode levar a uma vulnerabilidade de redirecionamento aberto (open redirect), permitindo que os atacantes redirecione os usuários para sites maliciosos. O código deve incluir verificações adequadas para garantir que `appRedirect` esteja em um domínio permitido.",3,especifica,baseline:597fcfa9,a81b6f5ca3a4f70c2cdbca1436fd138ccc84976ee981aa1726e3dff9ae4e4311,1263,116,0.00000000,N/A,
f4b33b64:CWE-601:false_positive#1,oauth2-proxy/oauth2-proxy,CWE-601,FP,ollama:qwen2.5-coder:7b,baseline,seguro,DETECTADO,Semgrep FP (ruído sobre código seguro),VP,Falso Positivo (Ruído Mantido),14.06,"O código está utilizando a entrada do usuário (`req.URL.String()`) para construir uma URL de redirecionamento. Isso pode levar a um ataque de redirecionamento aberto, onde um invasor pode fazer com que os usuários sejam redirecionados para sites maliciosos. A ferramenta Semgrep alertou corretamente sobre isso e recomenda seguir práticas recomendadas da OWASP para restringir o URL a domínios em uma lista de permissão.",3,especifica,baseline:597fcfa9,a81b6f5ca3a4f70c2cdbca1436fd138ccc84976ee981aa1726e3dff9ae4e4311,649,124,0.00000000,N/A,
f4b33b64:CWE-601:false_positive#2,oauth2-proxy/oauth2-proxy,CWE-601,FP,ollama:qwen2.5-coder:7b,baseline,seguro,DETECTADO,Semgrep FP (ruído sobre código seguro),FP,Verdadeiro Negativo (Acerto),12.64,"O código não está criando uma URL de redirecionamento a partir do usuário. Em vez disso, ele está adicionando um caractere '/' ao final da URL atual e então redirecionando para essa nova URL. Isso não constitui uma vulnerabilidade de redirecionamento aberto porque o redirecionamento é sempre para uma URL dentro do domínio atual.",3,especifica,baseline:597fcfa9,a81b6f5ca3a4f70c2cdbca1436fd138ccc84976ee981aa1726e3dff9ae4e4311,520,97,0.00000000,N/A,
f4b33b64:CWE-614:false_positive,oauth2-proxy/oauth2-proxy,CWE-614,FP,ollama:qwen2.5-coder:7b,baseline,seguro,DETECTADO,Semgrep FP (ruído sobre código seguro),FP,Verdadeiro Negativo (Acerto),12.62,"O alerta é um FALSO POSITIVO porque o código já está configurando a flag 'Secure' para o cookie. A linha que configura essa flag é `Secure: opts.Secure,`, onde `opts.Secure` é provavelmente uma variável booleana definida em algum lugar no código que indica se a flag Secure deve ser ativada ou não.",3,especifica,baseline:597fcfa9,a81b6f5ca3a4f70c2cdbca1436fd138ccc84976ee981aa1726e3dff9ae4e4311,566,95,0.00000000,N/A,
f4b33b64:CWE-614:false_positive#1,oauth2-proxy/oauth2-proxy,CWE-614,FP,ollama:qwen2.5-coder:7b,baseline,seguro,DETECTADO,Semgrep FP (ruído sobre código seguro),FP,Verdadeiro Negativo (Acerto),11.31,"O código está simplesmente copiando as propriedades de um cookie existente para outro. Não há nenhuma operação que altere ou ignore a flag 'Secure'. Portanto, não há risco de uma vulnerabilidade de segurança.",3,especifica,baseline:597fcfa9,a81b6f5ca3a4f70c2cdbca1436fd138ccc84976ee981aa1726e3dff9ae4e4311,447,68,0.00000000,N/A,
f4b33b64:CWE-614:false_positive#2,oauth2-proxy/oauth2-proxy,CWE-614,FP,ollama:qwen2.5-coder:7b,baseline,seguro,DETECTADO,Semgrep FP (ruído sobre código seguro),FP,Verdadeiro Negativo (Acerto),12.89,"O alerta é um FALSO POSITIVO porque o código fornecido não está criando nem manipulando cookies. A função `validateCookieName` apenas valida o nome de um cookie, verificando se ele está vazio ou ultrapassa os limites de caracteres permitidos. Ela não configura nenhuma opção para cookies, incluindo a flag 'Secure'. Portanto, não há risco de segurança associado à ausência da flag 'Secure' neste contexto.",3,especifica,baseline:597fcfa9,a81b6f5ca3a4f70c2cdbca1436fd138ccc84976ee981aa1726e3dff9ae4e4311,422,122,0.00000000,N/A,
f4b33b64:CWE-79:false_positive,oauth2-proxy/oauth2-proxy,CWE-79,FP,ollama:qwen2.5-coder:7b,baseline,seguro,DETECTADO,Semgrep FP (ruído sobre código seguro),FP,Verdadeiro Negativo (Acerto),13.56,"O alerta é um FALSO POSITIVO porque o código não está utilizando a função `template.HTML()` diretamente. Em vez disso, ele está passando uma variável (`e.footer`) para a função `template.Execute()`, que é responsável por escapar automaticamente os conteúdos do template. Além disso, o alerta menciona que 'We allow unescaped template.HTML since it is user configured options', indicando que esta é uma configuração aceitável no contexto deste código.",6,especifica,baseline:597fcfa9,a81b6f5ca3a4f70c2cdbca1436fd138ccc84976ee981aa1726e3dff9ae4e4311,569,123,0.00000000,N/A,
f4b33b64:CWE-79:false_positive#1,oauth2-proxy/oauth2-proxy,CWE-79,FP,ollama:qwen2.5-coder:7b,baseline,seguro,DETECTADO,Semgrep FP (ruído sobre código seguro),FP,Verdadeiro Negativo (Acerto),12.14,"O código não está diretamente escrevendo em 'http.ResponseWriter' sem escape HTML. Em vez disso, ele usa a função `fmt.Sprintf` para formatar uma mensagem de erro e então escreve essa mensagem formatada no `ResponseWriter`. Este método não expõe o código à vulnerabilidade XSS porque a string formatada é escrita diretamente como texto plano, não como conteúdo HTML.",6,especifica,baseline:597fcfa9,a81b6f5ca3a4f70c2cdbca1436fd138ccc84976ee981aa1726e3dff9ae4e4311,408,99,0.00000000,N/A,
f4b33b64:CWE-79:false_positive#2,oauth2-proxy/oauth2-proxy,CWE-79,FP,ollama:qwen2.5-coder:7b,baseline,seguro,DETECTADO,Semgrep FP (ruído sobre código seguro),FP,Verdadeiro Negativo (Acerto),11.86,"O código utiliza 'template.HTML()' para garantir que o conteúdo seja renderizado como HTML, evitando a injeção de scripts. O alerta é um falso positivo porque não há evidências de que o conteúdo passado para 'template.HTML()' possa ser controlado pelo usuário.",6,especifica,baseline:597fcfa9,a81b6f5ca3a4f70c2cdbca1436fd138ccc84976ee981aa1726e3dff9ae4e4311,684,79,0.00000000,N/A,
f4b33b64:CWE-79:false_positive#3,oauth2-proxy/oauth2-proxy,CWE-79,FP,ollama:qwen2.5-coder:7b,baseline,seguro,DETECTADO,Semgrep FP (ruído sobre código seguro),FP,Verdadeiro Negativo (Acerto),12.80,"O código não está diretamente escrevendo em 'http.ResponseWriter' sem escape HTML. Em vez disso, ele usa uma função chamada 'getPage', que provavelmente retorna conteúdo seguro ou já escapado. Além disso, o erro é registrado e uma página de erro é escrita usando um método específico para isso, garantindo que qualquer conteúdo potencialmente perigoso seja tratado adequadamente.",6,especifica,baseline:597fcfa9,a81b6f5ca3a4f70c2cdbca1436fd138ccc84976ee981aa1726e3dff9ae4e4311,428,102,0.00000000,N/A,
f4b33b64:CWE-79:false_positive#4,oauth2-proxy/oauth2-proxy,CWE-79,FP,ollama:qwen2.5-coder:7b,baseline,seguro,DETECTADO,Semgrep FP (ruído sobre código seguro),FP,Verdadeiro Negativo (Acerto),13.65,"O alerta é um FALSO POSITIVO neste contexto. O código em questão não está diretamente envolvido na renderização de conteúdo gerado pelo usuário, nem em operações que possam levar a vulnerabilidades XSS. A função `text/template` é usada para processar templates de texto, mas não para renderizar conteúdo HTML diretomente. Portanto, o uso da `text/template` neste caso não constitui uma vulnerabilidade XSS.",6,especifica,baseline:597fcfa9,a81b6f5ca3a4f70c2cdbca1436fd138ccc84976ee981aa1726e3dff9ae4e4311,710,114,0.00000000,N/A,
f4b33b64:CWE-79:false_positive#5,oauth2-proxy/oauth2-proxy,CWE-79,FP,ollama:qwen2.5-coder:7b,baseline,seguro,DETECTADO,Semgrep FP (ruído sobre código seguro),FP,Verdadeiro Negativo (Acerto),13.34,"O alerta é um FALSO POSITIVO porque o código está usando `fmt.Fprintf` para enviar uma mensagem de erro ou sucesso, mas não está diretamente escrevendo dados fornecidos pelo usuário. A função `fmt.Fprintf` é segura contra injeção de scripts XSS porque ela não interpreta a string como HTML. O uso do pacote `html/template` seria mais adequado se o código estivesse renderizando conteúdo que pode conter tags HTML, mas neste caso específico, não há risco de XSS.",6,especifica,baseline:597fcfa9,a81b6f5ca3a4f70c2cdbca1436fd138ccc84976ee981aa1726e3dff9ae4e4311,438,128,0.00000000,N/A,
5693c58a:CWE-319:false_positive,osrg/gobgp,CWE-319,FP,ollama:qwen2.5-coder:7b,baseline,seguro,DETECTADO,Semgrep FP (ruído sobre código seguro),FP,Verdadeiro Negativo (Acerto),17.03,"O alerta é um FALSO POSITIVO porque o código em questão não está configurado para iniciar um servidor HTTP sem TLS. A função `http.ListenAndServe` é chamada dentro de uma condição que verifica se a porta do pprof (globalOpts.PprofPort) é maior que 0. Se essa condição for falsa, o servidor HTTP será iniciado com TLS através da função `http.ListenAndServeTLS`. Portanto, não há risco de um servidor HTTP sem TLS neste código.",2,especifica,baseline:597fcfa9,a81b6f5ca3a4f70c2cdbca1436fd138ccc84976ee981aa1726e3dff9ae4e4311,1117,122,0.00000000,N/A,
5693c58a:CWE-319:false_positive#1,osrg/gobgp,CWE-319,FP,ollama:qwen2.5-coder:7b,baseline,seguro,DETECTADO,Semgrep FP (ruído sobre código seguro),FP,Verdadeiro Negativo (Acerto),23.12,"O alerta indica que o código está usando um servidor HTTP sem TLS, sugerindo a substituição de `http.ListenAndServe` por `http.ListenAndServeTLS`. No entanto, no contexto fornecido, o código verifica se a opção `opts.TLS` foi ativada. Se `opts.TLS` for verdadeiro, o código carrega certificados TLS e configura um servidor gRPC com TLS usando `grpc.Creds(creds)`. Portanto, mesmo que o servidor HTTP esteja sendo iniciado sem TLS explicitamente, a segurança é garantida por meio do uso de TLS para o servidor gRPC.",2,especifica,baseline:597fcfa9,a81b6f5ca3a4f70c2cdbca1436fd138ccc84976ee981aa1726e3dff9ae4e4311,3032,146,0.00000000,N/A,
5693c58a:CWE-327:false_positive,osrg/gobgp,CWE-327,FP,ollama:qwen2.5-coder:7b,baseline,seguro,DETECTADO,Semgrep FP (ruído sobre código seguro),FP,Verdadeiro Negativo (Acerto),15.12,"O alerta indica que a versão mínima do TLS deve ser definida como TLS 1.3, mas o código fornecido já configura uma versão mínima de TLS 1.2 por padrão. A linha 277 contém `tlsConfig := new(tls.Config)`, e sem nenhuma modificação adicional, a versão mínima do TLS é definida como TLS 1.2, conforme mencionado na mensagem do alerta. Portanto, não há necessidade de alterar o código para incluir `MinVersion: tls.VersionTLS13`.",2,especifica,baseline:597fcfa9,a81b6f5ca3a4f70c2cdbca1436fd138ccc84976ee981aa1726e3dff9ae4e4311,911,145,0.00000000,N/A,
5693c58a:CWE-327:false_positive#1,osrg/gobgp,CWE-327,FP,ollama:qwen2.5-coder:7b,baseline,seguro,DETECTADO,Semgrep FP (ruído sobre código seguro),FP,Verdadeiro Negativo (Acerto),20.68,"O alerta indica que a versão mínima do TLS deve ser definida como TLS 1.3, mas o código fornecido não contém uma configuração de TLS explícita. Isso significa que, se a biblioteca Go estiver sendo usada corretamente e a versão mínima do TLS for configurada conforme recomendado, então este alerta é um FALSO POSITIVO.",2,especifica,baseline:597fcfa9,a81b6f5ca3a4f70c2cdbca1436fd138ccc84976ee981aa1726e3dff9ae4e4311,3129,105,0.00000000,N/A,
5693c58a:CWE-338:false_positive,osrg/gobgp,CWE-338,FP,ollama:qwen2.5-coder:7b,baseline,seguro,DETECTADO,Semgrep FP (ruído sobre código seguro),VP,Falso Positivo (Ruído Mantido),20.20,"O alerta indica que o código está usando a biblioteca `math/rand`, que é não segura para uso em aplicações que exigem segurança criptográfica. A função `math/rand` gera números pseudoaleatórios, enquanto `crypto/rand` gera números verdadeiramente aleatórios adequados para fins de segurança criptográfica. Como o código parece estar lidando com aspectos seguros (como conexões TCP), a substituição de `math/rand` por `crypto/rand` é uma recomendação válida e indica uma vulnerabilidade real.",1,especifica,baseline:597fcfa9,a81b6f5ca3a4f70c2cdbca1436fd138ccc84976ee981aa1726e3dff9ae4e4311,584,137,0.00000000,N/A,
5693c58a:CWE-470:false_positive,osrg/gobgp,CWE-470,FP,ollama:qwen2.5-coder:7b,baseline,seguro,DETECTADO,Semgrep FP (ruído sobre código seguro),FP,Verdadeiro Negativo (Acerto),18.24,"O uso de `reflect.Indirect` e `reflect.ValueOf` neste contexto é seguro porque os valores que estão sendo usados para determinar quais métodos ou campos invocar são controlados pelo desenvolvedor do aplicativo, não por um atacante. A função verifica se as tags fornecidas correspondem a uma lista predefinida (`forcedOverwrittenConfig`) e, em seguida, atualiza os valores conforme necessário. Não há evidências de que este código possa ser usado para criar caminhos de controle inesperados ou para burlar controles de autenticação ou acesso.",1,especifica,baseline:597fcfa9,a81b6f5ca3a4f70c2cdbca1436fd138ccc84976ee981aa1726e3dff9ae4e4311,524,147,0.00000000,N/A,
5693c58a:CWE-489:false_positive,osrg/gobgp,CWE-489,FP,ollama:qwen2.5-coder:7b,baseline,seguro,DETECTADO,Semgrep FP (ruído sobre código seguro),FP,Verdadeiro Negativo (Acerto),18.75,"O alerta indica que o endpoint 'pprof' está sendo exposto automaticamente em '/debug/pprof', o que pode levar a vazamento de informações sobre o servidor. No entanto, no código fornecido, o endpoint 'pprof' é configurado para ser escutado apenas em 'localhost'. Isso significa que o endpoint só será acessível dentro do próprio host onde o serviço está sendo executado, e não pode ser exposto externamente. Portanto, este alerta não constitui uma vulnerabilidade real neste contexto.",1,fallback,baseline:597fcfa9,a81b6f5ca3a4f70c2cdbca1436fd138ccc84976ee981aa1726e3dff9ae4e4311,1158,133,0.00000000,N/A,
56e6b104:CWE-319:false_positive,osrg/gobgp,CWE-319,FP,ollama:qwen2.5-coder:7b,baseline,seguro,DETECTADO,Semgrep FP (ruído sobre código seguro),FP,Verdadeiro Negativo (Acerto),17.18,"O alerta é um FALSO POSITIVO porque o código em questão não está configurado para iniciar um servidor HTTP sem TLS. A função `http.ListenAndServe` é chamada dentro de uma condição que verifica se a porta do pprof (globalOpts.PprofPort) é maior que 0. Se essa condição for falsa, o servidor HTTP será iniciado com TLS através da função `http.ListenAndServeTLS`. Portanto, não há risco de um servidor HTTP sem TLS neste código.",2,especifica,baseline:597fcfa9,a81b6f5ca3a4f70c2cdbca1436fd138ccc84976ee981aa1726e3dff9ae4e4311,1117,122,0.00000000,N/A,
56e6b104:CWE-319:false_positive#1,osrg/gobgp,CWE-319,FP,ollama:qwen2.5-coder:7b,baseline,seguro,DETECTADO,Semgrep FP (ruído sobre código seguro),FP,Verdadeiro Negativo (Acerto),20.23,"O alerta indica que o código está usando um servidor HTTP sem TLS, mas a verificação do código mostra que o servidor HTTP é configurado para usar TLS se a opção `TLS` for verdadeira. A linha de código relevante é: `if opts.TLS { ... }`, onde o servidor HTTP é configurado com TLS usando `http.ListenAndServeTLS`. Portanto, este alerta não constitui uma vulnerabilidade real neste contexto.",2,especifica,baseline:597fcfa9,a81b6f5ca3a4f70c2cdbca1436fd138ccc84976ee981aa1726e3dff9ae4e4311,3032,109,0.00000000,N/A,
56e6b104:CWE-327:false_positive,osrg/gobgp,CWE-327,FP,ollama:qwen2.5-coder:7b,baseline,seguro,DETECTADO,Semgrep FP (ruído sobre código seguro),FP,Verdadeiro Negativo (Acerto),19.05,"O alerta indica que a versão mínima do TLS deve ser definida como TLS 1.3, mas o código fornecido já configura uma versão mínima de TLS 1.2 por padrão. A linha 277 contém `tlsConfig := new(tls.Config)`, e sem nenhuma modificação adicional, a versão mínima do TLS é definida como TLS 1.2, conforme mencionado na mensagem do alerta. Portanto, não há necessidade de alterar o código para incluir `MinVersion: tls.VersionTLS13`.",2,especifica,baseline:597fcfa9,a81b6f5ca3a4f70c2cdbca1436fd138ccc84976ee981aa1726e3dff9ae4e4311,911,145,0.00000000,N/A,
56e6b104:CWE-327:false_positive#1,osrg/gobgp,CWE-327,FP,ollama:qwen2.5-coder:7b,baseline,seguro,DETECTADO,Semgrep FP (ruído sobre código seguro),FP,Verdadeiro Negativo (Acerto),22.02,"O alerta indica que a versão mínima do TLS deve ser definida como TLS 1.3, mas o código fornecido não contém uma configuração de TLS explícita. O código apenas verifica se a opção `TLS` foi ativada e, se sim, carrega um certificado e chave TLS, mas não define a versão mínima do TLS. Portanto, este alerta é um FALSO POSITIVO porque o código não está vulnerável à falta de uma versão mínima do TLS definida.",2,especifica,baseline:597fcfa9,a81b6f5ca3a4f70c2cdbca1436fd138ccc84976ee981aa1726e3dff9ae4e4311,3129,132,0.00000000,N/A,
56e6b104:CWE-338:false_positive,osrg/gobgp,CWE-338,FP,ollama:qwen2.5-coder:7b,baseline,seguro,DETECTADO,Semgrep FP (ruído sobre código seguro),VP,Falso Positivo (Ruído Mantido),16.58,"O alerta indica que o código está usando a biblioteca `math/rand`, que não é segura para uso em contextos onde segurança é crítica, como geração de números aleatórios para criptografia ou autenticação. Em vez disso, deve ser usada a biblioteca `crypto/rand`. A utilização de `math/rand` pode levar a previsibilidade e, portanto, vulnerabilidades de segurança.",1,especifica,baseline:597fcfa9,a81b6f5ca3a4f70c2cdbca1436fd138ccc84976ee981aa1726e3dff9ae4e4311,584,107,0.00000000,N/A,
56e6b104:CWE-470:false_positive,osrg/gobgp,CWE-470,FP,ollama:qwen2.5-coder:7b,baseline,seguro,DETECTADO,Semgrep FP (ruído sobre código seguro),FP,Verdadeiro Negativo (Acerto),16.98,"O uso de `reflect.Indirect` e `reflect.ValueOf` neste contexto é seguro porque os valores que estão sendo usados para determinar quais métodos ou campos invocar são controlados pelo desenvolvedor do aplicativo, não por um atacante. A função verifica se as tags fornecidas correspondem a uma lista de configurações forçadas (`forcedOverwrittenConfig`) e, em seguida, atualiza os valores conforme necessário. Como essas tags são conhecidas e controladas pelo desenvolvedor, não há risco de um atacante manipular o fluxo de controle do aplicativo.",1,especifica,baseline:597fcfa9,a81b6f5ca3a4f70c2cdbca1436fd138ccc84976ee981aa1726e3dff9ae4e4311,524,149,0.00000000,N/A,
56e6b104:CWE-489:false_positive,osrg/gobgp,CWE-489,FP,ollama:qwen2.5-coder:7b,baseline,seguro,DETECTADO,Semgrep FP (ruído sobre código seguro),FP,Verdadeiro Negativo (Acerto),16.44,"O alerta indica que o endpoint 'pprof' está sendo exposto automaticamente em '/debug/pprof', o que pode levar a vazamento de informações sobre o servidor. No entanto, no código fornecido, o endpoint 'pprof' é configurado para ser escutado apenas em 'localhost'. Isso significa que o endpoint só será acessível dentro do próprio host onde o serviço está sendo executado, e não pode ser exposto externamente. Portanto, este alerta não constitui uma vulnerabilidade real neste contexto.",1,fallback,baseline:597fcfa9,a81b6f5ca3a4f70c2cdbca1436fd138ccc84976ee981aa1726e3dff9ae4e4311,1158,133,0.00000000,N/A,
ca7383f4:CWE-319:false_positive,osrg/gobgp,CWE-319,FP,ollama:qwen2.5-coder:7b,baseline,seguro,DETECTADO,Semgrep FP (ruído sobre código seguro),FP,Verdadeiro Negativo (Acerto),15.71,"O alerta é um FALSO POSITIVO porque o código em questão não está configurado para iniciar um servidor HTTP sem TLS. A função `http.ListenAndServe` é chamada dentro de uma condição que verifica se a porta do pprof (globalOpts.PprofPort) é maior que 0. Se essa condição for falsa, o servidor HTTP será iniciado com TLS através da função `http.ListenAndServeTLS`. Portanto, não há risco de um servidor HTTP sem TLS neste código.",2,especifica,baseline:597fcfa9,a81b6f5ca3a4f70c2cdbca1436fd138ccc84976ee981aa1726e3dff9ae4e4311,1117,122,0.00000000,N/A,
be0de1ab:CWE-79:false_positive#23,harness/harness,CWE-79,FP,ollama:qwen2.5-coder:7b,baseline,seguro,API_ERROR,N/A (Falha de Esteira),N/A,N/A (Falha de Esteira),14.93,"Geração interrompida antes de concluir (limite de saída num_predict=512, ou aborto do servidor): a resposta não chegou a fechar o JSON.",34,especifica,baseline:597fcfa9,a81b6f5ca3a4f70c2cdbca1436fd138ccc84976ee981aa1726e3dff9ae4e4311,0,0,0.00000000,N/A,
be0de1ab:CWE-79:false_positive#24,harness/harness,CWE-79,FP,ollama:qwen2.5-coder:7b,baseline,seguro,API_ERROR,N/A (Falha de Esteira),N/A,N/A (Falha de Esteira),6.10,"Geração interrompida antes de concluir (limite de saída num_predict=512, ou aborto do servidor): a resposta não chegou a fechar o JSON.",34,especifica,baseline:597fcfa9,a81b6f5ca3a4f70c2cdbca1436fd138ccc84976ee981aa1726e3dff9ae4e4311,0,0,0.00000000,N/A,
ca7383f4:CWE-319:false_positive#1,osrg/gobgp,CWE-319,FP,ollama:qwen2.5-coder:7b,baseline,seguro,DETECTADO,Semgrep FP (ruído sobre código seguro),FP,Verdadeiro Negativo (Acerto),23.52,"O alerta indica que o código está usando um servidor HTTP sem TLS, mas a implementação real do servidor HTTP no código utiliza `http.ListenAndServeTLS`, conforme mostrado nas linhas 148-150: `go func() { logger.Println(http.ListenAndServe(opts.PProfHost, httpMux)) }()` e as linhas anteriores que configuram o `httpMux`. Portanto, não há uma vulnerabilidade real devido à ausência de TLS neste contexto.",2,especifica,baseline:597fcfa9,a81b6f5ca3a4f70c2cdbca1436fd138ccc84976ee981aa1726e3dff9ae4e4311,3032,120,0.00000000,N/A,
ca7383f4:CWE-327:false_positive,osrg/gobgp,CWE-327,FP,ollama:qwen2.5-coder:7b,baseline,seguro,DETECTADO,Semgrep FP (ruído sobre código seguro),FP,Verdadeiro Negativo (Acerto),15.62,"O alerta indica que a versão mínima do TLS não foi definida, o que é considerado uma prática recomendada para segurança. No entanto, no contexto fornecido, a função `newClient` está configurando um cliente gRPC com opções de TLS, incluindo a verificação de certificados e a especificação de arquivos de certificado e chave do cliente. A ausência explícita da configuração de `MinVersion` não constitui uma vulnerabilidade em si, pois o Go 1.22 usa TLS 1.2 como padrão e a função está configurada para usar TLS 1.3 quando disponível.",2,especifica,baseline:597fcfa9,a81b6f5ca3a4f70c2cdbca1436fd138ccc84976ee981aa1726e3dff9ae4e4311,911,156,0.00000000,N/A,
ca7383f4:CWE-327:false_positive#1,osrg/gobgp,CWE-327,FP,ollama:qwen2.5-coder:7b,baseline,seguro,DETECTADO,Semgrep FP (ruído sobre código seguro),FP,Verdadeiro Negativo (Acerto),24.30,"O alerta indica que a versão mínima do TLS deve ser definida como TLS 1.3, mas o código fornecido não contém uma configuração explícita para o TLS. No entanto, conforme mencionado no alerta, a versão padrão atualizada do Go (1.22) já usa TLS 1.2 como a versão mínima. Portanto, neste contexto específico, o alerta não constitui uma vulnerabilidade real.",2,especifica,baseline:597fcfa9,a81b6f5ca3a4f70c2cdbca1436fd138ccc84976ee981aa1726e3dff9ae4e4311,3129,119,0.00000000,N/A,
ca7383f4:CWE-338:false_positive,osrg/gobgp,CWE-338,FP,ollama:qwen2.5-coder:7b,baseline,seguro,DETECTADO,Semgrep FP (ruído sobre código seguro),VP,Falso Positivo (Ruído Mantido),16.47,"O alerta indica que o código está usando a biblioteca `math/rand`, que é não segura para uso em aplicações que exigem segurança criptográfica. A função `math/rand` gera números pseudoaleatórios, enquanto `crypto/rand` gera números verdadeiramente aleatórios adequados para fins de segurança criptográfica. Como o código parece estar lidando com aspectos seguros (como conexões TCP), a substituição de `math/rand` por `crypto/rand` é uma recomendação válida e indica uma vulnerabilidade real.",1,especifica,baseline:597fcfa9,a81b6f5ca3a4f70c2cdbca1436fd138ccc84976ee981aa1726e3dff9ae4e4311,584,137,0.00000000,N/A,
ca7383f4:CWE-470:false_positive,osrg/gobgp,CWE-470,FP,ollama:qwen2.5-coder:7b,baseline,seguro,DETECTADO,Semgrep FP (ruído sobre código seguro),FP,Verdadeiro Negativo (Acerto),14.03,"O uso de `reflect.Indirect` e `reflect.ValueOf` neste contexto é seguro porque os valores que estão sendo usados para determinar quais métodos ou campos invocar são controlados pelo desenvolvedor do aplicativo, não por um atacante. A função verifica se as tags fornecidas correspondem a uma lista predefinida (`forcedOverwrittenConfig`) e, em seguida, atualiza os valores conforme necessário. Não há evidências de que este código possa ser usado para criar caminhos de controle inesperados ou para burlar controles de autenticação ou acesso.",1,especifica,baseline:597fcfa9,a81b6f5ca3a4f70c2cdbca1436fd138ccc84976ee981aa1726e3dff9ae4e4311,524,147,0.00000000,N/A,
ca7383f4:CWE-489:false_positive,osrg/gobgp,CWE-489,FP,ollama:qwen2.5-coder:7b,baseline,seguro,DETECTADO,Semgrep FP (ruído sobre código seguro),FP,Verdadeiro Negativo (Acerto),15.60,"O alerta indica que o endpoint 'pprof' está sendo exposto automaticamente em '/debug/pprof', o que pode levar a vazamento de informações sobre o servidor. No entanto, no código fornecido, o endpoint 'pprof' é configurado para ser escutado apenas em 'localhost'. Isso significa que o endpoint só será acessível dentro do próprio host onde o serviço está sendo executado, e não pode ser exposto externamente. Portanto, este alerta não constitui uma vulnerabilidade real neste contexto.",1,fallback,baseline:597fcfa9,a81b6f5ca3a4f70c2cdbca1436fd138ccc84976ee981aa1726e3dff9ae4e4311,1158,133,0.00000000,N/A,
defe9ac1:CWE-319:false_positive,osrg/gobgp,CWE-319,FP,ollama:qwen2.5-coder:7b,baseline,seguro,DETECTADO,Semgrep FP (ruído sobre código seguro),FP,Verdadeiro Negativo (Acerto),15.97,"O alerta é um FALSO POSITIVO porque o código em questão não está configurado para iniciar um servidor HTTP sem TLS. A função `http.ListenAndServe` é chamada dentro de uma condição que verifica se a porta do pprof (globalOpts.PprofPort) é maior que 0. Se essa condição for falsa, o servidor HTTP não será iniciado e, portanto, não haverá exposição de um servidor HTTP sem TLS.",2,especifica,baseline:597fcfa9,a81b6f5ca3a4f70c2cdbca1436fd138ccc84976ee981aa1726e3dff9ae4e4311,1121,114,0.00000000,N/A,
defe9ac1:CWE-319:false_positive#1,osrg/gobgp,CWE-319,FP,ollama:qwen2.5-coder:7b,baseline,seguro,DETECTADO,Semgrep FP (ruído sobre código seguro),FP,Verdadeiro Negativo (Acerto),18.93,"O alerta indica que o código está usando um servidor HTTP sem TLS, mas a implementação real do servidor HTTP no código utiliza `http.ListenAndServeTLS`, conforme mostrado nas linhas 148-150: `go func() { logger.Println(http.ListenAndServe(opts.PProfHost, httpMux)) }()` e as linhas anteriores que configuram o `httpMux`. Portanto, não há uma vulnerabilidade real devido à ausência de TLS neste contexto.",2,especifica,baseline:597fcfa9,a81b6f5ca3a4f70c2cdbca1436fd138ccc84976ee981aa1726e3dff9ae4e4311,3032,120,0.00000000,N/A,
defe9ac1:CWE-327:false_positive,osrg/gobgp,CWE-327,FP,ollama:qwen2.5-coder:7b,baseline,seguro,DETECTADO,Semgrep FP (ruído sobre código seguro),FP,Verdadeiro Negativo (Acerto),17.69,"O alerta indica que a versão mínima do TLS deve ser definida como TLS 1.3, mas o código fornecido não contém uma configuração explícita para `MinVersion`. No entanto, conforme mencionado no alerta, a versão padrão atualizada do Go (1.22) já usa TLS 1.2 como a versão mínima. Como o código não desativa outras versões de TLS e não há indicação de que o sistema precisa suportar clientes ou navegadores legados com versões inseguras, é improvável que essa ausência de configuração explícita para `MinVersion` seja uma vulnerabilidade real.",2,especifica,baseline:597fcfa9,a81b6f5ca3a4f70c2cdbca1436fd138ccc84976ee981aa1726e3dff9ae4e4311,853,164,0.00000000,N/A,
defe9ac1:CWE-327:false_positive#1,osrg/gobgp,CWE-327,FP,ollama:qwen2.5-coder:7b,baseline,seguro,DETECTADO,Semgrep FP (ruído sobre código seguro),FP,Verdadeiro Negativo (Acerto),18.63,"O alerta indica que a versão mínima do TLS deve ser definida como TLS 1.3, mas o código fornecido não contém uma configuração explícita para o TLS. No entanto, conforme mencionado no alerta, a versão padrão atualizada do Go (1.22) já usa TLS 1.2 como a versão mínima. Portanto, neste contexto específico, o alerta não constitui uma vulnerabilidade real.",2,especifica,baseline:597fcfa9,a81b6f5ca3a4f70c2cdbca1436fd138ccc84976ee981aa1726e3dff9ae4e4311,3129,119,0.00000000,N/A,
defe9ac1:CWE-338:false_positive,osrg/gobgp,CWE-338,FP,ollama:qwen2.5-coder:7b,baseline,seguro,DETECTADO,Semgrep FP (ruído sobre código seguro),VP,Falso Positivo (Ruído Mantido),17.24,"O alerta indica que o código está usando a biblioteca `math/rand`, que é não segura para uso em aplicações que exigem segurança criptográfica. A função `math/rand` gera números pseudoaleatórios, enquanto `crypto/rand` gera números verdadeiramente aleatórios e são adequados para uso em contextos de segurança, como geração de chaves, tokens seguros, etc. O uso de `math/rand` neste contexto pode comprometer a segurança da aplicação.",1,especifica,baseline:597fcfa9,a81b6f5ca3a4f70c2cdbca1436fd138ccc84976ee981aa1726e3dff9ae4e4311,584,124,0.00000000,N/A,
defe9ac1:CWE-470:false_positive,osrg/gobgp,CWE-470,FP,ollama:qwen2.5-coder:7b,baseline,seguro,DETECTADO,Semgrep FP (ruído sobre código seguro),FP,Verdadeiro Negativo (Acerto),14.14,"O código utiliza `reflect.Indirect` para garantir que os valores de entrada sejam acessados diretamente, evitando a possibilidade de ataques baseados em reflexão indireta. Além disso, o uso de uma lista `forcedOverwrittenConfig` e a verificação de `v.IsSet(tag)` ajudam a controlar quais campos podem ser sobrescritos, minimizando riscos de ataque.",1,especifica,baseline:597fcfa9,a81b6f5ca3a4f70c2cdbca1436fd138ccc84976ee981aa1726e3dff9ae4e4311,527,109,0.00000000,N/A,
defe9ac1:CWE-489:false_positive,osrg/gobgp,CWE-489,FP,ollama:qwen2.5-coder:7b,baseline,seguro,DETECTADO,Semgrep FP (ruído sobre código seguro),FP,Verdadeiro Negativo (Acerto),18.16,"O alerta indica que o endpoint 'pprof' está sendo exposto automaticamente em '/debug/pprof', o que pode levar a vazamento de informações sobre o servidor. No entanto, no contexto fornecido, o código verifica se `globalOpts.PprofPort` é maior que 0 antes de iniciar o servidor HTTP para o 'pprof'. Isso significa que o endpoint só será exposto se especificado pelo usuário através da opção de linha de comando '--pprof-port'. Portanto, não há uma exposição automática do 'pprof' sem a intervenção do usuário.",1,fallback,baseline:597fcfa9,a81b6f5ca3a4f70c2cdbca1436fd138ccc84976ee981aa1726e3dff9ae4e4311,1162,147,0.00000000,N/A,
cd1cbfd3:CWE-22:false_positive,patrickhener/goshs,CWE-22,FP,ollama:qwen2.5-coder:7b,baseline,seguro,DETECTADO,Semgrep FP (ruído sobre código seguro),VP,Falso Positivo (Ruído Mantido),18.80,"O alerta é um VERDADEIRO POSITIVO (VP) porque o uso da função `filepath.Clean` para limpar a caminho do arquivo pode expor a aplicação a ataques de travessia de caminhos. A função `Clean` não garante a remoção de componentes de caminho que podem ser usados para acessar arquivos fora do diretório esperado, o que é essencialmente uma vulnerabilidade de travessia de caminhos. O código deve ser corrigido usando `filepath.FromSlash(path.Clean(...))` ou a função `SecureJoin` recomendada.",1,fallback,baseline:597fcfa9,a81b6f5ca3a4f70c2cdbca1436fd138ccc84976ee981aa1726e3dff9ae4e4311,803,149,0.00000000,N/A,
cd1cbfd3:CWE-328:false_positive,patrickhener/goshs,CWE-328,FP,ollama:qwen2.5-coder:7b,baseline,seguro,DETECTADO,Semgrep FP (ruído sobre código seguro),FP,Verdadeiro Negativo (Acerto),14.33,"O alerta é um FALSO POSITIVO porque o código não está usando SHA1 diretamente para fins de assinatura criptográfica. Em vez disso, ele calcula tanto SHA256 quanto SHA1 dos certificados fornecidos e retorna ambos os hashes em formato hexadecimal. O uso de SHA1 aqui é limitado a fins informativos e não constitui uma vulnerabilidade de segurança.",1,especifica,baseline:597fcfa9,a81b6f5ca3a4f70c2cdbca1436fd138ccc84976ee981aa1726e3dff9ae4e4311,601,103,0.00000000,N/A,
cd1cbfd3:CWE-798:false_positive,patrickhener/goshs,CWE-798,FP,ollama:qwen2.5-coder:7b,baseline,seguro,DETECTADO,Semgrep FP (ruído sobre código seguro),FP,Verdadeiro Negativo (Acerto),15.26,"O alerta foi emitido em uma função de ajuda do programa que exibe a sintaxe correta dos comandos. A presença de um hash bcrypt na documentação não constitui uma vulnerabilidade real, pois é apenas um exemplo de como o usuário pode configurar uma senha segura usando o algoritmo bcrypt.",1,fallback,baseline:597fcfa9,a81b6f5ca3a4f70c2cdbca1436fd138ccc84976ee981aa1726e3dff9ae4e4311,1343,84,0.00000000,N/A,
cd1cbfd3:CWE-94:false_positive,patrickhener/goshs,CWE-94,FP,ollama:qwen2.5-coder:7b,baseline,seguro,DETECTADO,Semgrep FP (ruído sobre código seguro),FP,Verdadeiro Negativo (Acerto),15.52,"O código utiliza a função `exec.Command` de forma segura, já que o comando é dividido em um array de strings (`cmdArray`) antes de ser passado para `exec.Command`. Além disso, há um comentário explicando que essa linha foi desabilitada por razões específicas e marcada com `#nosec G204`, indicando que a ferramenta Semgrep não deve emitir alertas nessa linha. Portanto, o alerta é considerado falso positivo neste contexto.",1,especifica,baseline:597fcfa9,a81b6f5ca3a4f70c2cdbca1436fd138ccc84976ee981aa1726e3dff9ae4e4311,474,127,0.00000000,N/A,
731afbee:CWE-1004:false_positive,portainer/portainer,CWE-1004,FP,ollama:qwen2.5-coder:7b,baseline,seguro,DETECTADO,Semgrep FP (ruído sobre código seguro),FP,Verdadeiro Negativo (Acerto),15.35,"O alerta é um FALSO POSITIVO porque o código não está configurando uma cookie de sessão. O trecho de código adiciona uma cookie personalizada chamada 'portainer.AuthCookieKey' com o valor do token JWT, mas não há nenhuma referência a cookies de sessão padrão como 'sessionid', 'JSESSIONID', etc., que são frequentemente usados para armazenar informações de autenticação. Portanto, não há necessidade de definir a flag 'HttpOnly' nesta situação.",1,especifica,baseline:597fcfa9,a81b6f5ca3a4f70c2cdbca1436fd138ccc84976ee981aa1726e3dff9ae4e4311,372,130,0.00000000,N/A,
731afbee:CWE-115:false_positive,portainer/portainer,CWE-115,FP,ollama:qwen2.5-coder:7b,baseline,seguro,DETECTADO,Semgrep FP (ruído sobre código seguro),FP,Verdadeiro Negativo (Acerto),13.32,"O alerta é um FALSO POSITIVO porque o código não está removendo cabeçalhos adicionados pelo Director. A função `createDirector` provavelmente adiciona os cabeçalhos necessários, e a ferramenta Semgrep está incorretamente identificando isso como uma vulnerabilidade.",1,especifica,baseline:597fcfa9,a81b6f5ca3a4f70c2cdbca1436fd138ccc84976ee981aa1726e3dff9ae4e4311,320,84,0.00000000,N/A,
731afbee:CWE-327:false_positive,portainer/portainer,CWE-327,FP,ollama:qwen2.5-coder:7b,baseline,seguro,DETECTADO,Semgrep FP (ruído sobre código seguro),FP,Verdadeiro Negativo (Acerto),14.13,"O alerta é um FALSO POSITIVO porque o código não configura explicitamente a versão mínima do TLS. O `TLSClientConfig` está configurado com `InsecureSkipVerify: true`, o que desativa a verificação de SSL/TLS e, portanto, não requer uma versão mínima específica do protocolo.",1,especifica,baseline:597fcfa9,a81b6f5ca3a4f70c2cdbca1436fd138ccc84976ee981aa1726e3dff9ae4e4311,742,90,0.00000000,N/A,
731afbee:CWE-328:false_positive,portainer/portainer,CWE-328,FP,ollama:qwen2.5-coder:7b,baseline,seguro,DETECTADO,Semgrep FP (ruído sobre código seguro),VP,Falso Positivo (Ruído Mantido),13.14,O uso do algoritmo MD5 é considerado inseguro devido à sua falta de resistência contra colisões. A mensagem de alerta indica que MD5 não é adequado para ser usado como uma assinatura criptográfica e sugere usar SHA256 ou SHA3 em seu lugar.,1,especifica,baseline:597fcfa9,a81b6f5ca3a4f70c2cdbca1436fd138ccc84976ee981aa1726e3dff9ae4e4311,327,84,0.00000000,N/A,
731afbee:CWE-338:false_positive,portainer/portainer,CWE-338,FP,ollama:qwen2.5-coder:7b,baseline,seguro,DETECTADO,Semgrep FP (ruído sobre código seguro),FP,Verdadeiro Negativo (Acerto),15.40,"O alerta é um FALSO POSITIVO. A função `math/rand` está sendo usada em um contexto onde a segurança não é crítica, especificamente para gerar uma string aleatória de 16 caracteres usando a função `uniuri.New()`. A biblioteca `uniuri` já garante que as strings geradas sejam seguras e únicas, mesmo que estejam sendo geradas com `math/rand`. Portanto, não há necessidade de substituir `math/rand` por `crypto/rand` neste caso.",2,especifica,baseline:597fcfa9,a81b6f5ca3a4f70c2cdbca1436fd138ccc84976ee981aa1726e3dff9ae4e4311,463,130,0.00000000,N/A,
731afbee:CWE-338:false_positive#1,portainer/portainer,CWE-338,FP,ollama:qwen2.5-coder:7b,baseline,seguro,DETECTADO,Semgrep FP (ruído sobre código seguro),VP,Falso Positivo (Ruído Mantido),13.81,"O alerta é um VERDADEIRO POSITIVO (VP) porque o código está usando a biblioteca `math/rand`, que não é segura para uso em contextos onde segurança é crítica, como geração de números aleatórios para senhas ou tokens. A ferramenta recomenda usar `crypto/rand` em vez disso.",2,especifica,baseline:597fcfa9,a81b6f5ca3a4f70c2cdbca1436fd138ccc84976ee981aa1726e3dff9ae4e4311,472,89,0.00000000,N/A,
731afbee:CWE-352:false_positive,portainer/portainer,CWE-352,FP,ollama:qwen2.5-coder:7b,baseline,seguro,DETECTADO,Semgrep FP (ruído sobre código seguro),FP,Verdadeiro Negativo (Acerto),17.08,"O código exclui o cabeçalho 'Origin' da solicitação HTTP, o que pode ser necessário em certos cenários de segurança. No entanto, a ausência do cabeçalho 'Origin' não constitui uma vulnerabilidade de Cross Site Request Forgery (CSRF) porque o código subsequente usa um mecanismo de atualização de conexão WebSocket personalizado (`handler.connectionUpgrader.Upgrade`) que pode incluir verificações adicionais de segurança, como a validação do cabeçalho 'Origin'. Além disso, o código não expõe pontos de entrada para ataques CSRF.",3,especifica,baseline:597fcfa9,a81b6f5ca3a4f70c2cdbca1436fd138ccc84976ee981aa1726e3dff9ae4e4311,484,148,0.00000000,N/A,
731afbee:CWE-352:false_positive#1,portainer/portainer,CWE-352,FP,ollama:qwen2.5-coder:7b,baseline,seguro,DETECTADO,Semgrep FP (ruído sobre código seguro),FP,Verdadeiro Negativo (Acerto),14.43,"O código exclui o cabeçalho 'Origin' da solicitação HTTP, o que pode ser necessário em certos cenários de segurança. No entanto, a ausência do cabeçalho 'Origin' não constitui uma vulnerabilidade de Cross Site Request Forgery (CSRF) porque o código não está lidando com solicitações WebSocket diretamente. O alerta é um falso positivo nesse contexto.",3,especifica,baseline:597fcfa9,a81b6f5ca3a4f70c2cdbca1436fd138ccc84976ee981aa1726e3dff9ae4e4311,484,107,0.00000000,N/A,
731afbee:CWE-352:false_positive#2,portainer/portainer,CWE-352,FP,ollama:qwen2.5-coder:7b,baseline,seguro,DETECTADO,Semgrep FP (ruído sobre código seguro),FP,Verdadeiro Negativo (Acerto),15.00,"O código não está verificando o cabeçalho Origin na negociação WebSocket. No entanto, a função `handler.connectionUpgrader.Upgrade` já implementa uma verificação de origem padrão que garante que a conexão WebSocket é originada de um domínio confiável. Portanto, não há necessidade de adicionar uma verificação adicional do cabeçalho Origin neste contexto.",3,especifica,baseline:597fcfa9,a81b6f5ca3a4f70c2cdbca1436fd138ccc84976ee981aa1726e3dff9ae4e4311,702,106,0.00000000,N/A,
731afbee:CWE-400:false_positive,portainer/portainer,CWE-400,FP,ollama:qwen2.5-coder:7b,baseline,seguro,DETECTADO,Semgrep FP (ruído sobre código seguro),VP,Falso Positivo (Ruído Mantido),14.43,"O alerta é um VERDADEIRO POSITIVO (VP) porque o código não limita a quantidade máxima de bytes lidos durante a decompressão do arquivo tar.gz, o que pode permitir uma ataques de bomba de descompressão (zip bomb), resultando em um consumo excessivo de recursos e potencialmente paralizando o sistema.",1,fallback,baseline:597fcfa9,a81b6f5ca3a4f70c2cdbca1436fd138ccc84976ee981aa1726e3dff9ae4e4311,596,92,0.00000000,N/A,
731afbee:CWE-614:false_positive,portainer/portainer,CWE-614,FP,ollama:qwen2.5-coder:7b,baseline,seguro,DETECTADO,Semgrep FP (ruído sobre código seguro),FP,Verdadeiro Negativo (Acerto),14.78,"O alerta é um FALSO POSITIVO porque o código está configurando a cookie com a flag 'Secure' implícita. A função `http.SetCookie` em Go já define a flag 'Secure' como padrão para cookies que são enviados por HTTPS. Como não há evidências de que a aplicação esteja lidando com solicitações HTTP, o alerta pode estar incorretamente sinalizando uma vulnerabilidade.",2,especifica,baseline:597fcfa9,a81b6f5ca3a4f70c2cdbca1436fd138ccc84976ee981aa1726e3dff9ae4e4311,400,109,0.00000000,N/A,
731afbee:CWE-614:false_positive#1,portainer/portainer,CWE-614,FP,ollama:qwen2.5-coder:7b,baseline,seguro,DETECTADO,Semgrep FP (ruído sobre código seguro),FP,Verdadeiro Negativo (Acerto),14.26,"O alerta indica que a cookie não tem o 'Secure' flag definido, o que pode ser uma vulnerabilidade de segurança. No entanto, no contexto fornecido, a função `AddTestSecurityCookie` é usada para adicionar uma cookie de teste e não há evidências de que essa cookie seja transmitida via HTTP ou que haja um risco real associado à ausência do 'Secure' flag.",2,especifica,baseline:597fcfa9,a81b6f5ca3a4f70c2cdbca1436fd138ccc84976ee981aa1726e3dff9ae4e4311,360,105,0.00000000,N/A,
731afbee:CWE-665:false_positive,portainer/portainer,CWE-665,FP,ollama:qwen2.5-coder:7b,baseline,seguro,DETECTADO,Semgrep FP (ruído sobre código seguro),FP,Verdadeiro Negativo (Acerto),26.59,"O alerta indica que a variável `environment` pode ser modificada e usada posteriormente em caso de erro, o que poderia resultar em um desreferenciamento nulo. No entanto, no contexto fornecido, isso não constitui uma vulnerabilidade real porque o código verifica se `environment.PostInitMigrations.MigrateGPUs` é verdadeiro antes de modificar a variável `environment`. Se essa condição for falsa, a variável `environment` não será modificada e usada posteriormente. Portanto, este alerta é um falso positivo.",5,especifica,baseline:597fcfa9,a81b6f5ca3a4f70c2cdbca1436fd138ccc84976ee981aa1726e3dff9ae4e4311,771,140,0.00000000,N/A,
731afbee:CWE-665:false_positive#1,portainer/portainer,CWE-665,FP,ollama:qwen2.5-coder:7b,baseline,seguro,DETECTADO,Semgrep FP (ruído sobre código seguro),FP,Verdadeiro Negativo (Acerto),18.89,"O alerta indica que a iteração ocorre sobre um mapa (`endpointsFromGroupsToAddMap`) que pode estar vazio. No entanto, o código verifica explicitamente se `len(payload.EdgeGroups) > 0` antes de entrar no bloco onde `endpointsFromGroupsToAddMap` é populado. Se `payload.EdgeGroups` estiver vazio, o mapa não será iterado e a iteração não ocorrerá. Portanto, este alerta não constitui uma vulnerabilidade real neste contexto.",5,especifica,baseline:597fcfa9,a81b6f5ca3a4f70c2cdbca1436fd138ccc84976ee981aa1726e3dff9ae4e4311,1307,127,0.00000000,N/A,
731afbee:CWE-665:false_positive#2,portainer/portainer,CWE-665,FP,ollama:qwen2.5-coder:7b,baseline,seguro,DETECTADO,Semgrep FP (ruído sobre código seguro),FP,Verdadeiro Negativo (Acerto),17.98,"O alerta indica que a variável `registry` pode ser modificada e usada posteriormente em caso de erro. No entanto, no contexto fornecido, isso não constitui uma vulnerabilidade real. A variável `registry` é inicializada apenas uma vez e seu valor não é modificado após a leitura do banco de dados. Além disso, o código verifica se ocorreu um erro ao ler a registry do banco de dados e retorna um erro interno em caso de falha. Portanto, mesmo que `registry` seja usado novamente em caso de erro, isso não resultará em uma derreferência nula (nil dereference) porque o valor inicial da variável é sempre válido.",5,especifica,baseline:597fcfa9,a81b6f5ca3a4f70c2cdbca1436fd138ccc84976ee981aa1726e3dff9ae4e4311,534,164,0.00000000,N/A,
731afbee:CWE-665:false_positive#3,portainer/portainer,CWE-665,FP,ollama:qwen2.5-coder:7b,baseline,seguro,DETECTADO,Semgrep FP (ruído sobre código seguro),FP,Verdadeiro Negativo (Acerto),16.09,"O alerta indica que a variável `platform` pode ser modificada e usada posteriormente em caso de erro. No entanto, no contexto fornecido, isso não constitui uma vulnerabilidade real. A variável `platform` é inicializada com um valor padrão (`plf.PlatformDocker`) quando ocorre um erro específico (`plf.ErrNoLocalEnvironment`). Isso garante que a variável nunca seja usada como `nil`, evitando assim qualquer possível panico devido a uma desreferência nula.",5,especifica,baseline:597fcfa9,a81b6f5ca3a4f70c2cdbca1436fd138ccc84976ee981aa1726e3dff9ae4e4311,537,130,0.00000000,N/A,
731afbee:CWE-665:false_positive#4,portainer/portainer,CWE-665,FP,ollama:qwen2.5-coder:7b,baseline,seguro,DETECTADO,Semgrep FP (ruído sobre código seguro),FP,Verdadeiro Negativo (Acerto),17.40,"O alerta indica que a variável `endpointGroup` pode ser modificada e usada posteriormente em caso de erro, o que poderia resultar em um desreferenciamento nulo. No entanto, no contexto fornecido, a variável `endpointGroup` é inicializada apenas uma vez e não é modificada após essa inicialização. O código verifica se `payload.EndpointGroupID` é zero antes de tentar ler o `endpointGroup`, garantindo que a variável não seja usada sem ser inicializada corretamente. Portanto, este alerta não constitui uma vulnerabilidade real.",5,especifica,baseline:597fcfa9,a81b6f5ca3a4f70c2cdbca1436fd138ccc84976ee981aa1726e3dff9ae4e4311,683,145,0.00000000,N/A,
731afbee:CWE-79:false_positive,portainer/portainer,CWE-79,FP,ollama:qwen2.5-coder:7b,baseline,seguro,DETECTADO,Semgrep FP (ruído sobre código seguro),FP,Verdadeiro Negativo (Acerto),16.63,"O alerta é um FALSO POSITIVO neste contexto. O código não está diretamente envolvido em renderização de conteúdo gerado pelo usuário, nem em operações que possam levar a uma injeção de script. A função `text/template` é usada para processar templates Go, mas o conteúdo sendo processado provavelmente não contém dados do usuário. Além disso, o código não está lidando com entrada direta do usuário ou renderizando conteúdo HTML em um contexto web.",7,especifica,baseline:597fcfa9,a81b6f5ca3a4f70c2cdbca1436fd138ccc84976ee981aa1726e3dff9ae4e4311,543,124,0.00000000,N/A,
731afbee:CWE-79:false_positive#1,portainer/portainer,CWE-79,FP,ollama:qwen2.5-coder:7b,baseline,seguro,DETECTADO,Semgrep FP (ruído sobre código seguro),FP,Verdadeiro Negativo (Acerto),18.65,"O código não está diretamente escrevendo em 'http.ResponseWriter' sem escape HTML. Ele está apenas definindo o cabeçalho de conteúdo como 'text/plain' e, em seguida, chamando 'w.Write(result)', onde 'result' provavelmente contém dados que foram previamente processados ou escapados adequadamente. Portanto, não há risco de XSS neste contexto.",7,especifica,baseline:597fcfa9,a81b6f5ca3a4f70c2cdbca1436fd138ccc84976ee981aa1726e3dff9ae4e4311,552,101,0.00000000,N/A,
731afbee:CWE-79:false_positive#2,portainer/portainer,CWE-79,FP,ollama:qwen2.5-coder:7b,baseline,seguro,DETECTADO,Semgrep FP (ruído sobre código seguro),FP,Verdadeiro Negativo (Acerto),13.75,"O código não está diretamente escrevendo para o `http.ResponseWriter` sem escape HTML. Ele está definindo o cabeçalho de conteúdo como 'text/plain' e, em seguida, escrevendo a saída do comando Helm diretamente no corpo da resposta. Como o conteúdo é definido como texto simples e não contém dados que possam ser injetados pelo usuário, este código não constitui uma vulnerabilidade XSS.",7,especifica,baseline:597fcfa9,a81b6f5ca3a4f70c2cdbca1436fd138ccc84976ee981aa1726e3dff9ae4e4311,585,108,0.00000000,N/A,
731afbee:CWE-79:false_positive#3,portainer/portainer,CWE-79,FP,ollama:qwen2.5-coder:7b,baseline,seguro,DETECTADO,Semgrep FP (ruído sobre código seguro),FP,Verdadeiro Negativo (Acerto),11.52,"O alerta é um FALSO POSITIVO neste contexto. A função `fmt.Fprintf(w,",7,especifica,baseline:597fcfa9,a81b6f5ca3a4f70c2cdbca1436fd138ccc84976ee981aa1726e3dff9ae4e4311,733,40,0.00000000,N/A,
731afbee:CWE-79:false_positive#6,portainer/portainer,CWE-79,FP,ollama:qwen2.5-coder:7b,baseline,seguro,DETECTADO,Semgrep FP (ruído sobre código seguro),FP,Verdadeiro Negativo (Acerto),14.41,"O código não está diretamente exposto a uma vulnerabilidade de Cross-Site Scripting (XSS) porque ele apenas escreve dados YAML em um `http.ResponseWriter`. O alerta é acionado porque o uso de `fmt.Fprint` pode permitir que os dados sejam escritos sem escape HTML, mas neste contexto específico, não há nenhuma entrada do usuário sendo processada ou exibida diretamente no navegador. A função `YAML` parece ser usada para enviar dados YAML em formato correto ao cliente, e não há risco de XSS nesse caso.",7,especifica,baseline:597fcfa9,a81b6f5ca3a4f70c2cdbca1436fd138ccc84976ee981aa1726e3dff9ae4e4311,389,139,0.00000000,N/A,
731afbee:CWE-798:false_positive,portainer/portainer,CWE-798,FP,ollama:qwen2.5-coder:7b,baseline,seguro,DETECTADO,Semgrep FP (ruído sobre código seguro),FP,Verdadeiro Negativo (Acerto),12.66,"O alerta de detecção de hash bcrypt é um falso positivo neste contexto. O código cria um usuário falso com uma senha bcrypt válida apenas para evitar ataques de enumeração de usuários, que são considerados seguros nesse caso.",1,fallback,baseline:597fcfa9,a81b6f5ca3a4f70c2cdbca1436fd138ccc84976ee981aa1726e3dff9ae4e4311,680,71,0.00000000,N/A,
731afbee:CWE-94:false_positive,portainer/portainer,CWE-94,FP,ollama:qwen2.5-coder:7b,baseline,seguro,DETECTADO,Semgrep FP (ruído sobre código seguro),FP,Verdadeiro Negativo (Acerto),12.88,"O código não está executando um comando dinâmico com dados de entrada do usuário. A função `runCommandAndCaptureStdErr` aceita parâmetros fixos para o comando, argumentos e variáveis de ambiente. Não há evidências de que os dados sejam obtidos da entrada do usuário ou de outra fonte não confiável.",1,especifica,baseline:597fcfa9,a81b6f5ca3a4f70c2cdbca1436fd138ccc84976ee981aa1726e3dff9ae4e4311,420,90,0.00000000,N/A,
af4a46b3:CWE-1004:false_positive,project-zot/zot,CWE-1004,FP,ollama:qwen2.5-coder:7b,baseline,seguro,DETECTADO,Semgrep FP (ruído sobre código seguro),FP,Verdadeiro Negativo (Acerto),13.59,"O alerta indica que a cookie 'userInfoCookie' não tem o flag 'HttpOnly' definido. No entanto, no contexto fornecido, esta cookie é usada para armazenar informações do usuário e não contém dados sensíveis que precisariam ser protegidos contra acesso por scripts cliente-side. Portanto, este alerta pode ser um falso positivo.",1,especifica,baseline:597fcfa9,a81b6f5ca3a4f70c2cdbca1436fd138ccc84976ee981aa1726e3dff9ae4e4311,545,97,0.00000000,N/A,
af4a46b3:CWE-319:false_positive,project-zot/zot,CWE-319,FP,ollama:qwen2.5-coder:7b,baseline,seguro,DETECTADO,Semgrep FP (ruído sobre código seguro),FP,Verdadeiro Negativo (Acerto),15.73,"O código está configurando a verificação de certificado TLS como insegura (`InsecureSkipVerify: true`) apenas para fins de depuração, conforme indicado no alerta. No entanto, o contexto do código sugere que isso é feito em uma função específica para obter IPs aleatórios e não em um ambiente de produção ou em chamadas regulares à API. Além disso, a função `getRandomClientIPs` retorna um cliente HTTP configurado com essa verificação desabilitada, mas o uso do cliente é limitado ao contexto específico onde foi criado.",3,especifica,baseline:597fcfa9,a81b6f5ca3a4f70c2cdbca1436fd138ccc84976ee981aa1726e3dff9ae4e4311,628,141,0.00000000,N/A,
af4a46b3:CWE-319:false_positive#1,project-zot/zot,CWE-319,FP,ollama:qwen2.5-coder:7b,baseline,seguro,DETECTADO,Semgrep FP (ruído sobre código seguro),FP,Verdadeiro Negativo (Acerto),13.69,"O código verifica se a verificação TLS deve ser desabilitada, o que é um comportamento esperado em ambientes de produção onde a verificação TLS pode ser necessária para garantir a segurança da comunicação. O alerta não indica uma vulnerabilidade real, pois o código contém lógica para lidar com a verificação TLS adequadamente.",3,especifica,baseline:597fcfa9,a81b6f5ca3a4f70c2cdbca1436fd138ccc84976ee981aa1726e3dff9ae4e4311,763,92,0.00000000,N/A,
af4a46b3:CWE-319:false_positive#2,project-zot/zot,CWE-319,FP,ollama:qwen2.5-coder:7b,baseline,seguro,DETECTADO,Semgrep FP (ruído sobre código seguro),VP,Falso Positivo (Ruído Mantido),11.88,"O código desabilita a verificação de certificados TLS/SSL, o que torna o cliente HTTP vulnerável a ataques de man-in-the-middle (MTM). Esta prática deve ser usada apenas para fins de depuração e não em produção.",3,especifica,baseline:597fcfa9,a81b6f5ca3a4f70c2cdbca1436fd138ccc84976ee981aa1726e3dff9ae4e4311,382,71,0.00000000,N/A,
af4a46b3:CWE-327:false_positive,project-zot/zot,CWE-327,FP,ollama:qwen2.5-coder:7b,baseline,seguro,DETECTADO,Semgrep FP (ruído sobre código seguro),FP,Verdadeiro Negativo (Acerto),17.61,"O alerta é um FALSO POSITIVO porque o código não configura explicitamente a versão mínima do TLS. A função `getRandomClientIPs` cria uma instância de `resty.Client` e, se necessário, define um transporte personalizado com um `tls.Config`. No entanto, o alerta sugere que a versão mínima do TLS deve ser definida como `tls.VersionTLS13`, mas isso não é feito no código fornecido. O código apenas verifica se o esquema da URL é seguro e, nesse caso, configura `InsecureSkipVerify` para ignorar verificações de certificado, o que pode ser considerado uma prática insegura em produção. Portanto, o alerta não identifica uma vulnerabilidade real neste contexto.",4,especifica,baseline:597fcfa9,a81b6f5ca3a4f70c2cdbca1436fd138ccc84976ee981aa1726e3dff9ae4e4311,719,187,0.00000000,N/A,
af4a46b3:CWE-327:false_positive#1,project-zot/zot,CWE-327,FP,ollama:qwen2.5-coder:7b,baseline,seguro,DETECTADO,Semgrep FP (ruído sobre código seguro),FP,Verdadeiro Negativo (Acerto),16.92,"O alerta indica que a versão mínima do TLS não foi definida, o que é considerado uma prática recomendada para segurança. No entanto, no contexto fornecido, o código verifica se `lc.UseSSL` é verdadeiro antes de tentar estabelecer uma conexão SSL/TLS. Se `lc.UseSSL` for falso, a função `ldap.Dial` será chamada sem TLS, e não haverá necessidade de definir a versão mínima do TLS. Portanto, o alerta pode ser um FALSO POSITIVO porque, neste contexto específico, a falta da definição da versão mínima do TLS não constitui uma vulnerabilidade.",4,especifica,baseline:597fcfa9,a81b6f5ca3a4f70c2cdbca1436fd138ccc84976ee981aa1726e3dff9ae4e4311,807,164,0.00000000,N/A,
af4a46b3:CWE-327:false_positive#2,project-zot/zot,CWE-327,FP,ollama:qwen2.5-coder:7b,baseline,seguro,DETECTADO,Semgrep FP (ruído sobre código seguro),FP,Verdadeiro Negativo (Acerto),14.24,"O alerta indica que a versão mínima do TLS deve ser definida como TLS 1.3, mas o código já configura explicitamente `MinVersion: tls.VersionTLS12`. Como o código especifica uma versão mínima de TLS superior à recomendação (TLS 1.2), não há necessidade de alterar a versão mínima para TLS 1.3 neste contexto.",4,especifica,baseline:597fcfa9,a81b6f5ca3a4f70c2cdbca1436fd138ccc84976ee981aa1726e3dff9ae4e4311,854,103,0.00000000,N/A,
af4a46b3:CWE-327:false_positive#3,project-zot/zot,CWE-327,FP,ollama:qwen2.5-coder:7b,baseline,seguro,DETECTADO,Semgrep FP (ruído sobre código seguro),FP,Verdadeiro Negativo (Acerto),14.01,"O código fornecido não configura explicitamente a versão mínima do TLS. Em vez disso, ele desabilita a verificação de certificados SSL (`InsecureSkipVerify: true`). Isso significa que o cliente HTTP está configurado para ignorar completamente a segurança SSL/TLS, em vez de definir uma versão mínima do protocolo. Portanto, este código não constitui uma vulnerabilidade real relacionada à falta da configuração de uma versão mínima do TLS.",4,especifica,baseline:597fcfa9,a81b6f5ca3a4f70c2cdbca1436fd138ccc84976ee981aa1726e3dff9ae4e4311,473,122,0.00000000,N/A,
af4a46b3:CWE-338:false_positive,project-zot/zot,CWE-338,FP,ollama:qwen2.5-coder:7b,baseline,seguro,DETECTADO,Semgrep FP (ruído sobre código seguro),FP,Verdadeiro Negativo (Acerto),15.51,"O alerta é um FALSO POSITIVO porque o uso de `math/rand` neste contexto não constitui uma vulnerabilidade. A função `makeHTTPGetRequest` está sendo usada para fazer solicitações HTTP, e a geração de números aleatórios nesse caso não é crítica para a segurança da aplicação. O alerta foi emitido por uma ferramenta que recomenda o uso de `crypto/rand` em vez de `math/rand`, mas neste contexto específico, o uso de `math/rand` é aceitável e não representa uma vulnerabilidade.",3,especifica,baseline:597fcfa9,a81b6f5ca3a4f70c2cdbca1436fd138ccc84976ee981aa1726e3dff9ae4e4311,449,137,0.00000000,N/A,
af4a46b3:CWE-338:false_positive#1,project-zot/zot,CWE-338,FP,ollama:qwen2.5-coder:7b,baseline,seguro,DETECTADO,Semgrep FP (ruído sobre código seguro),VP,Falso Positivo (Ruído Mantido),13.43,"O alerta indica que o pacote `math/rand` está sendo usado no código, o qual é considerado inseguro para aplicações que exigem segurança criptográfica. O pacote `crypto/rand`, por outro lado, fornece números aleatórios seguros e deve ser utilizado em contextos onde a segurança é crucial.",3,especifica,baseline:597fcfa9,a81b6f5ca3a4f70c2cdbca1436fd138ccc84976ee981aa1726e3dff9ae4e4311,522,89,0.00000000,N/A,
af4a46b3:CWE-338:false_positive#2,project-zot/zot,CWE-338,FP,ollama:qwen2.5-coder:7b,baseline,seguro,DETECTADO,Semgrep FP (ruído sobre código seguro),FP,Verdadeiro Negativo (Acerto),13.70,"O alerta é um FALSO POSITIVO neste contexto. A função `math/rand` está sendo usada em uma situação que não requer segurança criptográfica, especificamente para gerar números aleatórios para nomes de arquivos temporários. O uso de `math/rand` nesta situação é seguro e aceitável.",3,especifica,baseline:597fcfa9,a81b6f5ca3a4f70c2cdbca1436fd138ccc84976ee981aa1726e3dff9ae4e4311,494,87,0.00000000,N/A,
af4a46b3:CWE-614:false_positive,project-zot/zot,CWE-614,FP,ollama:qwen2.5-coder:7b,baseline,seguro,DETECTADO,Semgrep FP (ruído sobre código seguro),FP,Verdadeiro Negativo (Acerto),14.71,"O alerta é um FALSO POSITIVO porque o código não está criando uma cookie de sessão com a flag 'Secure' definida. A função `http.SetCookie` já garante que a cookie seja enviada apenas por HTTPS, conforme a documentação oficial do Go: ""If the Secure flag is true, the cookie will only be sent over secure channels."" Portanto, não há necessidade de explicitamente definir a flag 'Secure' na criação da cookie.",1,especifica,baseline:597fcfa9,a81b6f5ca3a4f70c2cdbca1436fd138ccc84976ee981aa1726e3dff9ae4e4311,552,118,0.00000000,N/A,
af4a46b3:CWE-665:false_positive,project-zot/zot,CWE-665,FP,ollama:qwen2.5-coder:7b,baseline,seguro,DETECTADO,Semgrep FP (ruído sobre código seguro),FP,Verdadeiro Negativo (Acerto),18.02,"O alerta indica que a variável `digest` pode ser modificada e usada posteriormente em caso de erro. No entanto, no contexto fornecido, o valor de `digest` é calculado pela função `imgStore.PutImageManifest`, que não retorna um valor nulo ou modificado em qualquer caminho de erro. Além disso, a variável `digest` é usada apenas para definir cabeçalhos e retornar uma resposta HTTP, sem ser modificada novamente após sua inicialização.",3,especifica,baseline:597fcfa9,a81b6f5ca3a4f70c2cdbca1436fd138ccc84976ee981aa1726e3dff9ae4e4311,1254,125,0.00000000,N/A,
af4a46b3:CWE-665:false_positive#1,project-zot/zot,CWE-665,FP,ollama:qwen2.5-coder:7b,baseline,seguro,DETECTADO,Semgrep FP (ruído sobre código seguro),FP,Verdadeiro Negativo (Acerto),16.50,"O alerta indica que a variável `userAc` pode ser modificada e usada posteriormente em caso de erro. No entanto, no contexto fornecido, isso não constitui uma vulnerabilidade real. A função `reqCtx.UserAcFromContext(request.Context())` é chamada apenas uma vez e seu valor é armazenado na variável `userAc`. Se ocorrer um erro nesta chamada, a função retorna imediatamente com o erro, evitando que `userAc` seja modificado. Além disso, se `userAc` for `nil`, a função `AuthzFail` será chamada corretamente sem tentar acessar propriedades de `userAc`. Portanto, este é um falso positivo.",3,especifica,baseline:597fcfa9,a81b6f5ca3a4f70c2cdbca1436fd138ccc84976ee981aa1726e3dff9ae4e4311,519,177,0.00000000,N/A,
af4a46b3:CWE-665:false_positive#2,project-zot/zot,CWE-665,FP,ollama:qwen2.5-coder:7b,baseline,seguro,DETECTADO,Semgrep FP (ruído sobre código seguro),FP,Verdadeiro Negativo (Acerto),17.88,"O alerta indica que a variável `localImageRef` pode ser modificada e usada posteriormente em caso de erro, o que poderia resultar em um desreferenciamento nulo. No entanto, no contexto fornecido, isso não constitui uma vulnerabilidade real porque o código verifica se `localImageRef` foi corretamente obtido antes de usá-lo. Se a obtenção falhar, o erro é registrado e a função retorna imediatamente, evitando qualquer uso potencialmente problemático de `localImageRef`. Portanto, este alerta é um FALSO POSITIVO.",3,especifica,baseline:597fcfa9,a81b6f5ca3a4f70c2cdbca1436fd138ccc84976ee981aa1726e3dff9ae4e4311,1245,150,0.00000000,N/A,
af4a46b3:CWE-667:false_positive,project-zot/zot,CWE-667,FP,ollama:qwen2.5-coder:7b,baseline,seguro,DETECTADO,Semgrep FP (ruído sobre código seguro),FP,Verdadeiro Negativo (Acerto),12.98,"O alerta indica que a variável `httpClientLock` não está sendo desbloqueada antes de retornar da função. No entanto, o contexto fornecido não mostra onde esta variável é usada ou bloqueada. É possível que este seja um falso positivo se `httpClientLock` nunca seja usado para proteger uma seção crítica no código.",1,especifica,baseline:597fcfa9,a81b6f5ca3a4f70c2cdbca1436fd138ccc84976ee981aa1726e3dff9ae4e4311,318,93,0.00000000,N/A,
af4a46b3:CWE-681:false_positive,project-zot/zot,CWE-681,FP,ollama:qwen2.5-coder:7b,baseline,seguro,DETECTADO,Semgrep FP (ruído sobre código seguro),FP,Verdadeiro Negativo (Acerto),14.79,"O alerta é um FALSO POSITIVO. A conversão de string para inteiro (`strconv.Atoi`) não envolve downcasting ou mudança de sinal, pois o tipo `int` em Go é geralmente assinado (signed). Além disso, a função `strconv.Atoi` já retorna um valor do tipo `int`, que é um tipo assinado. Portanto, não há risco de perda de informações ou violação de segurança associada a essa conversão.",1,especifica,baseline:597fcfa9,a81b6f5ca3a4f70c2cdbca1436fd138ccc84976ee981aa1726e3dff9ae4e4311,673,120,0.00000000,N/A,
af4a46b3:CWE-79:false_positive,project-zot/zot,CWE-79,FP,ollama:qwen2.5-coder:7b,baseline,seguro,DETECTADO,Semgrep FP (ruído sobre código seguro),FP,Verdadeiro Negativo (Acerto),13.28,"O código não está diretamente escrevendo em 'http.ResponseWriter' sem escape HTML. Ele primeiro serializa os dados em JSON usando a biblioteca `jsoniter`, que já realiza o escape de caracteres especiais, e depois escreve o JSON resultante no 'http.ResponseWriter'. Portanto, este código não constitui uma vulnerabilidade XSS.",4,especifica,baseline:597fcfa9,a81b6f5ca3a4f70c2cdbca1436fd138ccc84976ee981aa1726e3dff9ae4e4311,504,87,0.00000000,N/A,
af4a46b3:CWE-79:false_positive#1,project-zot/zot,CWE-79,FP,ollama:qwen2.5-coder:7b,baseline,seguro,DETECTADO,Semgrep FP (ruído sobre código seguro),FP,Verdadeiro Negativo (Acerto),13.27,"O código não está diretamente escrevendo dados em 'http.ResponseWriter' sem escape HTML. Em vez disso, ele usa a função 'w.Write(data)', que é segura para este propósito quando os dados são provenientes de uma fonte confiável e já foram adequadamente tratados. O alerta pode estar incorretamente sinalizando uma vulnerabilidade XSS porque não há evidências de que o código esteja violando as práticas recomendadas para evitar ataques XSS.",4,especifica,baseline:597fcfa9,a81b6f5ca3a4f70c2cdbca1436fd138ccc84976ee981aa1726e3dff9ae4e4311,357,118,0.00000000,N/A,
af4a46b3:CWE-79:false_positive#2,project-zot/zot,CWE-79,FP,ollama:qwen2.5-coder:7b,baseline,seguro,DETECTADO,Semgrep FP (ruído sobre código seguro),FP,Verdadeiro Negativo (Acerto),14.27,"O código não está diretamente escrevendo dados em 'http.ResponseWriter' sem escape HTML. Em vez disso, ele usa a função `zcommon.MarshalThroughStruct` para serializar os dados, o que provavelmente resulta em uma representação segura do objeto de configuração. Além disso, se houver qualquer tipo de erro durante a serialização, um código de status de erro é retornado e não há escrita direta no 'http.ResponseWriter'. Portanto, este código não constitui uma vulnerabilidade XSS.",4,especifica,baseline:597fcfa9,a81b6f5ca3a4f70c2cdbca1436fd138ccc84976ee981aa1726e3dff9ae4e4311,413,128,0.00000000,N/A,
af4a46b3:CWE-79:false_positive#3,project-zot/zot,CWE-79,FP,ollama:qwen2.5-coder:7b,baseline,seguro,DETECTADO,Semgrep FP (ruído sobre código seguro),FP,Verdadeiro Negativo (Acerto),12.64,"O código não está diretamente escrevendo dados em 'http.ResponseWriter' sem qualquer processamento de escape HTML. Ele lê um arquivo HTML estático e o escreve diretamente para a resposta, mas isso é seguro porque o conteúdo do arquivo é considerado estático e não contém dados dinâmicos que possam ser injetados pelo usuário.",4,especifica,baseline:597fcfa9,a81b6f5ca3a4f70c2cdbca1436fd138ccc84976ee981aa1726e3dff9ae4e4311,374,92,0.00000000,N/A,
fba695ad:CWE-1004:false_positive,project-zot/zot,CWE-1004,FP,ollama:qwen2.5-coder:7b,baseline,seguro,DETECTADO,Semgrep FP (ruído sobre código seguro),FP,Verdadeiro Negativo (Acerto),15.09,"O alerta indica que a cookie 'userInfoCookie' não tem o flag 'HttpOnly' definido. No entanto, no contexto fornecido, esta cookie é usada apenas para armazenar informações do usuário e não é exposta em scripts cliente-side, minimizando significativamente o risco de XSS (Cross-Site Scripting). Além disso, a função `saveUserLoggedSession` já configura corretamente o flag 'HttpOnly' para a cookie principal da sessão. Portanto, este alerta pode ser considerado um FALSO POSITIVO.",1,especifica,baseline:597fcfa9,a81b6f5ca3a4f70c2cdbca1436fd138ccc84976ee981aa1726e3dff9ae4e4311,545,139,0.00000000,N/A,
fba695ad:CWE-319:false_positive,project-zot/zot,CWE-319,FP,ollama:qwen2.5-coder:7b,baseline,seguro,DETECTADO,Semgrep FP (ruído sobre código seguro),FP,Verdadeiro Negativo (Acerto),15.71,"O código está configurando a verificação de certificado TLS como insegura (`InsecureSkipVerify: true`) apenas para fins de depuração, conforme indicado no alerta. No entanto, o contexto do código sugere que isso é feito em uma função específica para obter IPs aleatórios e não em um ambiente de produção ou em chamadas regulares à API. Além disso, a função `getRandomClientIPs` retorna um cliente `resty.Client`, que pode ser usado em diferentes contextos onde a verificação de TLS pode ser necessária ou desejada.",3,especifica,baseline:597fcfa9,a81b6f5ca3a4f70c2cdbca1436fd138ccc84976ee981aa1726e3dff9ae4e4311,628,142,0.00000000,N/A,
fba695ad:CWE-319:false_positive#1,project-zot/zot,CWE-319,FP,ollama:qwen2.5-coder:7b,baseline,seguro,DETECTADO,Semgrep FP (ruído sobre código seguro),FP,Verdadeiro Negativo (Acerto),13.34,"O código verifica se a verificação TLS deve ser desabilitada, o que é um comportamento esperado em ambientes de produção para permitir conexões seguras. A desativação da verificação TLS só deve ser usada para fins de depuração e não constitui uma vulnerabilidade real neste contexto.",3,especifica,baseline:597fcfa9,a81b6f5ca3a4f70c2cdbca1436fd138ccc84976ee981aa1726e3dff9ae4e4311,763,82,0.00000000,N/A,
fba695ad:CWE-319:false_positive#2,project-zot/zot,CWE-319,FP,ollama:qwen2.5-coder:7b,baseline,seguro,DETECTADO,Semgrep FP (ruído sobre código seguro),VP,Falso Positivo (Ruído Mantido),12.03,"O código desabilita a verificação de certificados TLS/SSL, o que torna o cliente HTTP vulnerável a ataques de man-in-the-middle (MTM). Esta prática deve ser usada apenas para fins de depuração e não em produção.",3,especifica,baseline:597fcfa9,a81b6f5ca3a4f70c2cdbca1436fd138ccc84976ee981aa1726e3dff9ae4e4311,382,71,0.00000000,N/A,
fba695ad:CWE-327:false_positive,project-zot/zot,CWE-327,FP,ollama:qwen2.5-coder:7b,baseline,seguro,DETECTADO,Semgrep FP (ruído sobre código seguro),FP,Verdadeiro Negativo (Acerto),17.31,"O alerta é um FALSO POSITIVO porque o código não configura explicitamente a versão mínima do TLS. A função `getRandomClientIPs` cria uma instância de `resty.Client` e, se necessário, define um transporte personalizado com um `tls.Config`. No entanto, o alerta sugere que a versão mínima do TLS deve ser definida como `tls.VersionTLS13`, mas isso não é feito no código fornecido. O código apenas verifica se o esquema da URL é seguro e, nesse caso, configura `InsecureSkipVerify` para ignorar verificações de certificado, o que pode ser considerado uma prática insegura em produção. Portanto, o alerta não identifica uma vulnerabilidade real neste contexto.",4,especifica,baseline:597fcfa9,a81b6f5ca3a4f70c2cdbca1436fd138ccc84976ee981aa1726e3dff9ae4e4311,719,187,0.00000000,N/A,
fba695ad:CWE-327:false_positive#1,project-zot/zot,CWE-327,FP,ollama:qwen2.5-coder:7b,baseline,seguro,DETECTADO,Semgrep FP (ruído sobre código seguro),FP,Verdadeiro Negativo (Acerto),16.77,"O alerta indica que a versão mínima do TLS não foi definida, o que é considerado uma prática recomendada para segurança. No entanto, no contexto fornecido, o código verifica se `lc.UseSSL` é verdadeiro antes de tentar estabelecer uma conexão SSL/TLS. Se `lc.UseSSL` for falso, a função `ldap.Dial` será chamada sem TLS, e não haverá necessidade de definir a versão mínima do TLS. Portanto, o alerta pode ser um FALSO POSITIVO porque, neste caso específico, a ausência da definição de `MinVersion` não constitui uma vulnerabilidade.",4,especifica,baseline:597fcfa9,a81b6f5ca3a4f70c2cdbca1436fd138ccc84976ee981aa1726e3dff9ae4e4311,807,163,0.00000000,N/A,
fba695ad:CWE-327:false_positive#2,project-zot/zot,CWE-327,FP,ollama:qwen2.5-coder:7b,baseline,seguro,DETECTADO,Semgrep FP (ruído sobre código seguro),FP,Verdadeiro Negativo (Acerto),13.88,"O alerta indica que a versão mínima do TLS deve ser definida como TLS 1.3, mas o código já configura explicitamente `MinVersion: tls.VersionTLS12`. Como o código especifica uma versão mínima de TLS superior à recomendação (TLS 1.2), não há necessidade de alterar a versão mínima para TLS 1.3 neste contexto.",4,especifica,baseline:597fcfa9,a81b6f5ca3a4f70c2cdbca1436fd138ccc84976ee981aa1726e3dff9ae4e4311,854,103,0.00000000,N/A,
fba695ad:CWE-327:false_positive#3,project-zot/zot,CWE-327,FP,ollama:qwen2.5-coder:7b,baseline,seguro,DETECTADO,Semgrep FP (ruído sobre código seguro),FP,Verdadeiro Negativo (Acerto),13.37,"O código fornecido não configura explicitamente a versão mínima do TLS. Em vez disso, ele desabilita a verificação de certificados SSL (`InsecureSkipVerify: true`). Isso significa que o cliente HTTP está configurado para ignorar completamente a segurança TLS, o que é uma vulnerabilidade séria e não relacionada à ausência da configuração de versão mínima do TLS.",4,especifica,baseline:597fcfa9,a81b6f5ca3a4f70c2cdbca1436fd138ccc84976ee981aa1726e3dff9ae4e4311,473,104,0.00000000,N/A,
fba695ad:CWE-338:false_positive,project-zot/zot,CWE-338,FP,ollama:qwen2.5-coder:7b,baseline,seguro,DETECTADO,Semgrep FP (ruído sobre código seguro),FP,Verdadeiro Negativo (Acerto),19.52,"O alerta é um FALSO POSITIVO porque o uso de `math/rand` neste contexto não constitui uma vulnerabilidade. A função `makeHTTPGetRequest` está sendo usada para fazer solicitações HTTP, e a geração de números aleatórios nesse caso não é crítica para a segurança da aplicação. O alerta foi emitido por uma ferramenta que recomenda o uso de `crypto/rand` em vez de `math/rand`, mas neste contexto específico, o uso de `math/rand` é aceitável e não representa uma vulnerabilidade.",3,especifica,baseline:597fcfa9,a81b6f5ca3a4f70c2cdbca1436fd138ccc84976ee981aa1726e3dff9ae4e4311,449,137,0.00000000,N/A,
fba695ad:CWE-338:false_positive#1,project-zot/zot,CWE-338,FP,ollama:qwen2.5-coder:7b,baseline,seguro,DETECTADO,Semgrep FP (ruído sobre código seguro),VP,Falso Positivo (Ruído Mantido),15.76,"O alerta é um VERDADEIRO POSITIVO (VP) porque o código está usando a biblioteca `math/rand` para gerar números aleatórios, que não é seguro para uso em contextos críticos de segurança. A ferramenta recomenda usar `crypto/rand` em vez disso, pois `crypto/rand` fornece números aleatórios criptograficamente seguros.",3,especifica,baseline:597fcfa9,a81b6f5ca3a4f70c2cdbca1436fd138ccc84976ee981aa1726e3dff9ae4e4311,527,102,0.00000000,N/A,
fba695ad:CWE-338:false_positive#2,project-zot/zot,CWE-338,FP,ollama:qwen2.5-coder:7b,baseline,seguro,DETECTADO,Semgrep FP (ruído sobre código seguro),FP,Verdadeiro Negativo (Acerto),14.61,"O alerta é um FALSO POSITIVO neste contexto. A função `math/rand` está sendo usada em uma situação que não requer segurança criptográfica, especificamente para gerar números aleatórios para nomes de arquivos temporários. O uso de `math/rand` nesta situação é seguro e aceitável.",3,especifica,baseline:597fcfa9,a81b6f5ca3a4f70c2cdbca1436fd138ccc84976ee981aa1726e3dff9ae4e4311,494,87,0.00000000,N/A,
fba695ad:CWE-614:false_positive,project-zot/zot,CWE-614,FP,ollama:qwen2.5-coder:7b,baseline,seguro,DETECTADO,Semgrep FP (ruído sobre código seguro),FP,Verdadeiro Negativo (Acerto),15.88,"O alerta é um FALSO POSITIVO porque o código não está criando uma cookie de sessão com a flag 'Secure' definida. A função `http.SetCookie` já garante que a cookie seja enviada apenas por HTTPS, conforme a documentação oficial do Go: ""If the Secure flag is true, the cookie will only be sent over secure channels."" Portanto, não há necessidade de explicitamente definir a flag 'Secure' na criação da cookie.",1,especifica,baseline:597fcfa9,a81b6f5ca3a4f70c2cdbca1436fd138ccc84976ee981aa1726e3dff9ae4e4311,552,118,0.00000000,N/A,
fba695ad:CWE-665:false_positive,project-zot/zot,CWE-665,FP,ollama:qwen2.5-coder:7b,baseline,seguro,DETECTADO,Semgrep FP (ruído sobre código seguro),FP,Verdadeiro Negativo (Acerto),17.51,"O alerta indica que a variável `digest` pode ser modificada e usada posteriormente em caso de erro. No entanto, no contexto fornecido, o valor de `digest` é calculado pela função `imgStore.PutImageManifest`, que não retorna um valor nulo ou modificado em qualquer caminho de erro. Além disso, a variável `digest` é usada apenas para definir cabeçalhos e retornar uma resposta, sem ser modificada novamente após sua inicialização.",2,especifica,baseline:597fcfa9,a81b6f5ca3a4f70c2cdbca1436fd138ccc84976ee981aa1726e3dff9ae4e4311,1254,124,0.00000000,N/A,
fba695ad:CWE-665:false_positive#1,project-zot/zot,CWE-665,FP,ollama:qwen2.5-coder:7b,baseline,seguro,DETECTADO,Semgrep FP (ruído sobre código seguro),FP,Verdadeiro Negativo (Acerto),19.12,"O alerta indica que a variável `userAc` pode ser modificada e usada posteriormente em caso de erro. No entanto, no contexto fornecido, isso não constitui uma vulnerabilidade real. A função `reqCtx.UserAcFromContext(request.Context())` é chamada apenas uma vez e seu valor é armazenado na variável `userAc`. Se ocorrer um erro nesta chamada, a função retorna imediatamente com o erro, evitando que `userAc` seja modificado. Além disso, se `userAc` for `nil`, a função `AuthzFail` será chamada corretamente sem tentar acessar propriedades de `userAc`. Portanto, este é um FALSO POSITIVO.",2,especifica,baseline:597fcfa9,a81b6f5ca3a4f70c2cdbca1436fd138ccc84976ee981aa1726e3dff9ae4e4311,519,179,0.00000000,N/A,
fba695ad:CWE-667:false_positive,project-zot/zot,CWE-667,FP,ollama:qwen2.5-coder:7b,baseline,seguro,DETECTADO,Semgrep FP (ruído sobre código seguro),FP,Verdadeiro Negativo (Acerto),14.19,"O alerta indica que a variável `httpClientLock` não está sendo desbloqueada antes de retornar da função. No entanto, o contexto fornecido não mostra onde esta variável é usada ou bloqueada. É possível que este seja um falso positivo se `httpClientLock` nunca seja usado para proteger uma seção crítica no código.",1,especifica,baseline:597fcfa9,a81b6f5ca3a4f70c2cdbca1436fd138ccc84976ee981aa1726e3dff9ae4e4311,318,93,0.00000000,N/A,
fba695ad:CWE-681:false_positive,project-zot/zot,CWE-681,FP,ollama:qwen2.5-coder:7b,baseline,seguro,DETECTADO,Semgrep FP (ruído sobre código seguro),FP,Verdadeiro Negativo (Acerto),13.52,"O alerta é um FALSO POSITIVO. A conversão de string para inteiro (`strconv.Atoi`) não envolve downcasting ou mudança de sinal, pois o tipo `int` em Go é sempre assinado (signed). Portanto, esta operação não apresenta vulnerabilidade.",1,especifica,baseline:597fcfa9,a81b6f5ca3a4f70c2cdbca1436fd138ccc84976ee981aa1726e3dff9ae4e4311,673,80,0.00000000,N/A,
fba695ad:CWE-79:false_positive,project-zot/zot,CWE-79,FP,ollama:qwen2.5-coder:7b,baseline,seguro,DETECTADO,Semgrep FP (ruído sobre código seguro),FP,Verdadeiro Negativo (Acerto),14.46,"O código não está diretamente escrevendo em 'http.ResponseWriter' sem escape HTML. Ele primeiro serializa os dados em JSON usando a biblioteca `jsoniter`, que já realiza o escape de caracteres especiais, e depois escreve o JSON resultante no 'http.ResponseWriter'. Portanto, este código não constitui uma vulnerabilidade XSS.",4,especifica,baseline:597fcfa9,a81b6f5ca3a4f70c2cdbca1436fd138ccc84976ee981aa1726e3dff9ae4e4311,504,87,0.00000000,N/A,
fba695ad:CWE-79:false_positive#1,project-zot/zot,CWE-79,FP,ollama:qwen2.5-coder:7b,baseline,seguro,DETECTADO,Semgrep FP (ruído sobre código seguro),FP,Verdadeiro Negativo (Acerto),15.34,"O código não está diretamente escrevendo dados em 'http.ResponseWriter' sem escape HTML. Em vez disso, ele usa a função 'w.Write(data)', que é segura para este propósito quando os dados são provenientes de uma fonte confiável e já foram adequadamente processados. O alerta pode estar incorretamente sinalizando uma vulnerabilidade XSS porque não há evidências de que o código esteja violando as práticas recomendadas para evitar ataques XSS.",4,especifica,baseline:597fcfa9,a81b6f5ca3a4f70c2cdbca1436fd138ccc84976ee981aa1726e3dff9ae4e4311,357,118,0.00000000,N/A,
fba695ad:CWE-79:false_positive#2,project-zot/zot,CWE-79,FP,ollama:qwen2.5-coder:7b,baseline,seguro,DETECTADO,Semgrep FP (ruído sobre código seguro),FP,Verdadeiro Negativo (Acerto),15.36,"O código não está diretamente escrevendo em 'http.ResponseWriter' sem escape HTML. Em vez disso, ele usa a função `zcommon.MarshalThroughStruct` para serializar o objeto `sanitizedConfig`, que provavelmente já foi sanitizado adequadamente. O resultado da serialização é então escrito no `ResponseWriter`. Como não há evidências de escrita direta em 'http.ResponseWriter' sem escape HTML, este alerta pode ser um falso positivo.",4,especifica,baseline:597fcfa9,a81b6f5ca3a4f70c2cdbca1436fd138ccc84976ee981aa1726e3dff9ae4e4311,413,117,0.00000000,N/A,
fba695ad:CWE-79:false_positive#3,project-zot/zot,CWE-79,FP,ollama:qwen2.5-coder:7b,baseline,seguro,DETECTADO,Semgrep FP (ruído sobre código seguro),FP,Verdadeiro Negativo (Acerto),13.90,"O código não está diretamente escrevendo dados em 'http.ResponseWriter' sem qualquer processamento de escape HTML. Ele lê um arquivo HTML estático e o escreve diretamente para a resposta, mas isso é seguro porque o conteúdo do arquivo é considerado estático e não contém dados dinâmicos que possam ser injetados pelo usuário.",4,especifica,baseline:597fcfa9,a81b6f5ca3a4f70c2cdbca1436fd138ccc84976ee981aa1726e3dff9ae4e4311,374,92,0.00000000,N/A,
d726a795:CWE-319:false_positive,quic-go/quic-go,CWE-319,FP,ollama:qwen2.5-coder:7b,baseline,seguro,DETECTADO,Semgrep FP (ruído sobre código seguro),FP,Verdadeiro Negativo (Acerto),13.19,"O código está sendo usado para fins de teste e não em produção. A desativação da verificação de certificado TLS/SSL é permitida neste contexto como parte do processo de depuração, conforme indicado no alerta.",3,especifica,baseline:597fcfa9,a81b6f5ca3a4f70c2cdbca1436fd138ccc84976ee981aa1726e3dff9ae4e4311,485,65,0.00000000,N/A,
d726a795:CWE-319:false_positive#1,quic-go/quic-go,CWE-319,FP,ollama:qwen2.5-coder:7b,baseline,seguro,DETECTADO,Semgrep FP (ruído sobre código seguro),FP,Verdadeiro Negativo (Acerto),16.42,"O alerta é um FALSO POSITIVO porque o código em questão já utiliza `http.ListenAndServeTLS` para iniciar servidores HTTP com TLS. A linha 133 mencionada no alerta não contém uma chamada a `http.ListenAndServe`, mas sim à função anônima que inicia servidores HTTP com TLS usando `http.ListenAndServeTLS`. Portanto, o alerta está incorretamente sinalizando um problema em uma parte do código que já é seguro.",3,especifica,baseline:597fcfa9,a81b6f5ca3a4f70c2cdbca1436fd138ccc84976ee981aa1726e3dff9ae4e4311,672,120,0.00000000,N/A,
d726a795:CWE-319:false_positive#2,quic-go/quic-go,CWE-319,FP,ollama:qwen2.5-coder:7b,baseline,seguro,DETECTADO,Semgrep FP (ruído sobre código seguro),FP,Verdadeiro Negativo (Acerto),17.06,"O código está configurando uma conexão TLS com a opção `InsecureSkipVerify` definida como `true`, o que desativa a verificação de certificados SSL/TLS. No entanto, este código parece ser parte de um teste ou ambiente de desenvolvimento onde tal configuração pode ser aceitável para fins de depuração. O alerta é emitido por uma ferramenta de análise estática que considera essa prática como potencialmente perigosa em ambientes de produção, mas neste contexto específico, parece ser uma abordagem adequada.",3,especifica,baseline:597fcfa9,a81b6f5ca3a4f70c2cdbca1436fd138ccc84976ee981aa1726e3dff9ae4e4311,517,137,0.00000000,N/A,
d726a795:CWE-326:false_positive,quic-go/quic-go,CWE-326,FP,ollama:qwen2.5-coder:7b,baseline,seguro,DETECTADO,Semgrep FP (ruído sobre código seguro),VP,Falso Positivo (Ruído Mantido),14.51,"O código gera uma chave RSA com apenas 1024 bits, o que é considerado muito fraco em termos de segurança. A ferramenta Semgrep alerta corretamente sobre a utilização de chaves RSA frágeis, pois as chaves devem ter pelo menos 2048 bits para serem seguras contra ataques modernos.",2,fallback,baseline:597fcfa9,a81b6f5ca3a4f70c2cdbca1436fd138ccc84976ee981aa1726e3dff9ae4e4311,502,97,0.00000000,N/A,
d726a795:CWE-326:false_positive#1,quic-go/quic-go,CWE-326,FP,ollama:qwen2.5-coder:7b,baseline,seguro,DETECTADO,Semgrep FP (ruído sobre código seguro),FP,Verdadeiro Negativo (Acerto),16.02,"O código gera chaves RSA com tamanho de 1024 bits, o que é considerado uma chave fraca. No entanto, este código parece ser parte de um exemplo ou teste, onde a segurança pode não ser um fator crítico. Além disso, a ferramenta Semgrep está configurada para emitir alertas em qualquer uso de chaves RSA com menos de 2048 bits, o que pode levar a FPs em contextos onde a chave é usada apenas para fins de teste ou demonstração.",2,fallback,baseline:597fcfa9,a81b6f5ca3a4f70c2cdbca1436fd138ccc84976ee981aa1726e3dff9ae4e4311,394,133,0.00000000,N/A,
d726a795:CWE-327:false_positive,quic-go/quic-go,CWE-327,FP,ollama:qwen2.5-coder:7b,baseline,seguro,DETECTADO,Semgrep FP (ruído sobre código seguro),FP,Verdadeiro Negativo (Acerto),18.00,"O alerta indica que a versão mínima do TLS não foi definida, o que é considerado uma prática recomendada para segurança. No entanto, no contexto fornecido, a ferramenta Semgrep está emitindo um alerta devido à ausência explícita da configuração `MinVersion` em `tls.Config`. Embora seja uma boa prática configurar explicitamente a versão mínima do TLS, o código fornecido não apresenta uma vulnerabilidade direta. A configuração padrão do Go 1.22 já usa TLS 1.2 como a versão mínima, e a ausência explícita de `MinVersion` neste caso não constitui uma vulnerabilidade.",8,especifica,baseline:597fcfa9,a81b6f5ca3a4f70c2cdbca1436fd138ccc84976ee981aa1726e3dff9ae4e4311,810,169,0.00000000,N/A,
d726a795:CWE-327:false_positive#1,quic-go/quic-go,CWE-327,FP,ollama:qwen2.5-coder:7b,baseline,seguro,DETECTADO,Semgrep FP (ruído sobre código seguro),FP,Verdadeiro Negativo (Acerto),15.42,"O alerta indica que a versão mínima do TLS deve ser definida como TLS 1.3, mas o código fornecido não contém uma configuração de TLS específica. O código usa `InsecureSkipVerify: true`, o que desativa a verificação de certificados SSL/TLS e ignora completamente qualquer consideração de versão mínima do protocolo. Portanto, o alerta é um falso positivo porque não há vulnerabilidade real relacionada à versão mínima do TLS neste contexto.",8,especifica,baseline:597fcfa9,a81b6f5ca3a4f70c2cdbca1436fd138ccc84976ee981aa1726e3dff9ae4e4311,576,127,0.00000000,N/A,
d726a795:CWE-327:false_positive#2,quic-go/quic-go,CWE-327,FP,ollama:qwen2.5-coder:7b,baseline,seguro,DETECTADO,Semgrep FP (ruído sobre código seguro),FP,Verdadeiro Negativo (Acerto),17.86,"O alerta indica que a versão mínima do TLS deve ser definida como TLS 1.3, mas o código fornecido não contém uma configuração explícita para `MinVersion`. No entanto, conforme mencionado no alerta, a versão padrão do Go 1.22 já é TLS 1.2 e, em geral, as aplicações de propósito geral devem usar TLS 1.3 com todas as outras versões desabilitadas. Como o código não está explicitamente configurando uma versão mínima do TLS, mas sim usando a configuração padrão do Go, este alerta pode ser considerado um FALSO POSITIVO.",8,especifica,baseline:597fcfa9,a81b6f5ca3a4f70c2cdbca1436fd138ccc84976ee981aa1726e3dff9ae4e4311,715,166,0.00000000,N/A,
d726a795:CWE-327:false_positive#3,quic-go/quic-go,CWE-327,FP,ollama:qwen2.5-coder:7b,baseline,seguro,DETECTADO,Semgrep FP (ruído sobre código seguro),FP,Verdadeiro Negativo (Acerto),18.47,"O alerta indica que a versão mínima do TLS deve ser definida como TLS 1.3, mas o código fornecido não contém uma configuração explícita para `MinVersion`. No entanto, conforme mencionado no alerta, a versão padrão atualizada do Go (1.22) já usa TLS 1.2 como a versão mínima. Como o código não desativa outras versões de TLS e não especifica uma versão mínima específica, é improvável que isso resulte em uma vulnerabilidade real. Além disso, a configuração do `ServerName` e a substituição dos protocolos ALPN são adequadas para uma conexão segura.",8,especifica,baseline:597fcfa9,a81b6f5ca3a4f70c2cdbca1436fd138ccc84976ee981aa1726e3dff9ae4e4311,872,169,0.00000000,N/A,
d726a795:CWE-327:false_positive#4,quic-go/quic-go,CWE-327,FP,ollama:qwen2.5-coder:7b,baseline,seguro,DETECTADO,Semgrep FP (ruído sobre código seguro),FP,Verdadeiro Negativo (Acerto),16.67,"O código fornecido não configura explicitamente a versão mínima do TLS. A função `GenerateTLSConfigWithLongCertChain` cria uma configuração de TLS, mas não define o campo `MinVersion`. No entanto, conforme mencionado no alerta, como o Go 1.22 usa TLS 1.2 por padrão e as aplicações de propósito geral devem usar TLS 1.3, este código não constitui uma vulnerabilidade em si. O alerta é um falso positivo nesse contexto.",8,especifica,baseline:597fcfa9,a81b6f5ca3a4f70c2cdbca1436fd138ccc84976ee981aa1726e3dff9ae4e4311,876,133,0.00000000,N/A,
d726a795:CWE-327:false_positive#5,quic-go/quic-go,CWE-327,FP,ollama:qwen2.5-coder:7b,baseline,seguro,DETECTADO,Semgrep FP (ruído sobre código seguro),FP,Verdadeiro Negativo (Acerto),17.64,"O alerta indica que a versão mínima do TLS não foi definida, o que é considerado uma prática recomendada para segurança. No entanto, no contexto fornecido, a variável `tlsConf` está sendo usada apenas para configurar um servidor de teste (`runTestcase`). Como este código parece ser usado em um ambiente controlado e provavelmente não exposto à internet, a ausência de definição da versão mínima do TLS não constitui uma vulnerabilidade real. Além disso, o uso de `InsecureSkipVerify: true` sugere que esta configuração é específica para fins de teste e não deve ser usada em produção.",8,especifica,baseline:597fcfa9,a81b6f5ca3a4f70c2cdbca1436fd138ccc84976ee981aa1726e3dff9ae4e4311,608,160,0.00000000,N/A,
d726a795:CWE-327:false_positive#6,quic-go/quic-go,CWE-327,FP,ollama:qwen2.5-coder:7b,baseline,seguro,DETECTADO,Semgrep FP (ruído sobre código seguro),FP,Verdadeiro Negativo (Acerto),15.89,"O alerta indica que a versão mínima do TLS não foi definida, o que é considerado uma prática recomendada para segurança. No entanto, no contexto fornecido, a variável `tlsConf` está sendo inicializada com um novo objeto `tls.Config{}`, o que significa que os valores padrão serão usados, incluindo a versão mínima do TLS 1.2 (como mencionado na mensagem de alerta). Portanto, neste caso específico, não há uma vulnerabilidade real.",8,especifica,baseline:597fcfa9,a81b6f5ca3a4f70c2cdbca1436fd138ccc84976ee981aa1726e3dff9ae4e4311,610,127,0.00000000,N/A,
d726a795:CWE-327:false_positive#7,quic-go/quic-go,CWE-327,FP,ollama:qwen2.5-coder:7b,baseline,seguro,DETECTADO,Semgrep FP (ruído sobre código seguro),FP,Verdadeiro Negativo (Acerto),15.10,"O alerta indica que a versão mínima do TLS não foi definida, o que é considerado uma boa prática de segurança. No entanto, no contexto fornecido, a configuração TLS está sendo usada para um servidor HTTP/3, que requer a versão mínima do TLS 1.3. Portanto, a falta de definição explícita da versão mínima não constitui uma vulnerabilidade neste caso.",8,especifica,baseline:597fcfa9,a81b6f5ca3a4f70c2cdbca1436fd138ccc84976ee981aa1726e3dff9ae4e4311,848,111,0.00000000,N/A,
d726a795:CWE-328:false_positive,quic-go/quic-go,CWE-328,FP,ollama:qwen2.5-coder:7b,baseline,seguro,DETECTADO,Semgrep FP (ruído sobre código seguro),FP,Verdadeiro Negativo (Acerto),21.28,"O uso do algoritmo MD5 neste contexto não constitui uma vulnerabilidade real. O código está sendo usado para calcular o hash de um arquivo enviado pelo usuário, que é um cenário comum em aplicações web que aceitam uploads de arquivos. Embora MD5 seja considerado inseguro para uso em contextos onde a segurança da integridade dos dados é crítica (como autenticação ou assinaturas digitais), neste caso específico, o hash calculado não está sendo usado para fins críticos de segurança. O algoritmo MD5 é apenas sendo utilizado como um mecanismo de identificação única do conteúdo do arquivo, que pode ser facilmente substituído por um algoritmo mais seguro se necessário.",2,especifica,baseline:597fcfa9,a81b6f5ca3a4f70c2cdbca1436fd138ccc84976ee981aa1726e3dff9ae4e4311,1428,172,0.00000000,N/A,
d726a795:CWE-328:false_positive#1,quic-go/quic-go,CWE-328,FP,ollama:qwen2.5-coder:7b,baseline,seguro,DETECTADO,Semgrep FP (ruído sobre código seguro),VP,Falso Positivo (Ruído Mantido),13.19,"O uso do algoritmo SHA1 é considerado inseguro devido à sua falta de resistência contra colisões. Como a função WriteCorpusFile está usando SHA1 para gerar um nome de arquivo baseado em dados, isso pode levar a colisões e comprometer a segurança do sistema.",2,especifica,baseline:597fcfa9,a81b6f5ca3a4f70c2cdbca1436fd138ccc84976ee981aa1726e3dff9ae4e4311,399,83,0.00000000,N/A,
d726a795:CWE-338:false_positive,quic-go/quic-go,CWE-338,FP,ollama:qwen2.5-coder:7b,baseline,seguro,DETECTADO,Semgrep FP (ruído sobre código seguro),FP,Verdadeiro Negativo (Acerto),13.39,"O alerta é um FALSO POSITIVO porque o código está usando `crypto/rand` para gerar chaves RSA, que é uma prática recomendada e segura. O pacote `math/rand` não deve ser usado em contextos onde segurança é crítica, como a geração de chaves criptográficas.",1,especifica,baseline:597fcfa9,a81b6f5ca3a4f70c2cdbca1436fd138ccc84976ee981aa1726e3dff9ae4e4311,618,85,0.00000000,N/A,
d726a795:CWE-667:false_positive,quic-go/quic-go,CWE-667,FP,ollama:qwen2.5-coder:7b,baseline,seguro,DETECTADO,Semgrep FP (ruído sobre código seguro),FP,Verdadeiro Negativo (Acerto),15.16,"O alerta indica que o código está faltando um desbloqueio (`s.receivedPacketMx.Unlock()`) antes de retornar da função. No entanto, no contexto fornecido, isso não constitui uma vulnerabilidade real. O bloco `if numPackets == 0` já contém um desbloqueio antes do retorno, garantindo que o mutex seja sempre desbloqueado antes de sair da função.",3,especifica,baseline:597fcfa9,a81b6f5ca3a4f70c2cdbca1436fd138ccc84976ee981aa1726e3dff9ae4e4311,609,111,0.00000000,N/A,
d726a795:CWE-667:false_positive#1,quic-go/quic-go,CWE-667,FP,ollama:qwen2.5-coder:7b,baseline,seguro,DETECTADO,Semgrep FP (ruído sobre código seguro),FP,Verdadeiro Negativo (Acerto),13.05,"O alerta é um FALSO POSITIVO porque o código já libera o mutex antes de retornar da função. A linha 222 contém `h.mutex.Unlock()`, que garante que o mutex seja desbloqueado antes do retorno da função, evitando qualquer possível problema de concorrência.",3,especifica,baseline:597fcfa9,a81b6f5ca3a4f70c2cdbca1436fd138ccc84976ee981aa1726e3dff9ae4e4311,391,85,0.00000000,N/A,
d726a795:CWE-667:false_positive#2,quic-go/quic-go,CWE-667,FP,ollama:qwen2.5-coder:7b,baseline,seguro,DETECTADO,Semgrep FP (ruído sobre código seguro),FP,Verdadeiro Negativo (Acerto),12.11,"O código já libera o mutex antes de retornar da função. A linha `s.mutex.Unlock()` está localizada antes do `return`, garantindo que o mutex seja sempre desbloqueado antes da saída da função.",3,especifica,baseline:597fcfa9,a81b6f5ca3a4f70c2cdbca1436fd138ccc84976ee981aa1726e3dff9ae4e4311,405,64,0.00000000,N/A,
d726a795:CWE-79:false_positive,quic-go/quic-go,CWE-79,FP,ollama:qwen2.5-coder:7b,baseline,seguro,DETECTADO,Semgrep FP (ruído sobre código seguro),FP,Verdadeiro Negativo (Acerto),15.80,"O alerta é um FALSO POSITIVO porque o código não está diretamente escrevendo dados em 'http.ResponseWriter' sem escape HTML. A função '/demo/tiles' está gerando uma resposta HTML que contém tags de imagem, mas estas tags são geradas de forma segura e não contêm dados do usuário que possam ser injetados ou alterados por meio da entrada do usuário.",2,especifica,baseline:597fcfa9,a81b6f5ca3a4f70c2cdbca1436fd138ccc84976ee981aa1726e3dff9ae4e4311,1438,102,0.00000000,N/A,
d726a795:CWE-79:false_positive#1,quic-go/quic-go,CWE-79,FP,ollama:qwen2.5-coder:7b,baseline,seguro,DETECTADO,Semgrep FP (ruído sobre código seguro),FP,Verdadeiro Negativo (Acerto),14.02,"O alerta é um FALSO POSITIVO porque o código não está diretamente envolvido em renderização de conteúdo gerado pelo usuário. O pacote `text/template` é usado para processar templates Go, mas não há evidências de que o conteúdo seja inserido ou renderizado dinamicamente no contexto da web. Portanto, a vulnerabilidade XSS não se aplica neste caso.",2,especifica,baseline:597fcfa9,a81b6f5ca3a4f70c2cdbca1436fd138ccc84976ee981aa1726e3dff9ae4e4311,589,100,0.00000000,N/A,
98819ca4:CWE-1004:false_positive,siyuan-note/siyuan,CWE-1004,FP,ollama:qwen2.5-coder:7b,baseline,seguro,DETECTADO,Semgrep FP (ruído sobre código seguro),FP,Verdadeiro Negativo (Acerto),15.43,"O alerta é um FALSO POSITIVO porque o código não está lidando com cookies de sessão. O código envia uma solicitação HTTP para um servidor remoto, mas não cria ou manipula cookies de sessão em seu próprio sistema. Portanto, a ausência do sinalizador 'HttpOnly' não constitui uma vulnerabilidade neste contexto.",3,especifica,baseline:597fcfa9,a81b6f5ca3a4f70c2cdbca1436fd138ccc84976ee981aa1726e3dff9ae4e4311,1280,94,0.00000000,N/A,
98819ca4:CWE-1004:false_positive#1,siyuan-note/siyuan,CWE-1004,FP,ollama:qwen2.5-coder:7b,baseline,seguro,DETECTADO,Semgrep FP (ruído sobre código seguro),VP,Falso Positivo (Ruído Mantido),14.89,"O alerta é um VERDADEIRO POSITIVO (VP) porque o código não está configurando a bandeira 'HttpOnly' para o cookie 'symphony'. A ausência desta bandeira pode permitir que scripts do lado do cliente leiam o cookie, o que aumenta o risco de ataques XSS. É recomendável adicionar a bandeira 'HttpOnly' ao cookie para melhorar a segurança.",3,especifica,baseline:597fcfa9,a81b6f5ca3a4f70c2cdbca1436fd138ccc84976ee981aa1726e3dff9ae4e4311,733,105,0.00000000,N/A,
98819ca4:CWE-1004:false_positive#2,siyuan-note/siyuan,CWE-1004,FP,ollama:qwen2.5-coder:7b,baseline,seguro,DETECTADO,Semgrep FP (ruído sobre código seguro),FP,Verdadeiro Negativo (Acerto),14.44,"O alerta é um FALSO POSITIVO porque o código não está criando uma cookie de sessão. Em vez disso, ele está usando cookies existentes para autenticação em chamadas HTTP para um serviço externo.",3,especifica,baseline:597fcfa9,a81b6f5ca3a4f70c2cdbca1436fd138ccc84976ee981aa1726e3dff9ae4e4311,1313,66,0.00000000,N/A,
98819ca4:CWE-319:false_positive,siyuan-note/siyuan,CWE-319,FP,ollama:qwen2.5-coder:7b,baseline,seguro,DETECTADO,Semgrep FP (ruído sobre código seguro),FP,Verdadeiro Negativo (Acerto),14.92,"O alerta é um FALSO POSITIVO porque o código está configurado para usar uma conexão HTTP segura através do uso de 'http.ListenAndServeTLS'. A função 'http.ListenAndServeTLS' é chamada dentro do bloco onde a variável 'proxyErr' é verificada, garantindo que a conexão seja feita com TLS. Portanto, não há vulnerabilidade de segurança em relação à ausência de TLS.",1,especifica,baseline:597fcfa9,a81b6f5ca3a4f70c2cdbca1436fd138ccc84976ee981aa1726e3dff9ae4e4311,495,109,0.00000000,N/A,
98819ca4:CWE-328:false_positive,siyuan-note/siyuan,CWE-328,FP,ollama:qwen2.5-coder:7b,baseline,seguro,DETECTADO,Semgrep FP (ruído sobre código seguro),FP,Verdadeiro Negativo (Acerto),26.07,"O alerta é sobre o uso do algoritmo de hash SHA1, que é considerado inseguro. No contexto fornecido, a SHA1 está sendo usada para calcular um hash de uma chave (`Conf.Repo.Key`). Este hash não é usado como parte de um processo criptográfico ou assinatura digital, mas sim como uma forma simples de obter um identificador único para a chave. Como não há evidências de que este hash seja utilizado em operações críticas de segurança, consideramos que este uso da SHA1 não constitui uma vulnerabilidade.",4,especifica,baseline:597fcfa9,a81b6f5ca3a4f70c2cdbca1436fd138ccc84976ee981aa1726e3dff9ae4e4311,3842,139,0.00000000,N/A,
98819ca4:CWE-328:false_positive#1,siyuan-note/siyuan,CWE-328,FP,ollama:qwen2.5-coder:7b,baseline,seguro,DETECTADO,Semgrep FP (ruído sobre código seguro),VP,Falso Positivo (Ruído Mantido),19.71,"O uso do algoritmo SHA1 para calcular hashes em um contexto de segurança é considerado inseguro. SHA1 não é resistente a colisões, o que significa que pode haver dois diferentes dados que produzem o mesmo hash. Isso torna o uso de SHA1 vulnerável a ataques de força bruta e colisão, comprometendo a integridade dos dados. No contexto fornecido, onde hashes são usados para verificar a consistência dos arquivos exportados, o uso do SHA1 pode levar a uma vulnerabilidade de segurança.",4,especifica,baseline:597fcfa9,a81b6f5ca3a4f70c2cdbca1436fd138ccc84976ee981aa1726e3dff9ae4e4311,1549,138,0.00000000,N/A,
98819ca4:CWE-328:false_positive#2,siyuan-note/siyuan,CWE-328,FP,ollama:qwen2.5-coder:7b,baseline,seguro,DETECTADO,Semgrep FP (ruído sobre código seguro),FP,Verdadeiro Negativo (Acerto),18.72,"O alerta é acionado porque o código está usando SHA1 para calcular um hash, mas isso não constitui uma vulnerabilidade em si. O SHA1 é usado aqui apenas para obter um identificador único do conteúdo da chave de repositório, que é então armazenado e usado para inicializar os dados do repositório. Não há uso direto do SHA1 como parte de um processo criptográfico ou assinatura digital.",4,especifica,baseline:597fcfa9,a81b6f5ca3a4f70c2cdbca1436fd138ccc84976ee981aa1726e3dff9ae4e4311,554,111,0.00000000,N/A,
98819ca4:CWE-328:false_positive#3,siyuan-note/siyuan,CWE-328,FP,ollama:qwen2.5-coder:7b,baseline,seguro,DETECTADO,Semgrep FP (ruído sobre código seguro),VP,Falso Positivo (Ruído Mantido),14.03,"O uso do algoritmo SHA1 é considerado inseguro devido à sua vulnerabilidade a colisões. A mensagem do alerta indica que SHA1 não é resistente a colisões e, portanto, não deve ser usado como um algoritmo criptográfico seguro. O código fornecido demonstra explicitamente o uso do SHA1 para calcular hashes, o que constitui uma vulnerabilidade real.",4,especifica,baseline:597fcfa9,a81b6f5ca3a4f70c2cdbca1436fd138ccc84976ee981aa1726e3dff9ae4e4311,356,106,0.00000000,N/A,
98819ca4:CWE-338:false_positive,siyuan-note/siyuan,CWE-338,FP,ollama:qwen2.5-coder:7b,baseline,seguro,DETECTADO,Semgrep FP (ruído sobre código seguro),FP,Verdadeiro Negativo (Acerto),18.43,"O alerta é um FALSO POSITIVO porque o uso de `math/rand` neste contexto não constitui uma vulnerabilidade. O código em questão parece ser relacionado à geração de números aleatórios para fins de refatoração e manipulação de dados, mas não há evidências de que esses números sejam usados para fins críticos como segurança ou criptografia. Portanto, o uso de `math/rand` neste caso é seguro.",6,especifica,baseline:597fcfa9,a81b6f5ca3a4f70c2cdbca1436fd138ccc84976ee981aa1726e3dff9ae4e4311,656,114,0.00000000,N/A,
98819ca4:CWE-338:false_positive#1,siyuan-note/siyuan,CWE-338,FP,ollama:qwen2.5-coder:7b,baseline,seguro,DETECTADO,Semgrep FP (ruído sobre código seguro),FP,Verdadeiro Negativo (Acerto),18.84,"O alerta é um FALSO POSITIVO porque o código está usando `crypto/rand` em vez de `math/rand`. A linha 28 do código fonte menciona explicitamente a importação e uso de `crypto/rand`, que é a biblioteca correta para geração de números aleatórios seguros. O alerta foi emitido por uma ferramenta de análise estática que não distinguiu corretamente entre as duas bibliotecas.",6,especifica,baseline:597fcfa9,a81b6f5ca3a4f70c2cdbca1436fd138ccc84976ee981aa1726e3dff9ae4e4311,661,116,0.00000000,N/A,
98819ca4:CWE-338:false_positive#2,siyuan-note/siyuan,CWE-338,FP,ollama:qwen2.5-coder:7b,baseline,seguro,DETECTADO,Semgrep FP (ruído sobre código seguro),FP,Verdadeiro Negativo (Acerto),15.48,"O alerta é um FALSO POSITIVO porque o código está usando `crypto/rand` para gerar números aleatórios criptograficamente seguros, que é a prática recomendada. A função `rand.Seed(time.Now().UTC().UnixNano())` inicializa o gerador de números aleatórios com uma semente baseada em tempo, mas isso não significa que está usando `math/rand`. O código fornecido não contém chamadas diretas a `math/rand`, então não há vulnerabilidade real.",6,especifica,baseline:597fcfa9,a81b6f5ca3a4f70c2cdbca1436fd138ccc84976ee981aa1726e3dff9ae4e4311,595,127,0.00000000,N/A,
98819ca4:CWE-338:false_positive#3,siyuan-note/siyuan,CWE-338,FP,ollama:qwen2.5-coder:7b,baseline,seguro,DETECTADO,Semgrep FP (ruído sobre código seguro),FP,Verdadeiro Negativo (Acerto),14.86,"O alerta é um FALSO POSITIVO porque o código em questão está usando `math/rand` para gerar números aleatórios, mas isso não constitui uma vulnerabilidade de segurança. O uso de `math/rand` é apropriado neste contexto, pois ele gera números pseudoaleatórios que são suficientes para muitos usos práticos, como geração de IDs temporários ou tokens de sessão.",6,especifica,baseline:597fcfa9,a81b6f5ca3a4f70c2cdbca1436fd138ccc84976ee981aa1726e3dff9ae4e4311,603,108,0.00000000,N/A,
98819ca4:CWE-338:false_positive#4,siyuan-note/siyuan,CWE-338,FP,ollama:qwen2.5-coder:7b,baseline,seguro,DETECTADO,Semgrep FP (ruído sobre código seguro),FP,Verdadeiro Negativo (Acerto),13.44,"O alerta é um FALSO POSITIVO porque o código em questão não está utilizando a função `math/rand` diretamente. Em vez disso, ele usa a função `rand.Intn()` para gerar números aleatórios, que é uma prática recomendada e segura para muitos usos.",6,especifica,baseline:597fcfa9,a81b6f5ca3a4f70c2cdbca1436fd138ccc84976ee981aa1726e3dff9ae4e4311,590,82,0.00000000,N/A,
98819ca4:CWE-338:false_positive#5,siyuan-note/siyuan,CWE-338,FP,ollama:qwen2.5-coder:7b,baseline,seguro,DETECTADO,Semgrep FP (ruído sobre código seguro),VP,Falso Positivo (Ruído Mantido),14.44,"O alerta é um VERDADEIRO POSITIVO (VP) porque o código está usando a biblioteca `math/rand` para gerar números aleatórios, que não é seguro para uso em contextos onde segurança é crítica. A ferramenta recomenda usar `crypto/rand` em vez disso, pois ela fornece geração de números aleatórios criptograficamente seguros.",6,especifica,baseline:597fcfa9,a81b6f5ca3a4f70c2cdbca1436fd138ccc84976ee981aa1726e3dff9ae4e4311,616,101,0.00000000,N/A,
98819ca4:CWE-614:false_positive,siyuan-note/siyuan,CWE-614,FP,ollama:qwen2.5-coder:7b,baseline,seguro,DETECTADO,Semgrep FP (ruído sobre código seguro),FP,Verdadeiro Negativo (Acerto),15.54,"O alerta é um FALSO POSITIVO porque o código não está lidando com cookies de sessão. O alerta foi emitido em relação à linha 476, mas a função `uploadAssets2Cloud` não contém nenhuma referência a cookies de sessão. A função envia arquivos para um servidor remoto e não manipula cookies.",3,especifica,baseline:597fcfa9,a81b6f5ca3a4f70c2cdbca1436fd138ccc84976ee981aa1726e3dff9ae4e4311,1268,96,0.00000000,N/A,
98819ca4:CWE-614:false_positive#1,siyuan-note/siyuan,CWE-614,FP,ollama:qwen2.5-coder:7b,baseline,seguro,DETECTADO,Semgrep FP (ruído sobre código seguro),FP,Verdadeiro Negativo (Acerto),14.36,"O alerta é um FALSO POSITIVO porque o cookie 'symphony' está sendo enviado apenas por meio de uma conexão HTTPS, conforme indicado pela URL utilizada na chamada HTTP (`util.GetCloudServer() + ""/apis/siyuan/ai/chatGPT""`). Como a comunicação ocorre via HTTPS, não há risco de transmissão insegura do cookie.",3,especifica,baseline:597fcfa9,a81b6f5ca3a4f70c2cdbca1436fd138ccc84976ee981aa1726e3dff9ae4e4311,721,100,0.00000000,N/A,
98819ca4:CWE-614:false_positive#2,siyuan-note/siyuan,CWE-614,FP,ollama:qwen2.5-coder:7b,baseline,seguro,DETECTADO,Semgrep FP (ruído sobre código seguro),FP,Verdadeiro Negativo (Acerto),15.57,"O alerta é um FALSO POSITIVO porque o código não está lidando com cookies de sessão. O alerta foi emitido em relação a uma chamada HTTP que usa cookies, mas esses cookies não são cookies de sessão. Além disso, o código não está configurando ou manipulando cookies de sessão.",3,especifica,baseline:597fcfa9,a81b6f5ca3a4f70c2cdbca1436fd138ccc84976ee981aa1726e3dff9ae4e4311,1301,88,0.00000000,N/A,
98819ca4:CWE-665:false_positive,siyuan-note/siyuan,CWE-665,FP,ollama:qwen2.5-coder:7b,baseline,seguro,DETECTADO,Semgrep FP (ruído sobre código seguro),FP,Verdadeiro Negativo (Acerto),17.33,"O alerta indica que a variável `doc` pode ser modificada e usada posteriormente em caso de erro. No entanto, no contexto fornecido, isso não constitui uma vulnerabilidade real. A função `instance.OpenDocument` é chamada dentro do loop, o que significa que `doc` será reatribuído a cada iteração. Além disso, se ocorrer um erro durante a abertura do documento, a variável `doc` não será usada novamente e a função retornará imediatamente com um erro. Portanto, não há risco de uma dereferência nula.",2,especifica,baseline:597fcfa9,a81b6f5ca3a4f70c2cdbca1436fd138ccc84976ee981aa1726e3dff9ae4e4311,606,147,0.00000000,N/A,
98819ca4:CWE-665:false_positive#1,siyuan-note/siyuan,CWE-665,FP,ollama:qwen2.5-coder:7b,baseline,seguro,DETECTADO,Semgrep FP (ruído sobre código seguro),FP,Verdadeiro Negativo (Acerto),16.45,"O alerta indica que o código está iterando sobre um mapa chamado `attrs`, mas não há evidências de que este mapa possa estar vazio. O mapa é inicializado como vazio, mas logo após isso, ele é populado com dados deserializados do JSON em `operation.Data`. Além disso, a função verifica se o valor de cada atributo é uma string vazia e, dependendo disso, remove ou define um atributo no nó. Portanto, não há risco real de iterar sobre um mapa vazio neste contexto.",2,especifica,baseline:597fcfa9,a81b6f5ca3a4f70c2cdbca1436fd138ccc84976ee981aa1726e3dff9ae4e4311,661,134,0.00000000,N/A,
98819ca4:CWE-667:false_positive,siyuan-note/siyuan,CWE-667,FP,ollama:qwen2.5-coder:7b,baseline,seguro,DETECTADO,Semgrep FP (ruído sobre código seguro),FP,Verdadeiro Negativo (Acerto),16.51,"O alerta indica que o código está faltando um desbloqueio (`assetsTextsLock.Unlock()`) antes do retorno da função. No entanto, no contexto fornecido, a função `LoadAssetsTexts` retorna imediatamente se o arquivo não existe (`if !filelock.IsExist(assetsTextsPath) { return }`). Como não há nenhum caminho de código que possa levar à execução da linha 93 sem um desbloqueio previamente, este alerta é considerado um FALSO POSITIVO.",1,especifica,baseline:597fcfa9,a81b6f5ca3a4f70c2cdbca1436fd138ccc84976ee981aa1726e3dff9ae4e4311,550,138,0.00000000,N/A,
98819ca4:CWE-89:false_positive,siyuan-note/siyuan,CWE-89,FP,ollama:qwen2.5-coder:7b,baseline,seguro,DETECTADO,Semgrep FP (ruído sobre código seguro),VP,Falso Positivo (Ruído Mantido),13.90,O código utiliza uma string-formatted SQL query diretamente com os valores de entrada (`ids`). Isso pode levar a uma injeção SQL se os valores de `ids` não forem adequadamente sanitizados. A vulnerabilidade é real porque o código não verifica ou limpa os valores de entrada antes de incorporá-los na consulta SQL.,1,fallback,baseline:597fcfa9,a81b6f5ca3a4f70c2cdbca1436fd138ccc84976ee981aa1726e3dff9ae4e4311,477,90,0.00000000,N/A,
98819ca4:CWE-94:false_positive,siyuan-note/siyuan,CWE-94,FP,ollama:qwen2.5-coder:7b,baseline,seguro,DETECTADO,Semgrep FP (ruído sobre código seguro),FP,Verdadeiro Negativo (Acerto),17.11,"O alerta é um FALSO POSITIVO porque o código não executa comandos externos diretamente. Em vez disso, ele usa a biblioteca `exec.Command` para invocar o Pandoc, que é uma ferramenta de linha de comando externa. O Pandoc é configurado e chamado através do Go, mas o comando em si não é construído dinamicamente com dados não verificados do usuário. Portanto, não há risco de injeção de código.",4,especifica,baseline:597fcfa9,a81b6f5ca3a4f70c2cdbca1436fd138ccc84976ee981aa1726e3dff9ae4e4311,975,125,0.00000000,N/A,
98819ca4:CWE-94:false_positive#1,siyuan-note/siyuan,CWE-94,FP,ollama:qwen2.5-coder:7b,baseline,seguro,DETECTADO,Semgrep FP (ruído sobre código seguro),FP,Verdadeiro Negativo (Acerto),14.86,"O código não executa comandos dinâmicos provenientes de dados do usuário. A variável `newVerInstallPkgPath` é usada para especificar o caminho do executável a ser instalado, mas não há evidências de que este valor seja obtido ou modificado por um usuário. Além disso, os comandos específicos (`chmod` e `open`) são chamados diretamente no código, não dinamicamente.",4,especifica,baseline:597fcfa9,a81b6f5ca3a4f70c2cdbca1436fd138ccc84976ee981aa1726e3dff9ae4e4311,461,112,0.00000000,N/A,
98819ca4:CWE-94:false_positive#2,siyuan-note/siyuan,CWE-94,FP,ollama:qwen2.5-coder:7b,baseline,seguro,DETECTADO,Semgrep FP (ruído sobre código seguro),FP,Verdadeiro Negativo (Acerto),14.92,"O alerta é um FALSO POSITIVO porque o comando `exec.CommandContext` está sendo usado para invocar a ferramenta Tesseract, que é uma aplicação externa cujo código-fonte é controlado pela comunidade e não pelo usuário final. Como essa ferramenta é confiável e não pode ser alterada pelo usuário, não há risco de injeção de código malicioso.",4,especifica,baseline:597fcfa9,a81b6f5ca3a4f70c2cdbca1436fd138ccc84976ee981aa1726e3dff9ae4e4311,843,106,0.00000000,N/A,
98819ca4:CWE-94:false_positive#3,siyuan-note/siyuan,CWE-94,FP,ollama:qwen2.5-coder:7b,baseline,seguro,DETECTADO,Semgrep FP (ruído sobre código seguro),FP,Verdadeiro Negativo (Acerto),15.56,"O alerta é um FALSO POSITIVO porque o código não executa comandos dinâmicos fornecidos pelo usuário. A função `ConvertPandoc` aceita argumentos variáveis (`args ...string`) que são passados diretamente para a função `exec.Command`, mas esses argumentos são definidos no contexto da função e não vêm de uma fonte externa ou do usuário. Portanto, não há risco de injeção de código malicioso.",4,especifica,baseline:597fcfa9,a81b6f5ca3a4f70c2cdbca1436fd138ccc84976ee981aa1726e3dff9ae4e4311,523,121,0.00000000,N/A,
b311a5c9:CWE-1004:false_positive,sysadminsmedia/homebox,CWE-1004,FP,ollama:qwen2.5-coder:7b,baseline,seguro,DETECTADO,Semgrep FP (ruído sobre código seguro),FP,Verdadeiro Negativo (Acerto),14.80,"O alerta indica que a cookie de sessão não tem o 'HttpOnly' flag definido, o que pode levar a uma vulnerabilidade XSS. No entanto, no código fornecido, a cookie de sessão é explicitamente configurada com 'HttpOnly: false', o que significa que ela não terá o 'HttpOnly' flag definido. Portanto, este alerta é um FALSO POSITIVO.",1,especifica,baseline:597fcfa9,a81b6f5ca3a4f70c2cdbca1436fd138ccc84976ee981aa1726e3dff9ae4e4311,564,108,0.00000000,N/A,
b311a5c9:CWE-328:false_positive,sysadminsmedia/homebox,CWE-328,FP,ollama:qwen2.5-coder:7b,baseline,seguro,DETECTADO,Semgrep FP (ruído sobre código seguro),FP,Verdadeiro Negativo (Acerto),16.40,"O alerta é um FALSO POSITIVO porque o código não está usando MD5 diretamente para fins de autenticação ou integridade. Em vez disso, ele usa Blake3 para gerar uma chave derivada e depois calcula um hash MD5 do conteúdo do arquivo para fins de armazenamento em blob storage. O uso de MD5 aqui é seguro porque não está sendo usado como parte de um processo de autenticação ou integridade, mas sim como um componente secundário na criação de uma chave derivada.",1,especifica,baseline:597fcfa9,a81b6f5ca3a4f70c2cdbca1436fd138ccc84976ee981aa1726e3dff9ae4e4311,764,131,0.00000000,N/A,
b311a5c9:CWE-338:false_positive,sysadminsmedia/homebox,CWE-338,FP,ollama:qwen2.5-coder:7b,baseline,seguro,DETECTADO,Semgrep FP (ruído sobre código seguro),FP,Verdadeiro Negativo (Acerto),12.94,"O alerta é um FALSO POSITIVO porque o código está sendo usado para fins de geração de dados fictícios, não para operações críticas que exigem segurança criptográfica. A função `math/rand` é apropriada neste contexto.",1,especifica,baseline:597fcfa9,a81b6f5ca3a4f70c2cdbca1436fd138ccc84976ee981aa1726e3dff9ae4e4311,421,74,0.00000000,N/A,
b311a5c9:CWE-614:false_positive,sysadminsmedia/homebox,CWE-614,FP,ollama:qwen2.5-coder:7b,baseline,seguro,DETECTADO,Semgrep FP (ruído sobre código seguro),FP,Verdadeiro Negativo (Acerto),17.19,"O alerta indica que a cookie de sessão não tem o 'Secure' flag definido, o que pode levar à transmissão da cookie por canais inseguros como HTTP. No entanto, no contexto fornecido, a função `setCookies` é chamada com um valor booleano para `ctrl.cookieSecure`, que deve ser uma variável controlada pelo sistema e não diretamente exposta ao usuário. Portanto, se essa variável estiver configurada corretamente em algum lugar do código (por exemplo, em uma configuração de ambiente ou em uma função de inicialização), este alerta pode ser um falso positivo.",1,especifica,baseline:597fcfa9,a81b6f5ca3a4f70c2cdbca1436fd138ccc84976ee981aa1726e3dff9ae4e4311,552,154,0.00000000,N/A,
b311a5c9:CWE-79:false_positive,sysadminsmedia/homebox,CWE-79,FP,ollama:qwen2.5-coder:7b,baseline,seguro,DETECTADO,Semgrep FP (ruído sobre código seguro),FP,Verdadeiro Negativo (Acerto),13.75,"O código não está diretamente escrevendo dados em 'http.ResponseWriter' sem escape HTML. Ele está exportando um arquivo CSV, que não é sujeito a ataques de cross-site scripting (XSS) porque os dados são tratados como texto simples e não como conteúdo HTML.",7,especifica,baseline:597fcfa9,a81b6f5ca3a4f70c2cdbca1436fd138ccc84976ee981aa1726e3dff9ae4e4311,438,76,0.00000000,N/A,
b311a5c9:CWE-79:false_positive#1,sysadminsmedia/homebox,CWE-79,FP,ollama:qwen2.5-coder:7b,baseline,seguro,DETECTADO,Semgrep FP (ruído sobre código seguro),FP,Verdadeiro Negativo (Acerto),14.21,"O alerta é um FALSO POSITIVO porque o código não está diretamente envolvido em renderizar conteúdo gerado pelo usuário. O pacote `text/template` é usado apenas para processar templates de texto, que geralmente contêm dados controlados pelo sistema e não por usuários finais. Portanto, não há risco de Cross-Site Scripting (XSS) neste contexto.",7,especifica,baseline:597fcfa9,a81b6f5ca3a4f70c2cdbca1436fd138ccc84976ee981aa1726e3dff9ae4e4311,621,102,0.00000000,N/A,
b311a5c9:CWE-79:false_positive#2,sysadminsmedia/homebox,CWE-79,FP,ollama:qwen2.5-coder:7b,baseline,seguro,DETECTADO,Semgrep FP (ruído sobre código seguro),FP,Verdadeiro Negativo (Acerto),12.88,"O código não está utilizando a função `text/template` para renderizar conteúdo HTML, então não há risco de Cross-Site Scripting (XSS). O alerta é um falso positivo porque o uso do pacote `text/template` neste contexto específico não constitui uma vulnerabilidade XSS.",7,especifica,baseline:597fcfa9,a81b6f5ca3a4f70c2cdbca1436fd138ccc84976ee981aa1726e3dff9ae4e4311,569,79,0.00000000,N/A,
b311a5c9:CWE-94:false_positive,sysadminsmedia/homebox,CWE-94,FP,ollama:qwen2.5-coder:7b,baseline,seguro,DETECTADO,Semgrep FP (ruído sobre código seguro),FP,Verdadeiro Negativo (Acerto),14.64,"O alerta é um FALSO POSITIVO porque o código não executa comandos dinâmicos fornecidos pelo usuário. O comando a ser executado é construído a partir de uma configuração estática (`cfg.LabelMaker.PrintCommand`) e não de dados inseridos por usuários. Portanto, não há risco de injeção de código.",1,especifica,baseline:597fcfa9,a81b6f5ca3a4f70c2cdbca1436fd138ccc84976ee981aa1726e3dff9ae4e4311,596,96,0.00000000,N/A,
gitops-engine:CWE-200:NormalizeSecret:vuln,argoproj/gitops-engine,CWE-200,TP_ouro,ollama:qwen2.5-coder:7b,baseline,vulneravel,NAO_DETECTADO,Semgrep FN (ponto cego simbólico),N/A,N/A (Semgrep nao detectou),6.82,Semgrep nao emitiu alerta para esta CWE (cobertura simbolica).,1,fallback,baseline:597fcfa9,a81b6f5ca3a4f70c2cdbca1436fd138ccc84976ee981aa1726e3dff9ae4e4311,0,0,0.00000000,SEM_ALERTA,
gitops-engine:CWE-200:NormalizeSecret:fix,argoproj/gitops-engine,CWE-200,TP_ouro,ollama:qwen2.5-coder:7b,baseline,seguro,NAO_DETECTADO,Semgrep VN (silêncio correto),N/A,N/A (Semgrep nao detectou),6.01,Semgrep nao emitiu alerta para esta CWE (cobertura simbolica).,1,fallback,baseline:597fcfa9,a81b6f5ca3a4f70c2cdbca1436fd138ccc84976ee981aa1726e3dff9ae4e4311,0,0,0.00000000,SEM_ALERTA,
chall-manager:CWE-405:copyTo:vuln,ctfer-io/chall-manager,CWE-405,TP_ouro,ollama:qwen2.5-coder:7b,baseline,vulneravel,NAO_DETECTADO,Semgrep FN (ponto cego simbólico),N/A,N/A (Semgrep nao detectou),6.03,Semgrep nao emitiu alerta para esta CWE (cobertura simbolica).,1,fallback,baseline:597fcfa9,a81b6f5ca3a4f70c2cdbca1436fd138ccc84976ee981aa1726e3dff9ae4e4311,0,0,0.00000000,SEM_ALERTA,
chall-manager:CWE-405:copyTo:fix,ctfer-io/chall-manager,CWE-405,TP_ouro,ollama:qwen2.5-coder:7b,baseline,seguro,NAO_DETECTADO,Semgrep VN (silêncio correto),N/A,N/A (Semgrep nao detectou),5.99,Semgrep nao emitiu alerta para esta CWE (cobertura simbolica).,1,fallback,baseline:597fcfa9,a81b6f5ca3a4f70c2cdbca1436fd138ccc84976ee981aa1726e3dff9ae4e4311,0,0,0.00000000,SEM_ALERTA,
server:CWE-290:Options:vuln,go-vela/server,CWE-290,TP_ouro,ollama:qwen2.5-coder:7b,baseline,vulneravel,NAO_DETECTADO,Semgrep FN (ponto cego simbólico),N/A,N/A (Semgrep nao detectou),6.08,Semgrep nao emitiu alerta para esta CWE (cobertura simbolica).,1,fallback,baseline:597fcfa9,a81b6f5ca3a4f70c2cdbca1436fd138ccc84976ee981aa1726e3dff9ae4e4311,0,0,0.00000000,SEM_ALERTA,
server:CWE-290:Options:fix,go-vela/server,CWE-290,TP_ouro,ollama:qwen2.5-coder:7b,baseline,seguro,NAO_DETECTADO,Semgrep VN (silêncio correto),N/A,N/A (Semgrep nao detectou),6.94,Semgrep nao emitiu alerta para esta CWE (cobertura simbolica).,1,fallback,baseline:597fcfa9,a81b6f5ca3a4f70c2cdbca1436fd138ccc84976ee981aa1726e3dff9ae4e4311,0,0,0.00000000,SEM_ALERTA,
server:CWE-290:Cors:vuln,go-vela/server,CWE-290,TP_ouro,ollama:qwen2.5-coder:7b,baseline,vulneravel,NAO_DETECTADO,Semgrep FN (ponto cego simbólico),N/A,N/A (Semgrep nao detectou),0.01,Semgrep nao emitiu alerta para esta CWE (cobertura simbolica).,1,fallback,baseline:597fcfa9,a81b6f5ca3a4f70c2cdbca1436fd138ccc84976ee981aa1726e3dff9ae4e4311,0,0,0.00000000,SEM_ALERTA,
server:CWE-290:Cors:fix,go-vela/server,CWE-290,TP_ouro,ollama:qwen2.5-coder:7b,baseline,seguro,NAO_DETECTADO,Semgrep VN (silêncio correto),N/A,N/A (Semgrep nao detectou),0.01,Semgrep nao emitiu alerta para esta CWE (cobertura simbolica).,1,fallback,baseline:597fcfa9,a81b6f5ca3a4f70c2cdbca1436fd138ccc84976ee981aa1726e3dff9ae4e4311,0,0,0.00000000,SEM_ALERTA,
nosurf:CWE-352:ServeHTTP:vuln,justinas/nosurf,CWE-352,TP_ouro,ollama:qwen2.5-coder:7b,baseline,vulneravel,NAO_DETECTADO,Semgrep FN (ponto cego simbólico),N/A,N/A (Semgrep nao detectou),6.24,Semgrep nao emitiu alerta para esta CWE (cobertura simbolica).,1,especifica,baseline:597fcfa9,a81b6f5ca3a4f70c2cdbca1436fd138ccc84976ee981aa1726e3dff9ae4e4311,0,0,0.00000000,ALERTA_OUTRA_CWE,go.lang.security.audit.net.cookie-missing-httponly.cookie-missing-httponly;go.lang.security.audit.net.cookie-missing-secure.cookie-missing-secure
nosurf:CWE-352:ServeHTTP:fix,justinas/nosurf,CWE-352,TP_ouro,ollama:qwen2.5-coder:7b,baseline,seguro,NAO_DETECTADO,Semgrep VN (silêncio correto),N/A,N/A (Semgrep nao detectou),6.20,Semgrep nao emitiu alerta para esta CWE (cobertura simbolica).,1,especifica,baseline:597fcfa9,a81b6f5ca3a4f70c2cdbca1436fd138ccc84976ee981aa1726e3dff9ae4e4311,0,0,0.00000000,ALERTA_OUTRA_CWE,go.lang.security.audit.net.cookie-missing-httponly.cookie-missing-httponly;go.lang.security.audit.net.cookie-missing-secure.cookie-missing-secure
terraform-provider-windns:CWE-77:Update:vuln,nrkno/terraform-provider-windns,CWE-77,TP_ouro,ollama:qwen2.5-coder:7b,baseline,vulneravel,NAO_DETECTADO,Semgrep FN (ponto cego simbólico),N/A,N/A (Semgrep nao detectou),6.29,Semgrep nao emitiu alerta para esta CWE (cobertura simbolica).,1,fallback,baseline:597fcfa9,a81b6f5ca3a4f70c2cdbca1436fd138ccc84976ee981aa1726e3dff9ae4e4311,0,0,0.00000000,SEM_ALERTA,
terraform-provider-windns:CWE-77:Update:fix,nrkno/terraform-provider-windns,CWE-77,TP_ouro,ollama:qwen2.5-coder:7b,baseline,seguro,NAO_DETECTADO,Semgrep VN (silêncio correto),N/A,N/A (Semgrep nao detectou),6.18,Semgrep nao emitiu alerta para esta CWE (cobertura simbolica).,1,fallback,baseline:597fcfa9,a81b6f5ca3a4f70c2cdbca1436fd138ccc84976ee981aa1726e3dff9ae4e4311,0,0,0.00000000,SEM_ALERTA,
terraform-provider-windns:CWE-77:addRecordData:vuln,nrkno/terraform-provider-windns,CWE-77,TP_ouro,ollama:qwen2.5-coder:7b,baseline,vulneravel,NAO_DETECTADO,Semgrep FN (ponto cego simbólico),N/A,N/A (Semgrep nao detectou),0.01,Semgrep nao emitiu alerta para esta CWE (cobertura simbolica).,1,fallback,baseline:597fcfa9,a81b6f5ca3a4f70c2cdbca1436fd138ccc84976ee981aa1726e3dff9ae4e4311,0,0,0.00000000,SEM_ALERTA,
terraform-provider-windns:CWE-77:addRecordData:fix,nrkno/terraform-provider-windns,CWE-77,TP_ouro,ollama:qwen2.5-coder:7b,baseline,seguro,NAO_DETECTADO,Semgrep VN (silêncio correto),N/A,N/A (Semgrep nao detectou),0.01,Semgrep nao emitiu alerta para esta CWE (cobertura simbolica).,1,fallback,baseline:597fcfa9,a81b6f5ca3a4f70c2cdbca1436fd138ccc84976ee981aa1726e3dff9ae4e4311,0,0,0.00000000,SEM_ALERTA,
terraform-provider-windns:CWE-77:resourceDNSRecordUpdate:vuln,nrkno/terraform-provider-windns,CWE-77,TP_ouro,ollama:qwen2.5-coder:7b,baseline,vulneravel,NAO_DETECTADO,Semgrep FN (ponto cego simbólico),N/A,N/A (Semgrep nao detectou),6.12,Semgrep nao emitiu alerta para esta CWE (cobertura simbolica).,1,fallback,baseline:597fcfa9,a81b6f5ca3a4f70c2cdbca1436fd138ccc84976ee981aa1726e3dff9ae4e4311,0,0,0.00000000,SEM_ALERTA,
terraform-provider-windns:CWE-77:resourceDNSRecordUpdate:fix,nrkno/terraform-provider-windns,CWE-77,TP_ouro,ollama:qwen2.5-coder:7b,baseline,seguro,NAO_DETECTADO,Semgrep VN (silêncio correto),N/A,N/A (Semgrep nao detectou),6.07,Semgrep nao emitiu alerta para esta CWE (cobertura simbolica).,1,fallback,baseline:597fcfa9,a81b6f5ca3a4f70c2cdbca1436fd138ccc84976ee981aa1726e3dff9ae4e4311,0,0,0.00000000,SEM_ALERTA,
terraform-provider-windns:CWE-77:resourceDNSRecordDelete:vuln,nrkno/terraform-provider-windns,CWE-77,TP_ouro,ollama:qwen2.5-coder:7b,baseline,vulneravel,NAO_DETECTADO,Semgrep FN (ponto cego simbólico),N/A,N/A (Semgrep nao detectou),0.01,Semgrep nao emitiu alerta para esta CWE (cobertura simbolica).,1,fallback,baseline:597fcfa9,a81b6f5ca3a4f70c2cdbca1436fd138ccc84976ee981aa1726e3dff9ae4e4311,0,0,0.00000000,SEM_ALERTA,
terraform-provider-windns:CWE-77:resourceDNSRecordDelete:fix,nrkno/terraform-provider-windns,CWE-77,TP_ouro,ollama:qwen2.5-coder:7b,baseline,seguro,NAO_DETECTADO,Semgrep VN (silêncio correto),N/A,N/A (Semgrep nao detectou),0.01,Semgrep nao emitiu alerta para esta CWE (cobertura simbolica).,1,fallback,baseline:597fcfa9,a81b6f5ca3a4f70c2cdbca1436fd138ccc84976ee981aa1726e3dff9ae4e4311,0,0,0.00000000,SEM_ALERTA,
app:CWE-918:Exchange:vuln,octo-sts/app,CWE-918,TP_ouro,ollama:qwen2.5-coder:7b,baseline,vulneravel,NAO_DETECTADO,Semgrep FN (ponto cego simbólico),N/A,N/A (Semgrep nao detectou),6.13,Semgrep nao emitiu alerta para esta CWE (cobertura simbolica).,1,fallback,baseline:597fcfa9,a81b6f5ca3a4f70c2cdbca1436fd138ccc84976ee981aa1726e3dff9ae4e4311,0,0,0.00000000,SEM_ALERTA,
app:CWE-918:Exchange:fix,octo-sts/app,CWE-918,TP_ouro,ollama:qwen2.5-coder:7b,baseline,seguro,NAO_DETECTADO,Semgrep VN (silêncio correto),N/A,N/A (Semgrep nao detectou),6.18,Semgrep nao emitiu alerta para esta CWE (cobertura simbolica).,1,fallback,baseline:597fcfa9,a81b6f5ca3a4f70c2cdbca1436fd138ccc84976ee981aa1726e3dff9ae4e4311,0,0,0.00000000,SEM_ALERTA,
gobgp:CWE-119:SplitRTR:vuln,osrg/gobgp,CWE-119,TP_ouro,ollama:qwen2.5-coder:7b,baseline,vulneravel,NAO_DETECTADO,Semgrep FN (ponto cego simbólico),N/A,N/A (Semgrep nao detectou),6.47,Semgrep nao emitiu alerta para esta CWE (cobertura simbolica).,1,fallback,baseline:597fcfa9,a81b6f5ca3a4f70c2cdbca1436fd138ccc84976ee981aa1726e3dff9ae4e4311,0,0,0.00000000,SEM_ALERTA,
gobgp:CWE-119:SplitRTR:fix,osrg/gobgp,CWE-119,TP_ouro,ollama:qwen2.5-coder:7b,baseline,seguro,NAO_DETECTADO,Semgrep VN (silêncio correto),N/A,N/A (Semgrep nao detectou),6.15,Semgrep nao emitiu alerta para esta CWE (cobertura simbolica).,1,fallback,baseline:597fcfa9,a81b6f5ca3a4f70c2cdbca1436fd138ccc84976ee981aa1726e3dff9ae4e4311,0,0,0.00000000,SEM_ALERTA,
portainer:CWE-200:newSingleHostReverseProxyWithHostHeader:vuln,portainer/portainer,CWE-200,TP_ouro,ollama:qwen2.5-coder:7b,baseline,vulneravel,NAO_DETECTADO,Semgrep FN (ponto cego simbólico),N/A,N/A (Semgrep nao detectou),6.19,Semgrep nao emitiu alerta para esta CWE (cobertura simbolica).,1,fallback,baseline:597fcfa9,a81b6f5ca3a4f70c2cdbca1436fd138ccc84976ee981aa1726e3dff9ae4e4311,0,0,0.00000000,ALERTA_OUTRA_CWE,go.lang.security.reverseproxy-director.reverseproxy-director
portainer:CWE-200:newSingleHostReverseProxyWithHostHeader:fix,portainer/portainer,CWE-200,TP_ouro,ollama:qwen2.5-coder:7b,baseline,seguro,NAO_DETECTADO,Semgrep VN (silêncio correto),N/A,N/A (Semgrep nao detectou),6.40,Semgrep nao emitiu alerta para esta CWE (cobertura simbolica).,1,fallback,baseline:597fcfa9,a81b6f5ca3a4f70c2cdbca1436fd138ccc84976ee981aa1726e3dff9ae4e4311,0,0,0.00000000,ALERTA_OUTRA_CWE,go.lang.security.reverseproxy-director.reverseproxy-director
zot:CWE-532:Sanitize:vuln,project-zot/zot,CWE-532,TP_ouro,ollama:qwen2.5-coder:7b,baseline,vulneravel,NAO_DETECTADO,Semgrep FN (ponto cego simbólico),N/A,N/A (Semgrep nao detectou),6.09,Semgrep nao emitiu alerta para esta CWE (cobertura simbolica).,1,fallback,baseline:597fcfa9,a81b6f5ca3a4f70c2cdbca1436fd138ccc84976ee981aa1726e3dff9ae4e4311,0,0,0.00000000,SEM_ALERTA,
zot:CWE-532:Sanitize:fix,project-zot/zot,CWE-532,TP_ouro,ollama:qwen2.5-coder:7b,baseline,seguro,NAO_DETECTADO,Semgrep VN (silêncio correto),N/A,N/A (Semgrep nao detectou),5.81,Semgrep nao emitiu alerta para esta CWE (cobertura simbolica).,1,fallback,baseline:597fcfa9,a81b6f5ca3a4f70c2cdbca1436fd138ccc84976ee981aa1726e3dff9ae4e4311,0,0,0.00000000,SEM_ALERTA,
quic-go:CWE-248:detectAndRemoveAckedPackets:vuln,quic-go/quic-go,CWE-248,TP_ouro,ollama:qwen2.5-coder:7b,baseline,vulneravel,NAO_DETECTADO,Semgrep FN (ponto cego simbólico),N/A,N/A (Semgrep nao detectou),6.01,Semgrep nao emitiu alerta para esta CWE (cobertura simbolica).,1,fallback,baseline:597fcfa9,a81b6f5ca3a4f70c2cdbca1436fd138ccc84976ee981aa1726e3dff9ae4e4311,0,0,0.00000000,SEM_ALERTA,
quic-go:CWE-248:detectAndRemoveAckedPackets:fix,quic-go/quic-go,CWE-248,TP_ouro,ollama:qwen2.5-coder:7b,baseline,seguro,NAO_DETECTADO,Semgrep VN (silêncio correto),N/A,N/A (Semgrep nao detectou),6.07,Semgrep nao emitiu alerta para esta CWE (cobertura simbolica).,1,fallback,baseline:597fcfa9,a81b6f5ca3a4f70c2cdbca1436fd138ccc84976ee981aa1726e3dff9ae4e4311,0,0,0.00000000,SEM_ALERTA,
quic-go:CWE-248:detectLostPathProbes:vuln,quic-go/quic-go,CWE-248,TP_ouro,ollama:qwen2.5-coder:7b,baseline,vulneravel,NAO_DETECTADO,Semgrep FN (ponto cego simbólico),N/A,N/A (Semgrep nao detectou),0.01,Semgrep nao emitiu alerta para esta CWE (cobertura simbolica).,1,fallback,baseline:597fcfa9,a81b6f5ca3a4f70c2cdbca1436fd138ccc84976ee981aa1726e3dff9ae4e4311,0,0,0.00000000,SEM_ALERTA,
quic-go:CWE-248:detectLostPathProbes:fix,quic-go/quic-go,CWE-248,TP_ouro,ollama:qwen2.5-coder:7b,baseline,seguro,NAO_DETECTADO,Semgrep VN (silêncio correto),N/A,N/A (Semgrep nao detectou),0.01,Semgrep nao emitiu alerta para esta CWE (cobertura simbolica).,1,fallback,baseline:597fcfa9,a81b6f5ca3a4f70c2cdbca1436fd138ccc84976ee981aa1726e3dff9ae4e4311,0,0,0.00000000,SEM_ALERTA,
siyuan:CWE-459:GetDocHistoryContent:vuln,siyuan-note/siyuan,CWE-459,TP_ouro,ollama:qwen2.5-coder:7b,baseline,vulneravel,NAO_DETECTADO,Semgrep FN (ponto cego simbólico),N/A,N/A (Semgrep nao detectou),6.32,Semgrep nao emitiu alerta para esta CWE (cobertura simbolica).,1,fallback,baseline:597fcfa9,a81b6f5ca3a4f70c2cdbca1436fd138ccc84976ee981aa1726e3dff9ae4e4311,0,0,0.00000000,SEM_ALERTA,
siyuan:CWE-459:GetDocHistoryContent:fix,siyuan-note/siyuan,CWE-459,TP_ouro,ollama:qwen2.5-coder:7b,baseline,seguro,NAO_DETECTADO,Semgrep VN (silêncio correto),N/A,N/A (Semgrep nao detectou),6.26,Semgrep nao emitiu alerta para esta CWE (cobertura simbolica).,1,fallback,baseline:597fcfa9,a81b6f5ca3a4f70c2cdbca1436fd138ccc84976ee981aa1726e3dff9ae4e4311,0,0,0.00000000,SEM_ALERTA,
olivetin:CWE-284:PasswordHash:vuln,olivetin/olivetin,CWE-284,TP_prata,ollama:qwen2.5-coder:7b,baseline,vulneravel,NAO_DETECTADO,Semgrep FN (ponto cego simbólico),N/A,N/A (Semgrep nao detectou),6.16,Semgrep nao emitiu alerta para esta CWE (cobertura simbolica).,1,fallback,baseline:597fcfa9,a81b6f5ca3a4f70c2cdbca1436fd138ccc84976ee981aa1726e3dff9ae4e4311,0,0,0.00000000,ALERTA_OUTRA_CWE,go.lang.security.audit.net.cookie-missing-secure.cookie-missing-secure
olivetin:CWE-284:PasswordHash:fix,olivetin/olivetin,CWE-284,TP_prata,ollama:qwen2.5-coder:7b,baseline,seguro,NAO_DETECTADO,Semgrep VN (silêncio correto),N/A,N/A (Semgrep nao detectou),6.16,Semgrep nao emitiu alerta para esta CWE (cobertura simbolica).,1,fallback,baseline:597fcfa9,a81b6f5ca3a4f70c2cdbca1436fd138ccc84976ee981aa1726e3dff9ae4e4311,0,0,0.00000000,ALERTA_OUTRA_CWE,go.lang.security.audit.net.cookie-missing-secure.cookie-missing-secure
olivetin:CWE-284:Logout:vuln,olivetin/olivetin,CWE-284,TP_prata,ollama:qwen2.5-coder:7b,baseline,vulneravel,NAO_DETECTADO,Semgrep FN (ponto cego simbólico),N/A,N/A (Semgrep nao detectou),0.01,Semgrep nao emitiu alerta para esta CWE (cobertura simbolica).,1,fallback,baseline:597fcfa9,a81b6f5ca3a4f70c2cdbca1436fd138ccc84976ee981aa1726e3dff9ae4e4311,0,0,0.00000000,ALERTA_OUTRA_CWE,go.lang.security.audit.net.cookie-missing-secure.cookie-missing-secure
olivetin:CWE-284:Logout:fix,olivetin/olivetin,CWE-284,TP_prata,ollama:qwen2.5-coder:7b,baseline,seguro,NAO_DETECTADO,Semgrep VN (silêncio correto),N/A,N/A (Semgrep nao detectou),0.01,Semgrep nao emitiu alerta para esta CWE (cobertura simbolica).,1,fallback,baseline:597fcfa9,a81b6f5ca3a4f70c2cdbca1436fd138ccc84976ee981aa1726e3dff9ae4e4311,0,0,0.00000000,ALERTA_OUTRA_CWE,go.lang.security.audit.net.cookie-missing-secure.cookie-missing-secure
olivetin:CWE-284:RestartAction:vuln,olivetin/olivetin,CWE-284,TP_prata,ollama:qwen2.5-coder:7b,baseline,vulneravel,NAO_DETECTADO,Semgrep FN (ponto cego simbólico),N/A,N/A (Semgrep nao detectou),0.00,Semgrep nao emitiu alerta para esta CWE (cobertura simbolica).,1,fallback,baseline:597fcfa9,a81b6f5ca3a4f70c2cdbca1436fd138ccc84976ee981aa1726e3dff9ae4e4311,0,0,0.00000000,ALERTA_OUTRA_CWE,go.lang.security.audit.net.cookie-missing-secure.cookie-missing-secure
olivetin:CWE-284:RestartAction:fix,olivetin/olivetin,CWE-284,TP_prata,ollama:qwen2.5-coder:7b,baseline,seguro,NAO_DETECTADO,Semgrep VN (silêncio correto),N/A,N/A (Semgrep nao detectou),0.00,Semgrep nao emitiu alerta para esta CWE (cobertura simbolica).,1,fallback,baseline:597fcfa9,a81b6f5ca3a4f70c2cdbca1436fd138ccc84976ee981aa1726e3dff9ae4e4311,0,0,0.00000000,ALERTA_OUTRA_CWE,go.lang.security.audit.net.cookie-missing-secure.cookie-missing-secure
olivetin:CWE-284:DefaultConfigWithBasePort:vuln,olivetin/olivetin,CWE-284,TP_prata,ollama:qwen2.5-coder:7b,baseline,vulneravel,NAO_DETECTADO,Semgrep FN (ponto cego simbólico),N/A,N/A (Semgrep nao detectou),6.02,Semgrep nao emitiu alerta para esta CWE (cobertura simbolica).,1,fallback,baseline:597fcfa9,a81b6f5ca3a4f70c2cdbca1436fd138ccc84976ee981aa1726e3dff9ae4e4311,0,0,0.00000000,SEM_ALERTA,
olivetin:CWE-284:DefaultConfigWithBasePort:fix,olivetin/olivetin,CWE-284,TP_prata,ollama:qwen2.5-coder:7b,baseline,seguro,NAO_DETECTADO,Semgrep VN (silêncio correto),N/A,N/A (Semgrep nao detectou),6.01,Semgrep nao emitiu alerta para esta CWE (cobertura simbolica).,1,fallback,baseline:597fcfa9,a81b6f5ca3a4f70c2cdbca1436fd138ccc84976ee981aa1726e3dff9ae4e4311,0,0,0.00000000,SEM_ALERTA,
olivetin:CWE-284:Sanitize:vuln,olivetin/olivetin,CWE-284,TP_prata,ollama:qwen2.5-coder:7b,baseline,vulneravel,NAO_DETECTADO,Semgrep FN (ponto cego simbólico),N/A,N/A (Semgrep nao detectou),6.00,Semgrep nao emitiu alerta para esta CWE (cobertura simbolica).,1,fallback,baseline:597fcfa9,a81b6f5ca3a4f70c2cdbca1436fd138ccc84976ee981aa1726e3dff9ae4e4311,0,0,0.00000000,ALERTA_OUTRA_CWE,go.lang.security.audit.xss.import-text-template.import-text-template
olivetin:CWE-284:Sanitize:fix,olivetin/olivetin,CWE-284,TP_prata,ollama:qwen2.5-coder:7b,baseline,seguro,NAO_DETECTADO,Semgrep VN (silêncio correto),N/A,N/A (Semgrep nao detectou),6.04,Semgrep nao emitiu alerta para esta CWE (cobertura simbolica).,1,fallback,baseline:597fcfa9,a81b6f5ca3a4f70c2cdbca1436fd138ccc84976ee981aa1726e3dff9ae4e4311,0,0,0.00000000,ALERTA_OUTRA_CWE,go.lang.security.audit.xss.import-text-template.import-text-template
olivetin:CWE-284:getExecutionsCount:vuln,olivetin/olivetin,CWE-284,TP_prata,ollama:qwen2.5-coder:7b,baseline,vulneravel,NAO_DETECTADO,Semgrep FN (ponto cego simbólico),N/A,N/A (Semgrep nao detectou),7.10,Semgrep nao emitiu alerta para esta CWE (cobertura simbolica).,1,fallback,baseline:597fcfa9,a81b6f5ca3a4f70c2cdbca1436fd138ccc84976ee981aa1726e3dff9ae4e4311,0,0,0.00000000,SEM_ALERTA,
olivetin:CWE-284:getExecutionsCount:fix,olivetin/olivetin,CWE-284,TP_prata,ollama:qwen2.5-coder:7b,baseline,seguro,NAO_DETECTADO,Semgrep VN (silêncio correto),N/A,N/A (Semgrep nao detectou),6.12,Semgrep nao emitiu alerta para esta CWE (cobertura simbolica).,1,fallback,baseline:597fcfa9,a81b6f5ca3a4f70c2cdbca1436fd138ccc84976ee981aa1726e3dff9ae4e4311,0,0,0.00000000,SEM_ALERTA,
olivetin:CWE-284:stepRequestAction:vuln,olivetin/olivetin,CWE-284,TP_prata,ollama:qwen2.5-coder:7b,baseline,vulneravel,NAO_DETECTADO,Semgrep FN (ponto cego simbólico),N/A,N/A (Semgrep nao detectou),0.01,Semgrep nao emitiu alerta para esta CWE (cobertura simbolica).,1,fallback,baseline:597fcfa9,a81b6f5ca3a4f70c2cdbca1436fd138ccc84976ee981aa1726e3dff9ae4e4311,0,0,0.00000000,SEM_ALERTA,
olivetin:CWE-284:stepRequestAction:fix,olivetin/olivetin,CWE-284,TP_prata,ollama:qwen2.5-coder:7b,baseline,seguro,NAO_DETECTADO,Semgrep VN (silêncio correto),N/A,N/A (Semgrep nao detectou),0.01,Semgrep nao emitiu alerta para esta CWE (cobertura simbolica).,1,fallback,baseline:597fcfa9,a81b6f5ca3a4f70c2cdbca1436fd138ccc84976ee981aa1726e3dff9ae4e4311,0,0,0.00000000,SEM_ALERTA,
olivetin:CWE-284:StartFrontendMux:vuln,olivetin/olivetin,CWE-284,TP_prata,ollama:qwen2.5-coder:7b,baseline,vulneravel,NAO_DETECTADO,Semgrep FN (ponto cego simbólico),N/A,N/A (Semgrep nao detectou),7.11,Semgrep nao emitiu alerta para esta CWE (cobertura simbolica).,1,fallback,baseline:597fcfa9,a81b6f5ca3a4f70c2cdbca1436fd138ccc84976ee981aa1726e3dff9ae4e4311,0,0,0.00000000,SEM_ALERTA,
olivetin:CWE-284:StartFrontendMux:fix,olivetin/olivetin,CWE-284,TP_prata,ollama:qwen2.5-coder:7b,baseline,seguro,NAO_DETECTADO,Semgrep VN (silêncio correto),N/A,N/A (Semgrep nao detectou),6.00,Semgrep nao emitiu alerta para esta CWE (cobertura simbolica).,1,fallback,baseline:597fcfa9,a81b6f5ca3a4f70c2cdbca1436fd138ccc84976ee981aa1726e3dff9ae4e4311,0,0,0.00000000,SEM_ALERTA,
wings:CWE-400:getServerWebsocket:vuln,pterodactyl/wings,CWE-400,TP_prata,ollama:qwen2.5-coder:7b,baseline,vulneravel,NAO_DETECTADO,Semgrep FN (ponto cego simbólico),N/A,N/A (Semgrep nao detectou),6.04,Semgrep nao emitiu alerta para esta CWE (cobertura simbolica).,1,fallback,baseline:597fcfa9,a81b6f5ca3a4f70c2cdbca1436fd138ccc84976ee981aa1726e3dff9ae4e4311,0,0,0.00000000,SEM_ALERTA,
wings:CWE-400:getServerWebsocket:fix,pterodactyl/wings,CWE-400,TP_prata,ollama:qwen2.5-coder:7b,baseline,seguro,NAO_DETECTADO,Semgrep VN (silêncio correto),N/A,N/A (Semgrep nao detectou),6.18,Semgrep nao emitiu alerta para esta CWE (cobertura simbolica).,1,fallback,baseline:597fcfa9,a81b6f5ca3a4f70c2cdbca1436fd138ccc84976ee981aa1726e3dff9ae4e4311,0,0,0.00000000,SEM_ALERTA,
wings:CWE-400:listenForServerEvents:vuln,pterodactyl/wings,CWE-400,TP_prata,ollama:qwen2.5-coder:7b,baseline,vulneravel,NAO_DETECTADO,Semgrep FN (ponto cego simbólico),N/A,N/A (Semgrep nao detectou),7.72,Semgrep nao emitiu alerta para esta CWE (cobertura simbolica).,1,fallback,baseline:597fcfa9,a81b6f5ca3a4f70c2cdbca1436fd138ccc84976ee981aa1726e3dff9ae4e4311,0,0,0.00000000,SEM_ALERTA,
wings:CWE-400:listenForServerEvents:fix,pterodactyl/wings,CWE-400,TP_prata,ollama:qwen2.5-coder:7b,baseline,seguro,NAO_DETECTADO,Semgrep VN (silêncio correto),N/A,N/A (Semgrep nao detectou),5.91,Semgrep nao emitiu alerta para esta CWE (cobertura simbolica).,1,fallback,baseline:597fcfa9,a81b6f5ca3a4f70c2cdbca1436fd138ccc84976ee981aa1726e3dff9ae4e4311,0,0,0.00000000,SEM_ALERTA,
wings:CWE-400:GetHandler:vuln,pterodactyl/wings,CWE-400,TP_prata,ollama:qwen2.5-coder:7b,baseline,vulneravel,NAO_DETECTADO,Semgrep FN (ponto cego simbólico),N/A,N/A (Semgrep nao detectou),6.08,Semgrep nao emitiu alerta para esta CWE (cobertura simbolica).,1,fallback,baseline:597fcfa9,a81b6f5ca3a4f70c2cdbca1436fd138ccc84976ee981aa1726e3dff9ae4e4311,0,0,0.00000000,SEM_ALERTA,
wings:CWE-400:GetHandler:fix,pterodactyl/wings,CWE-400,TP_prata,ollama:qwen2.5-coder:7b,baseline,seguro,NAO_DETECTADO,Semgrep VN (silêncio correto),N/A,N/A (Semgrep nao detectou),6.13,Semgrep nao emitiu alerta para esta CWE (cobertura simbolica).,1,fallback,baseline:597fcfa9,a81b6f5ca3a4f70c2cdbca1436fd138ccc84976ee981aa1726e3dff9ae4e4311,0,0,0.00000000,SEM_ALERTA,
wings:CWE-400:SendJson:vuln,pterodactyl/wings,CWE-400,TP_prata,ollama:qwen2.5-coder:7b,baseline,vulneravel,NAO_DETECTADO,Semgrep FN (ponto cego simbólico),N/A,N/A (Semgrep nao detectou),0.01,Semgrep nao emitiu alerta para esta CWE (cobertura simbolica).,1,fallback,baseline:597fcfa9,a81b6f5ca3a4f70c2cdbca1436fd138ccc84976ee981aa1726e3dff9ae4e4311,0,0,0.00000000,SEM_ALERTA,
wings:CWE-400:SendJson:fix,pterodactyl/wings,CWE-400,TP_prata,ollama:qwen2.5-coder:7b,baseline,seguro,NAO_DETECTADO,Semgrep VN (silêncio correto),N/A,N/A (Semgrep nao detectou),0.01,Semgrep nao emitiu alerta para esta CWE (cobertura simbolica).,1,fallback,baseline:597fcfa9,a81b6f5ca3a4f70c2cdbca1436fd138ccc84976ee981aa1726e3dff9ae4e4311,0,0,0.00000000,SEM_ALERTA,
wings:CWE-400:HandleInbound:vuln,pterodactyl/wings,CWE-400,TP_prata,ollama:qwen2.5-coder:7b,baseline,vulneravel,NAO_DETECTADO,Semgrep FN (ponto cego simbólico),N/A,N/A (Semgrep nao detectou),0.00,Semgrep nao emitiu alerta para esta CWE (cobertura simbolica).,1,fallback,baseline:597fcfa9,a81b6f5ca3a4f70c2cdbca1436fd138ccc84976ee981aa1726e3dff9ae4e4311,0,0,0.00000000,SEM_ALERTA,
wings:CWE-400:HandleInbound:fix,pterodactyl/wings,CWE-400,TP_prata,ollama:qwen2.5-coder:7b,baseline,seguro,NAO_DETECTADO,Semgrep VN (silêncio correto),N/A,N/A (Semgrep nao detectou),0.00,Semgrep nao emitiu alerta para esta CWE (cobertura simbolica).,1,fallback,baseline:597fcfa9,a81b6f5ca3a4f70c2cdbca1436fd138ccc84976ee981aa1726e3dff9ae4e4311,0,0,0.00000000,SEM_ALERTA,
containerd:CWE-190:WithUser:vuln,containerd/containerd,CWE-190,TP_prata,ollama:qwen2.5-coder:7b,baseline,vulneravel,NAO_DETECTADO,Semgrep FN (ponto cego simbólico),N/A,N/A (Semgrep nao detectou),6.12,Semgrep nao emitiu alerta para esta CWE (cobertura simbolica).,1,fallback,baseline:597fcfa9,a81b6f5ca3a4f70c2cdbca1436fd138ccc84976ee981aa1726e3dff9ae4e4311,0,0,0.00000000,ALERTA_OUTRA_CWE,trailofbits.go.string-to-int-signedness-cast.string-to-int-signedness-cast
containerd:CWE-190:WithUser:fix,containerd/containerd,CWE-190,TP_prata,ollama:qwen2.5-coder:7b,baseline,seguro,NAO_DETECTADO,Semgrep VN (silêncio correto),N/A,N/A (Semgrep nao detectou),6.21,Semgrep nao emitiu alerta para esta CWE (cobertura simbolica).,1,fallback,baseline:597fcfa9,a81b6f5ca3a4f70c2cdbca1436fd138ccc84976ee981aa1726e3dff9ae4e4311,0,0,0.00000000,ALERTA_OUTRA_CWE,trailofbits.go.string-to-int-signedness-cast.string-to-int-signedness-cast
saml:CWE-79:UnmarshalXML:vuln,crewjam/saml,CWE-79,TP_prata,ollama:qwen2.5-coder:7b,baseline,vulneravel,NAO_DETECTADO,Semgrep FN (ponto cego simbólico),N/A,N/A (Semgrep nao detectou),6.07,Semgrep nao emitiu alerta para esta CWE (cobertura simbolica).,1,especifica,baseline:597fcfa9,a81b6f5ca3a4f70c2cdbca1436fd138ccc84976ee981aa1726e3dff9ae4e4311,0,0,0.00000000,SEM_ALERTA,
saml:CWE-79:UnmarshalXML:fix,crewjam/saml,CWE-79,TP_prata,ollama:qwen2.5-coder:7b,baseline,seguro,NAO_DETECTADO,Semgrep VN (silêncio correto),N/A,N/A (Semgrep nao detectou),6.11,Semgrep nao emitiu alerta para esta CWE (cobertura simbolica).,1,especifica,baseline:597fcfa9,a81b6f5ca3a4f70c2cdbca1436fd138ccc84976ee981aa1726e3dff9ae4e4311,0,0,0.00000000,SEM_ALERTA,
1panel:CWE-863:HandleSnapshot:vuln,1panel-dev/1panel,CWE-863,TP_prata,ollama:qwen2.5-coder:7b,baseline,vulneravel,NAO_DETECTADO,Semgrep FN (ponto cego simbólico),N/A,N/A (Semgrep nao detectou),6.23,Semgrep nao emitiu alerta para esta CWE (cobertura simbolica).,1,fallback,baseline:597fcfa9,a81b6f5ca3a4f70c2cdbca1436fd138ccc84976ee981aa1726e3dff9ae4e4311,0,0,0.00000000,SEM_ALERTA,
1panel:CWE-863:HandleSnapshot:fix,1panel-dev/1panel,CWE-863,TP_prata,ollama:qwen2.5-coder:7b,baseline,seguro,NAO_DETECTADO,Semgrep VN (silêncio correto),N/A,N/A (Semgrep nao detectou),6.29,Semgrep nao emitiu alerta para esta CWE (cobertura simbolica).,1,fallback,baseline:597fcfa9,a81b6f5ca3a4f70c2cdbca1436fd138ccc84976ee981aa1726e3dff9ae4e4311,0,0,0.00000000,SEM_ALERTA,
traq:CWE-532:serveCommand:vuln,traptitech/traq,CWE-532,TP_prata,ollama:qwen2.5-coder:7b,baseline,vulneravel,NAO_DETECTADO,Semgrep FN (ponto cego simbólico),N/A,N/A (Semgrep nao detectou),5.92,Semgrep nao emitiu alerta para esta CWE (cobertura simbolica).,1,fallback,baseline:597fcfa9,a81b6f5ca3a4f70c2cdbca1436fd138ccc84976ee981aa1726e3dff9ae4e4311,0,0,0.00000000,SEM_ALERTA,
traq:CWE-532:serveCommand:fix,traptitech/traq,CWE-532,TP_prata,ollama:qwen2.5-coder:7b,baseline,seguro,NAO_DETECTADO,Semgrep VN (silêncio correto),N/A,N/A (Semgrep nao detectou),5.99,Semgrep nao emitiu alerta para esta CWE (cobertura simbolica).,1,fallback,baseline:597fcfa9,a81b6f5ca3a4f70c2cdbca1436fd138ccc84976ee981aa1726e3dff9ae4e4311,0,0,0.00000000,SEM_ALERTA,
zitadel:CWE-862:VerifyAccessToken:vuln,zitadel/zitadel,CWE-862,TP_prata,ollama:qwen2.5-coder:7b,baseline,vulneravel,NAO_DETECTADO,Semgrep FN (ponto cego simbólico),N/A,N/A (Semgrep nao detectou),6.12,Semgrep nao emitiu alerta para esta CWE (cobertura simbolica).,1,fallback,baseline:597fcfa9,a81b6f5ca3a4f70c2cdbca1436fd138ccc84976ee981aa1726e3dff9ae4e4311,0,0,0.00000000,SEM_ALERTA,
zitadel:CWE-862:VerifyAccessToken:fix,zitadel/zitadel,CWE-862,TP_prata,ollama:qwen2.5-coder:7b,baseline,seguro,NAO_DETECTADO,Semgrep VN (silêncio correto),N/A,N/A (Semgrep nao detectou),6.62,Semgrep nao emitiu alerta para esta CWE (cobertura simbolica).,1,fallback,baseline:597fcfa9,a81b6f5ca3a4f70c2cdbca1436fd138ccc84976ee981aa1726e3dff9ae4e4311,0,0,0.00000000,SEM_ALERTA,
zitadel:CWE-862:verifyAccessTokenV2:vuln,zitadel/zitadel,CWE-862,TP_prata,ollama:qwen2.5-coder:7b,baseline,vulneravel,NAO_DETECTADO,Semgrep FN (ponto cego simbólico),N/A,N/A (Semgrep nao detectou),0.01,Semgrep nao emitiu alerta para esta CWE (cobertura simbolica).,1,fallback,baseline:597fcfa9,a81b6f5ca3a4f70c2cdbca1436fd138ccc84976ee981aa1726e3dff9ae4e4311,0,0,0.00000000,SEM_ALERTA,
zitadel:CWE-862:verifyAccessTokenV2:fix,zitadel/zitadel,CWE-862,TP_prata,ollama:qwen2.5-coder:7b,baseline,seguro,NAO_DETECTADO,Semgrep VN (silêncio correto),N/A,N/A (Semgrep nao detectou),0.01,Semgrep nao emitiu alerta para esta CWE (cobertura simbolica).,1,fallback,baseline:597fcfa9,a81b6f5ca3a4f70c2cdbca1436fd138ccc84976ee981aa1726e3dff9ae4e4311,0,0,0.00000000,SEM_ALERTA,
dapr:CWE-200:intercept:vuln,dapr/dapr,CWE-200,TP_prata,ollama:qwen2.5-coder:7b,baseline,vulneravel,NAO_DETECTADO,Semgrep FN (ponto cego simbólico),N/A,N/A (Semgrep nao detectou),5.89,Semgrep nao emitiu alerta para esta CWE (cobertura simbolica).,1,fallback,baseline:597fcfa9,a81b6f5ca3a4f70c2cdbca1436fd138ccc84976ee981aa1726e3dff9ae4e4311,0,0,0.00000000,SEM_ALERTA,
dapr:CWE-200:intercept:fix,dapr/dapr,CWE-200,TP_prata,ollama:qwen2.5-coder:7b,baseline,seguro,NAO_DETECTADO,Semgrep VN (silêncio correto),N/A,N/A (Semgrep nao detectou),8.10,Semgrep nao emitiu alerta para esta CWE (cobertura simbolica).,1,fallback,baseline:597fcfa9,a81b6f5ca3a4f70c2cdbca1436fd138ccc84976ee981aa1726e3dff9ae4e4311,0,0,0.00000000,SEM_ALERTA,
new-api:CWE-79:RequestOpenAI2ClaudeMessage:vuln,quantumnous/new-api,CWE-79,TP_prata,ollama:qwen2.5-coder:7b,baseline,vulneravel,NAO_DETECTADO,Semgrep FN (ponto cego simbólico),N/A,N/A (Semgrep nao detectou),6.10,Semgrep nao emitiu alerta para esta CWE (cobertura simbolica).,1,especifica,baseline:597fcfa9,a81b6f5ca3a4f70c2cdbca1436fd138ccc84976ee981aa1726e3dff9ae4e4311,0,0,0.00000000,SEM_ALERTA,
new-api:CWE-79:RequestOpenAI2ClaudeMessage:fix,quantumnous/new-api,CWE-79,TP_prata,ollama:qwen2.5-coder:7b,baseline,seguro,NAO_DETECTADO,Semgrep VN (silêncio correto),N/A,N/A (Semgrep nao detectou),6.32,Semgrep nao emitiu alerta para esta CWE (cobertura simbolica).,1,especifica,baseline:597fcfa9,a81b6f5ca3a4f70c2cdbca1436fd138ccc84976ee981aa1726e3dff9ae4e4311,0,0,0.00000000,SEM_ALERTA,
new-api:CWE-79:copyRequest:vuln,quantumnous/new-api,CWE-79,TP_prata,ollama:qwen2.5-coder:7b,baseline,vulneravel,NAO_DETECTADO,Semgrep FN (ponto cego simbólico),N/A,N/A (Semgrep nao detectou),6.03,Semgrep nao emitiu alerta para esta CWE (cobertura simbolica).,1,especifica,baseline:597fcfa9,a81b6f5ca3a4f70c2cdbca1436fd138ccc84976ee981aa1726e3dff9ae4e4311,0,0,0.00000000,SEM_ALERTA,
new-api:CWE-79:copyRequest:fix,quantumnous/new-api,CWE-79,TP_prata,ollama:qwen2.5-coder:7b,baseline,seguro,NAO_DETECTADO,Semgrep VN (silêncio correto),N/A,N/A (Semgrep nao detectou),6.02,Semgrep nao emitiu alerta para esta CWE (cobertura simbolica).,1,especifica,baseline:597fcfa9,a81b6f5ca3a4f70c2cdbca1436fd138ccc84976ee981aa1726e3dff9ae4e4311,0,0,0.00000000,SEM_ALERTA,
new-api:CWE-79:ClaudeHelper:vuln,quantumnous/new-api,CWE-79,TP_prata,ollama:qwen2.5-coder:7b,baseline,vulneravel,NAO_DETECTADO,Semgrep FN (ponto cego simbólico),N/A,N/A (Semgrep nao detectou),6.03,Semgrep nao emitiu alerta para esta CWE (cobertura simbolica).,1,especifica,baseline:597fcfa9,a81b6f5ca3a4f70c2cdbca1436fd138ccc84976ee981aa1726e3dff9ae4e4311,0,0,0.00000000,SEM_ALERTA,
new-api:CWE-79:ClaudeHelper:fix,quantumnous/new-api,CWE-79,TP_prata,ollama:qwen2.5-coder:7b,baseline,seguro,NAO_DETECTADO,Semgrep VN (silêncio correto),N/A,N/A (Semgrep nao detectou),6.27,Semgrep nao emitiu alerta para esta CWE (cobertura simbolica).,1,especifica,baseline:597fcfa9,a81b6f5ca3a4f70c2cdbca1436fd138ccc84976ee981aa1726e3dff9ae4e4311,0,0,0.00000000,SEM_ALERTA,
go-crypto-winnative:CWE-401:TLS1PRF:vuln,microsoft/go-crypto-winnative,CWE-401,TP_prata,ollama:qwen2.5-coder:7b,baseline,vulneravel,NAO_DETECTADO,Semgrep FN (ponto cego simbólico),N/A,N/A (Semgrep nao detectou),5.96,Semgrep nao emitiu alerta para esta CWE (cobertura simbolica).,1,fallback,baseline:597fcfa9,a81b6f5ca3a4f70c2cdbca1436fd138ccc84976ee981aa1726e3dff9ae4e4311,0,0,0.00000000,SEM_ALERTA,
go-crypto-winnative:CWE-401:TLS1PRF:fix,microsoft/go-crypto-winnative,CWE-401,TP_prata,ollama:qwen2.5-coder:7b,baseline,seguro,NAO_DETECTADO,Semgrep VN (silêncio correto),N/A,N/A (Semgrep nao detectou),6.08,Semgrep nao emitiu alerta para esta CWE (cobertura simbolica).,1,fallback,baseline:597fcfa9,a81b6f5ca3a4f70c2cdbca1436fd138ccc84976ee981aa1726e3dff9ae4e4311,0,0,0.00000000,SEM_ALERTA,
jwt:CWE-755:ParseWithClaims:vuln,golang-jwt/jwt,CWE-755,TP_prata,ollama:qwen2.5-coder:7b,baseline,vulneravel,NAO_DETECTADO,Semgrep FN (ponto cego simbólico),N/A,N/A (Semgrep nao detectou),6.14,Semgrep nao emitiu alerta para esta CWE (cobertura simbolica).,1,fallback,baseline:597fcfa9,a81b6f5ca3a4f70c2cdbca1436fd138ccc84976ee981aa1726e3dff9ae4e4311,0,0,0.00000000,SEM_ALERTA,
jwt:CWE-755:ParseWithClaims:fix,golang-jwt/jwt,CWE-755,TP_prata,ollama:qwen2.5-coder:7b,baseline,seguro,NAO_DETECTADO,Semgrep VN (silêncio correto),N/A,N/A (Semgrep nao detectou),6.45,Semgrep nao emitiu alerta para esta CWE (cobertura simbolica).,1,fallback,baseline:597fcfa9,a81b6f5ca3a4f70c2cdbca1436fd138ccc84976ee981aa1726e3dff9ae4e4311,0,0,0.00000000,SEM_ALERTA,
webtransport-go:CWE-401:Dial:vuln,quic-go/webtransport-go,CWE-401,TP_prata,ollama:qwen2.5-coder:7b,baseline,vulneravel,NAO_DETECTADO,Semgrep FN (ponto cego simbólico),N/A,N/A (Semgrep nao detectou),6.28,Semgrep nao emitiu alerta para esta CWE (cobertura simbolica).,1,fallback,baseline:597fcfa9,a81b6f5ca3a4f70c2cdbca1436fd138ccc84976ee981aa1726e3dff9ae4e4311,0,0,0.00000000,ALERTA_OUTRA_CWE,go.lang.security.audit.crypto.missing-ssl-minversion.missing-ssl-minversion
webtransport-go:CWE-401:Dial:fix,quic-go/webtransport-go,CWE-401,TP_prata,ollama:qwen2.5-coder:7b,baseline,seguro,NAO_DETECTADO,Semgrep VN (silêncio correto),N/A,N/A (Semgrep nao detectou),6.08,Semgrep nao emitiu alerta para esta CWE (cobertura simbolica).,1,fallback,baseline:597fcfa9,a81b6f5ca3a4f70c2cdbca1436fd138ccc84976ee981aa1726e3dff9ae4e4311,0,0,0.00000000,ALERTA_OUTRA_CWE,go.lang.security.audit.crypto.missing-ssl-minversion.missing-ssl-minversion
webtransport-go:CWE-401:Serve:vuln,quic-go/webtransport-go,CWE-401,TP_prata,ollama:qwen2.5-coder:7b,baseline,vulneravel,NAO_DETECTADO,Semgrep FN (ponto cego simbólico),N/A,N/A (Semgrep nao detectou),6.07,Semgrep nao emitiu alerta para esta CWE (cobertura simbolica).,1,fallback,baseline:597fcfa9,a81b6f5ca3a4f70c2cdbca1436fd138ccc84976ee981aa1726e3dff9ae4e4311,0,0,0.00000000,ALERTA_OUTRA_CWE,go.lang.security.audit.crypto.missing-ssl-minversion.missing-ssl-minversion;trailofbits.go.waitgroup-add-called-inside-goroutine.waitgroup-add-called-inside-goroutine
webtransport-go:CWE-401:Serve:fix,quic-go/webtransport-go,CWE-401,TP_prata,ollama:qwen2.5-coder:7b,baseline,seguro,NAO_DETECTADO,Semgrep VN (silêncio correto),N/A,N/A (Semgrep nao detectou),6.11,Semgrep nao emitiu alerta para esta CWE (cobertura simbolica).,1,fallback,baseline:597fcfa9,a81b6f5ca3a4f70c2cdbca1436fd138ccc84976ee981aa1726e3dff9ae4e4311,0,0,0.00000000,ALERTA_OUTRA_CWE,go.lang.security.audit.crypto.missing-ssl-minversion.missing-ssl-minversion;trailofbits.go.waitgroup-add-called-inside-goroutine.waitgroup-add-called-inside-goroutine
webtransport-go:CWE-401:maybeSendStreamHeader:vuln,quic-go/webtransport-go,CWE-401,TP_prata,ollama:qwen2.5-coder:7b,baseline,vulneravel,NAO_DETECTADO,Semgrep FN (ponto cego simbólico),N/A,N/A (Semgrep nao detectou),6.18,Semgrep nao emitiu alerta para esta CWE (cobertura simbolica).,1,fallback,baseline:597fcfa9,a81b6f5ca3a4f70c2cdbca1436fd138ccc84976ee981aa1726e3dff9ae4e4311,0,0,0.00000000,SEM_ALERTA,
webtransport-go:CWE-401:maybeSendStreamHeader:fix,quic-go/webtransport-go,CWE-401,TP_prata,ollama:qwen2.5-coder:7b,baseline,seguro,NAO_DETECTADO,Semgrep VN (silêncio correto),N/A,N/A (Semgrep nao detectou),5.92,Semgrep nao emitiu alerta para esta CWE (cobertura simbolica).,1,fallback,baseline:597fcfa9,a81b6f5ca3a4f70c2cdbca1436fd138ccc84976ee981aa1726e3dff9ae4e4311,0,0,0.00000000,SEM_ALERTA,
cli:CWE-22:runDownload:vuln,cli/cli,CWE-22,TP_prata,ollama:qwen2.5-coder:7b,baseline,vulneravel,NAO_DETECTADO,Semgrep FN (ponto cego simbólico),N/A,N/A (Semgrep nao detectou),5.83,Semgrep nao emitiu alerta para esta CWE (cobertura simbolica).,1,fallback,baseline:597fcfa9,a81b6f5ca3a4f70c2cdbca1436fd138ccc84976ee981aa1726e3dff9ae4e4311,0,0,0.00000000,SEM_ALERTA,
cli:CWE-22:runDownload:fix,cli/cli,CWE-22,TP_prata,ollama:qwen2.5-coder:7b,baseline,seguro,NAO_DETECTADO,Semgrep VN (silêncio correto),N/A,N/A (Semgrep nao detectou),6.11,Semgrep nao emitiu alerta para esta CWE (cobertura simbolica).,1,fallback,baseline:597fcfa9,a81b6f5ca3a4f70c2cdbca1436fd138ccc84976ee981aa1726e3dff9ae4e4311,0,0,0.00000000,SEM_ALERTA,
plenti:CWE-74:postLocal:vuln,plentico/plenti,CWE-74,TP_prata,ollama:qwen2.5-coder:7b,baseline,vulneravel,NAO_DETECTADO,Semgrep FN (ponto cego simbólico),N/A,N/A (Semgrep nao detectou),6.33,Semgrep nao emitiu alerta para esta CWE (cobertura simbolica).,1,fallback,baseline:597fcfa9,a81b6f5ca3a4f70c2cdbca1436fd138ccc84976ee981aa1726e3dff9ae4e4311,0,0,0.00000000,ALERTA_OUTRA_CWE,go.lang.security.audit.net.use-tls.use-tls;go.lang.security.filepath-clean-misuse.filepath-clean-misuse
plenti:CWE-74:postLocal:fix,plentico/plenti,CWE-74,TP_prata,ollama:qwen2.5-coder:7b,baseline,seguro,NAO_DETECTADO,Semgrep VN (silêncio correto),N/A,N/A (Semgrep nao detectou),6.31,Semgrep nao emitiu alerta para esta CWE (cobertura simbolica).,1,fallback,baseline:597fcfa9,a81b6f5ca3a4f70c2cdbca1436fd138ccc84976ee981aa1726e3dff9ae4e4311,0,0,0.00000000,ALERTA_OUTRA_CWE,go.lang.security.audit.net.use-tls.use-tls;go.lang.security.filepath-clean-misuse.filepath-clean-misuse
minio:CWE-269:verifyBinary:vuln,minio/minio,CWE-269,TP_prata,ollama:qwen2.5-coder:7b,baseline,vulneravel,NAO_DETECTADO,Semgrep FN (ponto cego simbólico),N/A,N/A (Semgrep nao detectou),6.36,Semgrep nao emitiu alerta para esta CWE (cobertura simbolica).,1,fallback,baseline:597fcfa9,a81b6f5ca3a4f70c2cdbca1436fd138ccc84976ee981aa1726e3dff9ae4e4311,0,0,0.00000000,ALERTA_OUTRA_CWE,go.lang.security.audit.crypto.missing-ssl-minversion.missing-ssl-minversion
minio:CWE-269:verifyBinary:fix,minio/minio,CWE-269,TP_prata,ollama:qwen2.5-coder:7b,baseline,seguro,NAO_DETECTADO,Semgrep VN (silêncio correto),N/A,N/A (Semgrep nao detectou),6.33,Semgrep nao emitiu alerta para esta CWE (cobertura simbolica).,1,fallback,baseline:597fcfa9,a81b6f5ca3a4f70c2cdbca1436fd138ccc84976ee981aa1726e3dff9ae4e4311,0,0,0.00000000,ALERTA_OUTRA_CWE,go.lang.security.audit.crypto.missing-ssl-minversion.missing-ssl-minversion
containerd:CWE-400:createStreams:vuln,containerd/containerd,CWE-400,TP_prata,ollama:qwen2.5-coder:7b,baseline,vulneravel,NAO_DETECTADO,Semgrep FN (ponto cego simbólico),N/A,N/A (Semgrep nao detectou),6.14,Semgrep nao emitiu alerta para esta CWE (cobertura simbolica).,1,fallback,baseline:597fcfa9,a81b6f5ca3a4f70c2cdbca1436fd138ccc84976ee981aa1726e3dff9ae4e4311,0,0,0.00000000,SEM_ALERTA,
containerd:CWE-400:createStreams:fix,containerd/containerd,CWE-400,TP_prata,ollama:qwen2.5-coder:7b,baseline,seguro,NAO_DETECTADO,Semgrep VN (silêncio correto),N/A,N/A (Semgrep nao detectou),6.04,Semgrep nao emitiu alerta para esta CWE (cobertura simbolica).,1,fallback,baseline:597fcfa9,a81b6f5ca3a4f70c2cdbca1436fd138ccc84976ee981aa1726e3dff9ae4e4311,0,0,0.00000000,SEM_ALERTA,
containerd:CWE-400:handleResizeEvents:vuln,containerd/containerd,CWE-400,TP_prata,ollama:qwen2.5-coder:7b,baseline,vulneravel,NAO_DETECTADO,Semgrep FN (ponto cego simbólico),N/A,N/A (Semgrep nao detectou),0.01,Semgrep nao emitiu alerta para esta CWE (cobertura simbolica).,1,fallback,baseline:597fcfa9,a81b6f5ca3a4f70c2cdbca1436fd138ccc84976ee981aa1726e3dff9ae4e4311,0,0,0.00000000,SEM_ALERTA,
containerd:CWE-400:handleResizeEvents:fix,containerd/containerd,CWE-400,TP_prata,ollama:qwen2.5-coder:7b,baseline,seguro,NAO_DETECTADO,Semgrep VN (silêncio correto),N/A,N/A (Semgrep nao detectou),0.01,Semgrep nao emitiu alerta para esta CWE (cobertura simbolica).,1,fallback,baseline:597fcfa9,a81b6f5ca3a4f70c2cdbca1436fd138ccc84976ee981aa1726e3dff9ae4e4311,0,0,0.00000000,SEM_ALERTA,
kubevirt:CWE-59:NewController:vuln,kubevirt/kubevirt,CWE-59,TP_prata,ollama:qwen2.5-coder:7b,baseline,vulneravel,NAO_DETECTADO,Semgrep FN (ponto cego simbólico),N/A,N/A (Semgrep nao detectou),6.54,Semgrep nao emitiu alerta para esta CWE (cobertura simbolica).,1,fallback,baseline:597fcfa9,a81b6f5ca3a4f70c2cdbca1436fd138ccc84976ee981aa1726e3dff9ae4e4311,0,0,0.00000000,SEM_ALERTA,
kubevirt:CWE-59:NewController:fix,kubevirt/kubevirt,CWE-59,TP_prata,ollama:qwen2.5-coder:7b,baseline,seguro,NAO_DETECTADO,Semgrep VN (silêncio correto),N/A,N/A (Semgrep nao detectou),6.69,Semgrep nao emitiu alerta para esta CWE (cobertura simbolica).,1,fallback,baseline:597fcfa9,a81b6f5ca3a4f70c2cdbca1436fd138ccc84976ee981aa1726e3dff9ae4e4311,0,0,0.00000000,SEM_ALERTA,
TPD:5e5c4b7d:CWE-200:true_positive,argoproj/argo-cd,CWE-200,TP_dataset,ollama:qwen2.5-coder:7b,baseline,vulneravel,NAO_DETECTADO,Semgrep FN (ponto cego simbólico),N/A,N/A (Semgrep nao detectou),6.14,Semgrep nao emitiu alerta para esta CWE (cobertura simbolica).,5,fallback,baseline:597fcfa9,a81b6f5ca3a4f70c2cdbca1436fd138ccc84976ee981aa1726e3dff9ae4e4311,0,0,0.00000000,SEM_ALERTA,
TPD:5e5c4b7d:CWE-200:true_positive#1,argoproj/argo-cd,CWE-200,TP_dataset,ollama:qwen2.5-coder:7b,baseline,vulneravel,NAO_DETECTADO,Semgrep FN (ponto cego simbólico),N/A,N/A (Semgrep nao detectou),6.22,Semgrep nao emitiu alerta para esta CWE (cobertura simbolica).,5,fallback,baseline:597fcfa9,a81b6f5ca3a4f70c2cdbca1436fd138ccc84976ee981aa1726e3dff9ae4e4311,0,0,0.00000000,SEM_ALERTA,
TPD:5e5c4b7d:CWE-200:true_positive#4,argoproj/argo-cd,CWE-200,TP_dataset,ollama:qwen2.5-coder:7b,baseline,vulneravel,NAO_DETECTADO,Semgrep FN (ponto cego simbólico),N/A,N/A (Semgrep nao detectou),6.01,Semgrep nao emitiu alerta para esta CWE (cobertura simbolica).,5,fallback,baseline:597fcfa9,a81b6f5ca3a4f70c2cdbca1436fd138ccc84976ee981aa1726e3dff9ae4e4311,0,0,0.00000000,SEM_ALERTA,
TPD:d78929e7:CWE-200:true_positive,argoproj/gitops-engine,CWE-200,TP_dataset,ollama:qwen2.5-coder:7b,baseline,vulneravel,NAO_DETECTADO,Semgrep FN (ponto cego simbólico),N/A,N/A (Semgrep nao detectou),0.01,Semgrep nao emitiu alerta para esta CWE (cobertura simbolica).,1,fallback,baseline:597fcfa9,a81b6f5ca3a4f70c2cdbca1436fd138ccc84976ee981aa1726e3dff9ae4e4311,0,0,0.00000000,SEM_ALERTA,
TPD:d78929e7:CWE-209:true_positive,argoproj/gitops-engine,CWE-209,TP_dataset,ollama:qwen2.5-coder:7b,baseline,vulneravel,NAO_DETECTADO,Semgrep FN (ponto cego simbólico),N/A,N/A (Semgrep nao detectou),6.19,Semgrep nao emitiu alerta para esta CWE (cobertura simbolica).,1,fallback,baseline:597fcfa9,a81b6f5ca3a4f70c2cdbca1436fd138ccc84976ee981aa1726e3dff9ae4e4311,0,0,0.00000000,SEM_ALERTA,
TPD:1f40a88b:CWE-79:true_positive,beego/beego,CWE-79,TP_dataset,ollama:qwen2.5-coder:7b,baseline,vulneravel,DETECTADO,Semgrep VP (detectou vuln real),FP,Falso Negativo (Falha Crítica),13.18,"O código não está utilizando a função 'template.HTML()' diretamente. Em vez disso, ele retorna um valor do tipo 'template.HTML' que é criado a partir de uma string chamada 'raw'. Como não há evidências de que esta string seja controlada pelo usuário, não há risco de injeção de código XSS.",1,especifica,baseline:597fcfa9,a81b6f5ca3a4f70c2cdbca1436fd138ccc84976ee981aa1726e3dff9ae4e4311,357,87,0.00000000,N/A,
TPD:33d71763:CWE-22:true_positive,ctfer-io/chall-manager,CWE-22,TP_dataset,ollama:qwen2.5-coder:7b,baseline,vulneravel,NAO_DETECTADO,Semgrep FN (ponto cego simbólico),N/A,N/A (Semgrep nao detectou),6.20,Semgrep nao emitiu alerta para esta CWE (cobertura simbolica).,2,fallback,baseline:597fcfa9,a81b6f5ca3a4f70c2cdbca1436fd138ccc84976ee981aa1726e3dff9ae4e4311,0,0,0.00000000,SEM_ALERTA,
TPD:3be55f59:CWE-405:true_positive,ctfer-io/chall-manager,CWE-405,TP_dataset,ollama:qwen2.5-coder:7b,baseline,vulneravel,NAO_DETECTADO,Semgrep FN (ponto cego simbólico),N/A,N/A (Semgrep nao detectou),5.98,Semgrep nao emitiu alerta para esta CWE (cobertura simbolica).,5,fallback,baseline:597fcfa9,a81b6f5ca3a4f70c2cdbca1436fd138ccc84976ee981aa1726e3dff9ae4e4311,0,0,0.00000000,SEM_ALERTA,
TPD:3be55f59:CWE-405:true_positive#3,ctfer-io/chall-manager,CWE-405,TP_dataset,ollama:qwen2.5-coder:7b,baseline,vulneravel,NAO_DETECTADO,Semgrep FN (ponto cego simbólico),N/A,N/A (Semgrep nao detectou),5.96,Semgrep nao emitiu alerta para esta CWE (cobertura simbolica).,5,fallback,baseline:597fcfa9,a81b6f5ca3a4f70c2cdbca1436fd138ccc84976ee981aa1726e3dff9ae4e4311,0,0,0.00000000,SEM_ALERTA,
TPD:4611d05d:CWE-78:true_positive#1,drakkan/sftpgo,CWE-78,TP_dataset,ollama:qwen2.5-coder:7b,baseline,vulneravel,NAO_DETECTADO,Semgrep FN (ponto cego simbólico),N/A,N/A (Semgrep nao detectou),6.31,Semgrep nao emitiu alerta para esta CWE (cobertura simbolica).,2,fallback,baseline:597fcfa9,a81b6f5ca3a4f70c2cdbca1436fd138ccc84976ee981aa1726e3dff9ae4e4311,0,0,0.00000000,ALERTA_OUTRA_CWE,go.lang.security.audit.crypto.use_of_weak_crypto.use-of-md5;go.lang.security.audit.crypto.use_of_weak_crypto.use-of-sha1;go.lang.security.audit.dangerous-exec-command.dangerous-exec-command
TPD:ff7c877f:CWE-290:true_positive,go-vela/server,CWE-290,TP_dataset,ollama:qwen2.5-coder:7b,baseline,vulneravel,NAO_DETECTADO,Semgrep FN (ponto cego simbólico),N/A,N/A (Semgrep nao detectou),0.00,Semgrep nao emitiu alerta para esta CWE (cobertura simbolica).,11,fallback,baseline:597fcfa9,a81b6f5ca3a4f70c2cdbca1436fd138ccc84976ee981aa1726e3dff9ae4e4311,0,0,0.00000000,SEM_ALERTA,
TPD:ff7c877f:CWE-290:true_positive#4,go-vela/server,CWE-290,TP_dataset,ollama:qwen2.5-coder:7b,baseline,vulneravel,NAO_DETECTADO,Semgrep FN (ponto cego simbólico),N/A,N/A (Semgrep nao detectou),6.20,Semgrep nao emitiu alerta para esta CWE (cobertura simbolica).,11,fallback,baseline:597fcfa9,a81b6f5ca3a4f70c2cdbca1436fd138ccc84976ee981aa1726e3dff9ae4e4311,0,0,0.00000000,ALERTA_OUTRA_CWE,trailofbits.go.invalid-usage-of-modified-variable.invalid-usage-of-modified-variable
TPD:ff7c877f:CWE-290:true_positive#8,go-vela/server,CWE-290,TP_dataset,ollama:qwen2.5-coder:7b,baseline,vulneravel,NAO_DETECTADO,Semgrep FN (ponto cego simbólico),N/A,N/A (Semgrep nao detectou),6.03,Semgrep nao emitiu alerta para esta CWE (cobertura simbolica).,11,fallback,baseline:597fcfa9,a81b6f5ca3a4f70c2cdbca1436fd138ccc84976ee981aa1726e3dff9ae4e4311,0,0,0.00000000,ALERTA_OUTRA_CWE,trailofbits.go.invalid-usage-of-modified-variable.invalid-usage-of-modified-variable
TPD:ff7c877f:CWE-290:true_positive#9,go-vela/server,CWE-290,TP_dataset,ollama:qwen2.5-coder:7b,baseline,vulneravel,NAO_DETECTADO,Semgrep FN (ponto cego simbólico),N/A,N/A (Semgrep nao detectou),5.99,Semgrep nao emitiu alerta para esta CWE (cobertura simbolica).,11,fallback,baseline:597fcfa9,a81b6f5ca3a4f70c2cdbca1436fd138ccc84976ee981aa1726e3dff9ae4e4311,0,0,0.00000000,SEM_ALERTA,
TPD:ff7c877f:CWE-290:true_positive#10,go-vela/server,CWE-290,TP_dataset,ollama:qwen2.5-coder:7b,baseline,vulneravel,NAO_DETECTADO,Semgrep FN (ponto cego simbólico),N/A,N/A (Semgrep nao detectou),6.35,Semgrep nao emitiu alerta para esta CWE (cobertura simbolica).,11,fallback,baseline:597fcfa9,a81b6f5ca3a4f70c2cdbca1436fd138ccc84976ee981aa1726e3dff9ae4e4311,0,0,0.00000000,SEM_ALERTA,
TPD:ff7c877f:CWE-345:true_positive,go-vela/server,CWE-345,TP_dataset,ollama:qwen2.5-coder:7b,baseline,vulneravel,NAO_DETECTADO,Semgrep FN (ponto cego simbólico),N/A,N/A (Semgrep nao detectou),5.88,Semgrep nao emitiu alerta para esta CWE (cobertura simbolica).,9,fallback,baseline:597fcfa9,a81b6f5ca3a4f70c2cdbca1436fd138ccc84976ee981aa1726e3dff9ae4e4311,0,0,0.00000000,SEM_ALERTA,
TPD:ff7c877f:CWE-345:true_positive#4,go-vela/server,CWE-345,TP_dataset,ollama:qwen2.5-coder:7b,baseline,vulneravel,NAO_DETECTADO,Semgrep FN (ponto cego simbólico),N/A,N/A (Semgrep nao detectou),6.16,Semgrep nao emitiu alerta para esta CWE (cobertura simbolica).,9,fallback,baseline:597fcfa9,a81b6f5ca3a4f70c2cdbca1436fd138ccc84976ee981aa1726e3dff9ae4e4311,0,0,0.00000000,ALERTA_OUTRA_CWE,trailofbits.go.invalid-usage-of-modified-variable.invalid-usage-of-modified-variable
TPD:ff7c877f:CWE-345:true_positive#8,go-vela/server,CWE-345,TP_dataset,ollama:qwen2.5-coder:7b,baseline,vulneravel,NAO_DETECTADO,Semgrep FN (ponto cego simbólico),N/A,N/A (Semgrep nao detectou),6.29,Semgrep nao emitiu alerta para esta CWE (cobertura simbolica).,9,fallback,baseline:597fcfa9,a81b6f5ca3a4f70c2cdbca1436fd138ccc84976ee981aa1726e3dff9ae4e4311,0,0,0.00000000,ALERTA_OUTRA_CWE,trailofbits.go.invalid-usage-of-modified-variable.invalid-usage-of-modified-variable
TPD:be0de1ab:CWE-22:true_positive,harness/harness,CWE-22,TP_dataset,ollama:qwen2.5-coder:7b,baseline,vulneravel,NAO_DETECTADO,Semgrep FN (ponto cego simbólico),N/A,N/A (Semgrep nao detectou),7.10,Semgrep nao emitiu alerta para esta CWE (cobertura simbolica).,1,fallback,baseline:597fcfa9,a81b6f5ca3a4f70c2cdbca1436fd138ccc84976ee981aa1726e3dff9ae4e4311,0,0,0.00000000,SEM_ALERTA,
TPD:be0de1ab:CWE-73:true_positive,harness/harness,CWE-73,TP_dataset,ollama:qwen2.5-coder:7b,baseline,vulneravel,NAO_DETECTADO,Semgrep FN (ponto cego simbólico),N/A,N/A (Semgrep nao detectou),5.98,Semgrep nao emitiu alerta para esta CWE (cobertura simbolica).,1,fallback,baseline:597fcfa9,a81b6f5ca3a4f70c2cdbca1436fd138ccc84976ee981aa1726e3dff9ae4e4311,0,0,0.00000000,SEM_ALERTA,
TPD:e5c9c1fe:CWE-352:true_positive,justinas/nosurf,CWE-352,TP_dataset,ollama:qwen2.5-coder:7b,baseline,vulneravel,NAO_DETECTADO,Semgrep FN (ponto cego simbólico),N/A,N/A (Semgrep nao detectou),0.01,Semgrep nao emitiu alerta para esta CWE (cobertura simbolica).,6,especifica,baseline:597fcfa9,a81b6f5ca3a4f70c2cdbca1436fd138ccc84976ee981aa1726e3dff9ae4e4311,0,0,0.00000000,ALERTA_OUTRA_CWE,go.lang.security.audit.net.cookie-missing-httponly.cookie-missing-httponly;go.lang.security.audit.net.cookie-missing-secure.cookie-missing-secure
TPD:53d08d80:CWE-20:true_positive,kyverno/kyverno,CWE-20,TP_dataset,ollama:qwen2.5-coder:7b,baseline,vulneravel,NAO_DETECTADO,Semgrep FN (ponto cego simbólico),N/A,N/A (Semgrep nao detectou),6.01,Semgrep nao emitiu alerta para esta CWE (cobertura simbolica).,1,fallback,baseline:597fcfa9,a81b6f5ca3a4f70c2cdbca1436fd138ccc84976ee981aa1726e3dff9ae4e4311,0,0,0.00000000,SEM_ALERTA,
TPD:53d08d80:CWE-248:true_positive,kyverno/kyverno,CWE-248,TP_dataset,ollama:qwen2.5-coder:7b,baseline,vulneravel,NAO_DETECTADO,Semgrep FN (ponto cego simbólico),N/A,N/A (Semgrep nao detectou),6.08,Semgrep nao emitiu alerta para esta CWE (cobertura simbolica).,1,fallback,baseline:597fcfa9,a81b6f5ca3a4f70c2cdbca1436fd138ccc84976ee981aa1726e3dff9ae4e4311,0,0,0.00000000,SEM_ALERTA,
TPD:5f42a0ba:CWE-285:true_positive,kyverno/kyverno,CWE-285,TP_dataset,ollama:qwen2.5-coder:7b,baseline,vulneravel,NAO_DETECTADO,Semgrep FN (ponto cego simbólico),N/A,N/A (Semgrep nao detectou),6.23,Semgrep nao emitiu alerta para esta CWE (cobertura simbolica).,1,fallback,baseline:597fcfa9,a81b6f5ca3a4f70c2cdbca1436fd138ccc84976ee981aa1726e3dff9ae4e4311,0,0,0.00000000,SEM_ALERTA,
TPD:c2b310d3:CWE-863:true_positive,lxc/incus,CWE-863,TP_dataset,ollama:qwen2.5-coder:7b,baseline,vulneravel,NAO_DETECTADO,Semgrep FN (ponto cego simbólico),N/A,N/A (Semgrep nao detectou),6.03,Semgrep nao emitiu alerta para esta CWE (cobertura simbolica).,1,fallback,baseline:597fcfa9,a81b6f5ca3a4f70c2cdbca1436fd138ccc84976ee981aa1726e3dff9ae4e4311,0,0,0.00000000,ALERTA_OUTRA_CWE,go.lang.security.audit.xss.import-text-template.import-text-template
TPD:d137a063:CWE-770:true_positive,lxc/incus,CWE-770,TP_dataset,ollama:qwen2.5-coder:7b,baseline,vulneravel,NAO_DETECTADO,Semgrep FN (ponto cego simbólico),N/A,N/A (Semgrep nao detectou),7.55,Semgrep nao emitiu alerta para esta CWE (cobertura simbolica).,5,fallback,baseline:597fcfa9,a81b6f5ca3a4f70c2cdbca1436fd138ccc84976ee981aa1726e3dff9ae4e4311,0,0,0.00000000,ALERTA_OUTRA_CWE,go.lang.security.audit.xss.import-text-template.import-text-template
TPD:d137a063:CWE-770:true_positive#1,lxc/incus,CWE-770,TP_dataset,ollama:qwen2.5-coder:7b,baseline,vulneravel,NAO_DETECTADO,Semgrep FN (ponto cego simbólico),N/A,N/A (Semgrep nao detectou),6.24,Semgrep nao emitiu alerta para esta CWE (cobertura simbolica).,5,fallback,baseline:597fcfa9,a81b6f5ca3a4f70c2cdbca1436fd138ccc84976ee981aa1726e3dff9ae4e4311,0,0,0.00000000,ALERTA_OUTRA_CWE,go.lang.security.audit.dangerous-exec-command.dangerous-exec-command
TPD:d137a063:CWE-770:true_positive#2,lxc/incus,CWE-770,TP_dataset,ollama:qwen2.5-coder:7b,baseline,vulneravel,NAO_DETECTADO,Semgrep FN (ponto cego simbólico),N/A,N/A (Semgrep nao detectou),8.32,Semgrep nao emitiu alerta para esta CWE (cobertura simbolica).,5,fallback,baseline:597fcfa9,a81b6f5ca3a4f70c2cdbca1436fd138ccc84976ee981aa1726e3dff9ae4e4311,0,0,0.00000000,ALERTA_OUTRA_CWE,go.lang.security.audit.crypto.math_random.math-random-used
TPD:d137a063:CWE-770:true_positive#3,lxc/incus,CWE-770,TP_dataset,ollama:qwen2.5-coder:7b,baseline,vulneravel,NAO_DETECTADO,Semgrep FN (ponto cego simbólico),N/A,N/A (Semgrep nao detectou),6.05,Semgrep nao emitiu alerta para esta CWE (cobertura simbolica).,5,fallback,baseline:597fcfa9,a81b6f5ca3a4f70c2cdbca1436fd138ccc84976ee981aa1726e3dff9ae4e4311,0,0,0.00000000,ALERTA_OUTRA_CWE,go.lang.security.audit.xss.import-text-template.import-text-template
TPD:d137a063:CWE-770:true_positive#4,lxc/incus,CWE-770,TP_dataset,ollama:qwen2.5-coder:7b,baseline,vulneravel,NAO_DETECTADO,Semgrep FN (ponto cego simbólico),N/A,N/A (Semgrep nao detectou),6.18,Semgrep nao emitiu alerta para esta CWE (cobertura simbolica).,5,fallback,baseline:597fcfa9,a81b6f5ca3a4f70c2cdbca1436fd138ccc84976ee981aa1726e3dff9ae4e4311,0,0,0.00000000,SEM_ALERTA,
TPD:175964b1:CWE-89:true_positive,navidrome/navidrome,CWE-89,TP_dataset,ollama:qwen2.5-coder:7b,baseline,vulneravel,NAO_DETECTADO,Semgrep FN (ponto cego simbólico),N/A,N/A (Semgrep nao detectou),6.00,Semgrep nao emitiu alerta para esta CWE (cobertura simbolica).,1,fallback,baseline:597fcfa9,a81b6f5ca3a4f70c2cdbca1436fd138ccc84976ee981aa1726e3dff9ae4e4311,0,0,0.00000000,SEM_ALERTA,
TPD:83ef736c:CWE-77:true_positive,nrkno/terraform-provider-windns,CWE-77,TP_dataset,ollama:qwen2.5-coder:7b,baseline,vulneravel,NAO_DETECTADO,Semgrep FN (ponto cego simbólico),N/A,N/A (Semgrep nao detectou),0.00,Semgrep nao emitiu alerta para esta CWE (cobertura simbolica).,10,fallback,baseline:597fcfa9,a81b6f5ca3a4f70c2cdbca1436fd138ccc84976ee981aa1726e3dff9ae4e4311,0,0,0.00000000,SEM_ALERTA,
TPD:83ef736c:CWE-77:true_positive#4,nrkno/terraform-provider-windns,CWE-77,TP_dataset,ollama:qwen2.5-coder:7b,baseline,vulneravel,NAO_DETECTADO,Semgrep FN (ponto cego simbólico),N/A,N/A (Semgrep nao detectou),5.90,Semgrep nao emitiu alerta para esta CWE (cobertura simbolica).,10,fallback,baseline:597fcfa9,a81b6f5ca3a4f70c2cdbca1436fd138ccc84976ee981aa1726e3dff9ae4e4311,0,0,0.00000000,SEM_ALERTA,
TPD:83ef736c:CWE-77:true_positive#6,nrkno/terraform-provider-windns,CWE-77,TP_dataset,ollama:qwen2.5-coder:7b,baseline,vulneravel,NAO_DETECTADO,Semgrep FN (ponto cego simbólico),N/A,N/A (Semgrep nao detectou),0.00,Semgrep nao emitiu alerta para esta CWE (cobertura simbolica).,10,fallback,baseline:597fcfa9,a81b6f5ca3a4f70c2cdbca1436fd138ccc84976ee981aa1726e3dff9ae4e4311,0,0,0.00000000,SEM_ALERTA,
TPD:f4b33b64:CWE-290:true_positive,oauth2-proxy/oauth2-proxy,CWE-290,TP_dataset,ollama:qwen2.5-coder:7b,baseline,vulneravel,NAO_DETECTADO,Semgrep FN (ponto cego simbólico),N/A,N/A (Semgrep nao detectou),6.38,Semgrep nao emitiu alerta para esta CWE (cobertura simbolica).,3,fallback,baseline:597fcfa9,a81b6f5ca3a4f70c2cdbca1436fd138ccc84976ee981aa1726e3dff9ae4e4311,0,0,0.00000000,ALERTA_OUTRA_CWE,go.lang.security.injection.open-redirect.open-redirect
TPD:b3976e39:CWE-918:true_positive,octo-sts/app,CWE-918,TP_dataset,ollama:qwen2.5-coder:7b,baseline,vulneravel,NAO_DETECTADO,Semgrep FN (ponto cego simbólico),N/A,N/A (Semgrep nao detectou),0.01,Semgrep nao emitiu alerta para esta CWE (cobertura simbolica).,1,fallback,baseline:597fcfa9,a81b6f5ca3a4f70c2cdbca1436fd138ccc84976ee981aa1726e3dff9ae4e4311,0,0,0.00000000,SEM_ALERTA,
TPD:5693c58a:CWE-1284:true_positive,osrg/gobgp,CWE-1284,TP_dataset,ollama:qwen2.5-coder:7b,baseline,vulneravel,NAO_DETECTADO,Semgrep FN (ponto cego simbólico),N/A,N/A (Semgrep nao detectou),10.85,Semgrep nao emitiu alerta para esta CWE (cobertura simbolica).,1,fallback,baseline:597fcfa9,a81b6f5ca3a4f70c2cdbca1436fd138ccc84976ee981aa1726e3dff9ae4e4311,0,0,0.00000000,ALERTA_OUTRA_CWE,trailofbits.go.string-to-int-signedness-cast.string-to-int-signedness-cast
TPD:56e6b104:CWE-1284:true_positive,osrg/gobgp,CWE-1284,TP_dataset,ollama:qwen2.5-coder:7b,baseline,vulneravel,NAO_DETECTADO,Semgrep FN (ponto cego simbólico),N/A,N/A (Semgrep nao detectou),6.18,Semgrep nao emitiu alerta para esta CWE (cobertura simbolica).,1,fallback,baseline:597fcfa9,a81b6f5ca3a4f70c2cdbca1436fd138ccc84976ee981aa1726e3dff9ae4e4311,0,0,0.00000000,SEM_ALERTA,
TPD:ca7383f4:CWE-193:true_positive,osrg/gobgp,CWE-193,TP_dataset,ollama:qwen2.5-coder:7b,baseline,vulneravel,NAO_DETECTADO,Semgrep FN (ponto cego simbólico),N/A,N/A (Semgrep nao detectou),9.88,Semgrep nao emitiu alerta para esta CWE (cobertura simbolica).,1,fallback,baseline:597fcfa9,a81b6f5ca3a4f70c2cdbca1436fd138ccc84976ee981aa1726e3dff9ae4e4311,0,0,0.00000000,ALERTA_OUTRA_CWE,trailofbits.go.string-to-int-signedness-cast.string-to-int-signedness-cast
TPD:defe9ac1:CWE-119:true_positive,osrg/gobgp,CWE-119,TP_dataset,ollama:qwen2.5-coder:7b,baseline,vulneravel,NAO_DETECTADO,Semgrep FN (ponto cego simbólico),N/A,N/A (Semgrep nao detectou),0.01,Semgrep nao emitiu alerta para esta CWE (cobertura simbolica).,2,fallback,baseline:597fcfa9,a81b6f5ca3a4f70c2cdbca1436fd138ccc84976ee981aa1726e3dff9ae4e4311,0,0,0.00000000,SEM_ALERTA,
TPD:defe9ac1:CWE-125:true_positive,osrg/gobgp,CWE-125,TP_dataset,ollama:qwen2.5-coder:7b,baseline,vulneravel,NAO_DETECTADO,Semgrep FN (ponto cego simbólico),N/A,N/A (Semgrep nao detectou),6.06,Semgrep nao emitiu alerta para esta CWE (cobertura simbolica).,2,fallback,baseline:597fcfa9,a81b6f5ca3a4f70c2cdbca1436fd138ccc84976ee981aa1726e3dff9ae4e4311,0,0,0.00000000,SEM_ALERTA,
TPD:cd1cbfd3:CWE-284:true_positive,patrickhener/goshs,CWE-284,TP_dataset,ollama:qwen2.5-coder:7b,baseline,vulneravel,NAO_DETECTADO,Semgrep FN (ponto cego simbólico),N/A,N/A (Semgrep nao detectou),6.09,Semgrep nao emitiu alerta para esta CWE (cobertura simbolica).,3,fallback,baseline:597fcfa9,a81b6f5ca3a4f70c2cdbca1436fd138ccc84976ee981aa1726e3dff9ae4e4311,0,0,0.00000000,SEM_ALERTA,
TPD:cd1cbfd3:CWE-284:true_positive#1,patrickhener/goshs,CWE-284,TP_dataset,ollama:qwen2.5-coder:7b,baseline,vulneravel,NAO_DETECTADO,Semgrep FN (ponto cego simbólico),N/A,N/A (Semgrep nao detectou),5.99,Semgrep nao emitiu alerta para esta CWE (cobertura simbolica).,3,fallback,baseline:597fcfa9,a81b6f5ca3a4f70c2cdbca1436fd138ccc84976ee981aa1726e3dff9ae4e4311,0,0,0.00000000,SEM_ALERTA,
TPD:cd1cbfd3:CWE-284:true_positive#2,patrickhener/goshs,CWE-284,TP_dataset,ollama:qwen2.5-coder:7b,baseline,vulneravel,NAO_DETECTADO,Semgrep FN (ponto cego simbólico),N/A,N/A (Semgrep nao detectou),6.08,Semgrep nao emitiu alerta para esta CWE (cobertura simbolica).,3,fallback,baseline:597fcfa9,a81b6f5ca3a4f70c2cdbca1436fd138ccc84976ee981aa1726e3dff9ae4e4311,0,0,0.00000000,SEM_ALERTA,
TPD:cd1cbfd3:CWE-77:true_positive,patrickhener/goshs,CWE-77,TP_dataset,ollama:qwen2.5-coder:7b,baseline,vulneravel,NAO_DETECTADO,Semgrep FN (ponto cego simbólico),N/A,N/A (Semgrep nao detectou),6.98,Semgrep nao emitiu alerta para esta CWE (cobertura simbolica).,3,fallback,baseline:597fcfa9,a81b6f5ca3a4f70c2cdbca1436fd138ccc84976ee981aa1726e3dff9ae4e4311,0,0,0.00000000,SEM_ALERTA,
TPD:cd1cbfd3:CWE-77:true_positive#1,patrickhener/goshs,CWE-77,TP_dataset,ollama:qwen2.5-coder:7b,baseline,vulneravel,NAO_DETECTADO,Semgrep FN (ponto cego simbólico),N/A,N/A (Semgrep nao detectou),7.53,Semgrep nao emitiu alerta para esta CWE (cobertura simbolica).,3,fallback,baseline:597fcfa9,a81b6f5ca3a4f70c2cdbca1436fd138ccc84976ee981aa1726e3dff9ae4e4311,0,0,0.00000000,SEM_ALERTA,
TPD:cd1cbfd3:CWE-77:true_positive#2,patrickhener/goshs,CWE-77,TP_dataset,ollama:qwen2.5-coder:7b,baseline,vulneravel,NAO_DETECTADO,Semgrep FN (ponto cego simbólico),N/A,N/A (Semgrep nao detectou),6.05,Semgrep nao emitiu alerta para esta CWE (cobertura simbolica).,3,fallback,baseline:597fcfa9,a81b6f5ca3a4f70c2cdbca1436fd138ccc84976ee981aa1726e3dff9ae4e4311,0,0,0.00000000,SEM_ALERTA,
TPD:731afbee:CWE-200:true_positive,portainer/portainer,CWE-200,TP_dataset,ollama:qwen2.5-coder:7b,baseline,vulneravel,NAO_DETECTADO,Semgrep FN (ponto cego simbólico),N/A,N/A (Semgrep nao detectou),6.03,Semgrep nao emitiu alerta para esta CWE (cobertura simbolica).,6,fallback,baseline:597fcfa9,a81b6f5ca3a4f70c2cdbca1436fd138ccc84976ee981aa1726e3dff9ae4e4311,0,0,0.00000000,ALERTA_OUTRA_CWE,go.lang.security.reverseproxy-director.reverseproxy-director
TPD:af4a46b3:CWE-532:true_positive,project-zot/zot,CWE-532,TP_dataset,ollama:qwen2.5-coder:7b,baseline,vulneravel,NAO_DETECTADO,Semgrep FN (ponto cego simbólico),N/A,N/A (Semgrep nao detectou),0.01,Semgrep nao emitiu alerta para esta CWE (cobertura simbolica).,1,fallback,baseline:597fcfa9,a81b6f5ca3a4f70c2cdbca1436fd138ccc84976ee981aa1726e3dff9ae4e4311,0,0,0.00000000,SEM_ALERTA,
TPD:fba695ad:CWE-269:true_positive,project-zot/zot,CWE-269,TP_dataset,ollama:qwen2.5-coder:7b,baseline,vulneravel,NAO_DETECTADO,Semgrep FN (ponto cego simbólico),N/A,N/A (Semgrep nao detectou),6.22,Semgrep nao emitiu alerta para esta CWE (cobertura simbolica).,3,fallback,baseline:597fcfa9,a81b6f5ca3a4f70c2cdbca1436fd138ccc84976ee981aa1726e3dff9ae4e4311,0,0,0.00000000,SEM_ALERTA,
TPD:fba695ad:CWE-269:true_positive#2,project-zot/zot,CWE-269,TP_dataset,ollama:qwen2.5-coder:7b,baseline,vulneravel,NAO_DETECTADO,Semgrep FN (ponto cego simbólico),N/A,N/A (Semgrep nao detectou),6.08,Semgrep nao emitiu alerta para esta CWE (cobertura simbolica).,3,fallback,baseline:597fcfa9,a81b6f5ca3a4f70c2cdbca1436fd138ccc84976ee981aa1726e3dff9ae4e4311,0,0,0.00000000,SEM_ALERTA,
TPD:d726a795:CWE-248:true_positive,quic-go/quic-go,CWE-248,TP_dataset,ollama:qwen2.5-coder:7b,baseline,vulneravel,NAO_DETECTADO,Semgrep FN (ponto cego simbólico),N/A,N/A (Semgrep nao detectou),0.00,Semgrep nao emitiu alerta para esta CWE (cobertura simbolica).,2,fallback,baseline:597fcfa9,a81b6f5ca3a4f70c2cdbca1436fd138ccc84976ee981aa1726e3dff9ae4e4311,0,0,0.00000000,SEM_ALERTA,
TPD:98819ca4:CWE-459:true_positive,siyuan-note/siyuan,CWE-459,TP_dataset,ollama:qwen2.5-coder:7b,baseline,vulneravel,NAO_DETECTADO,Semgrep FN (ponto cego simbólico),N/A,N/A (Semgrep nao detectou),0.01,Semgrep nao emitiu alerta para esta CWE (cobertura simbolica).,1,fallback,baseline:597fcfa9,a81b6f5ca3a4f70c2cdbca1436fd138ccc84976ee981aa1726e3dff9ae4e4311,0,0,0.00000000,SEM_ALERTA,
TPD:98819ca4:CWE-552:true_positive,siyuan-note/siyuan,CWE-552,TP_dataset,ollama:qwen2.5-coder:7b,baseline,vulneravel,NAO_DETECTADO,Semgrep FN (ponto cego simbólico),N/A,N/A (Semgrep nao detectou),6.15,Semgrep nao emitiu alerta para esta CWE (cobertura simbolica).,1,fallback,baseline:597fcfa9,a81b6f5ca3a4f70c2cdbca1436fd138ccc84976ee981aa1726e3dff9ae4e4311,0,0,0.00000000,SEM_ALERTA,
TPD:b311a5c9:CWE-862:true_positive,sysadminsmedia/homebox,CWE-862,TP_dataset,ollama:qwen2.5-coder:7b,baseline,vulneravel,NAO_DETECTADO,Semgrep FN (ponto cego simbólico),N/A,N/A (Semgrep nao detectou),7.51,Semgrep nao emitiu alerta para esta CWE (cobertura simbolica).,8,fallback,baseline:597fcfa9,a81b6f5ca3a4f70c2cdbca1436fd138ccc84976ee981aa1726e3dff9ae4e4311,0,0,0.00000000,ALERTA_OUTRA_CWE,go.lang.security.audit.crypto.use_of_weak_crypto.use-of-md5
TPD:b311a5c9:CWE-862:true_positive#4,sysadminsmedia/homebox,CWE-862,TP_dataset,ollama:qwen2.5-coder:7b,baseline,vulneravel,NAO_DETECTADO,Semgrep FN (ponto cego simbólico),N/A,N/A (Semgrep nao detectou),6.18,Semgrep nao emitiu alerta para esta CWE (cobertura simbolica).,8,fallback,baseline:597fcfa9,a81b6f5ca3a4f70c2cdbca1436fd138ccc84976ee981aa1726e3dff9ae4e4311,0,0,0.00000000,SEM_ALERTA,
TPD:b311a5c9:CWE-862:true_positive#7,sysadminsmedia/homebox,CWE-862,TP_dataset,ollama:qwen2.5-coder:7b,baseline,vulneravel,NAO_DETECTADO,Semgrep FN (ponto cego simbólico),N/A,N/A (Semgrep nao detectou),7.20,Semgrep nao emitiu alerta para esta CWE (cobertura simbolica).,8,fallback,baseline:597fcfa9,a81b6f5ca3a4f70c2cdbca1436fd138ccc84976ee981aa1726e3dff9ae4e4311,0,0,0.00000000,SEM_ALERTA,
